"Observation","SourceFile","NoiseCondition","VOA_dB","Split"
1,"baseline_no_signal_no_added_fibre_full_sweep.csv","Baseline",10,"Train"
2,"baseline_no_signal_no_added_fibre_full_sweep.csv","Baseline",10,"Test"
3,"baseline_no_signal_no_added_fibre_full_sweep.csv","Baseline",10,"Test"
4,"baseline_no_signal_no_added_fibre_full_sweep.csv","Baseline",10,"Test"
5,"baseline_no_signal_no_added_fibre_full_sweep.csv","Baseline",10,"Train"
6,"baseline_no_signal_no_added_fibre_full_sweep.csv","Baseline",10,"Train"
7,"baseline_no_signal_no_added_fibre_full_sweep.csv","Baseline",10,"Train"
8,"baseline_no_signal_no_added_fibre_full_sweep.csv","Baseline",10,"Train"
9,"baseline_no_signal_no_added_fibre_full_sweep.csv","Baseline",10,"Train"
10,"baseline_no_signal_no_added_fibre_full_sweep.csv","Baseline",10,"Train"
11,"baseline_no_signal_no_added_fibre_full_sweep.csv","Baseline",10,"Train"
12,"baseline_no_signal_no_added_fibre_full_sweep.csv","Baseline",10,"Train"
13,"baseline_no_signal_no_added_fibre_full_sweep.csv","Baseline",10,"Train"
14,"baseline_no_signal_no_added_fibre_full_sweep.csv","Baseline",10,"Train"
15,"baseline_no_signal_no_added_fibre_full_sweep.csv","Baseline",10,"Train"
16,"baseline_no_signal_no_added_fibre_full_sweep.csv","Baseline",10,"Train"
17,"baseline_no_signal_no_added_fibre_full_sweep.csv","Baseline",10,"Test"
18,"baseline_no_signal_no_added_fibre_full_sweep.csv","Baseline",10,"Train"
19,"baseline_no_signal_no_added_fibre_full_sweep.csv","Baseline",10,"Train"
20,"baseline_no_signal_no_added_fibre_full_sweep.csv","Baseline",10,"Train"
21,"baseline_no_signal_no_added_fibre_full_sweep.csv","Baseline",10,"Train"
22,"baseline_no_signal_no_added_fibre_full_sweep.csv","Baseline",10,"Train"
23,"baseline_no_signal_no_added_fibre_full_sweep.csv","Baseline",10,"Train"
24,"baseline_no_signal_no_added_fibre_full_sweep.csv","Baseline",10,"Train"
25,"baseline_no_signal_no_added_fibre_full_sweep.csv","Baseline",10,"Train"
26,"baseline_no_signal_no_added_fibre_full_sweep.csv","Baseline",10,"Train"
27,"baseline_no_signal_no_added_fibre_full_sweep.csv","Baseline",10,"Train"
28,"baseline_no_signal_no_added_fibre_full_sweep.csv","Baseline",10,"Train"
29,"baseline_no_signal_no_added_fibre_full_sweep.csv","Baseline",10,"Train"
30,"baseline_no_signal_no_added_fibre_full_sweep.csv","Baseline",10,"Test"
31,"baseline_no_signal_no_added_fibre_full_sweep.csv","Baseline",10,"Train"
32,"baseline_no_signal_no_added_fibre_full_sweep.csv","Baseline",10,"Train"
33,"baseline_no_signal_no_added_fibre_full_sweep.csv","Baseline",10,"Train"
34,"baseline_no_signal_no_added_fibre_full_sweep.csv","Baseline",10,"Train"
35,"baseline_no_signal_no_added_fibre_full_sweep.csv","Baseline",10,"Train"
36,"baseline_no_signal_no_added_fibre_full_sweep.csv","Baseline",10,"Train"
37,"baseline_no_signal_no_added_fibre_full_sweep.csv","Baseline",10,"Test"
38,"baseline_no_signal_no_added_fibre_full_sweep.csv","Baseline",10,"Train"
39,"baseline_no_signal_no_added_fibre_full_sweep.csv","Baseline",10,"Train"
40,"baseline_no_signal_no_added_fibre_full_sweep.csv","Baseline",10,"Train"
41,"baseline_no_signal_no_added_fibre_full_sweep.csv","Baseline",10,"Test"
42,"baseline_no_signal_no_added_fibre_full_sweep.csv","Baseline",10,"Train"
43,"baseline_no_signal_no_added_fibre_full_sweep.csv","Baseline",10,"Train"
44,"baseline_no_signal_no_added_fibre_full_sweep.csv","Baseline",10,"Test"
45,"baseline_no_signal_no_added_fibre_full_sweep.csv","Baseline",10,"Train"
46,"baseline_no_signal_no_added_fibre_full_sweep.csv","Baseline",10,"Train"
47,"baseline_no_signal_no_added_fibre_full_sweep.csv","Baseline",10,"Train"
48,"baseline_no_signal_no_added_fibre_full_sweep.csv","Baseline",10,"Train"
49,"baseline_no_signal_no_added_fibre_full_sweep.csv","Baseline",10,"Test"
50,"baseline_no_signal_no_added_fibre_full_sweep.csv","Baseline",10,"Train"
51,"baseline_no_signal_no_added_fibre_full_sweep.csv","Baseline",10,"Train"
52,"baseline_no_signal_no_added_fibre_full_sweep.csv","Baseline",10,"Train"
53,"baseline_no_signal_no_added_fibre_full_sweep.csv","Baseline",10,"Train"
54,"baseline_no_signal_no_added_fibre_full_sweep.csv","Baseline",10,"Test"
55,"baseline_no_signal_no_added_fibre_full_sweep.csv","Baseline",10,"Train"
56,"baseline_no_signal_no_added_fibre_full_sweep.csv","Baseline",10,"Train"
57,"baseline_no_signal_no_added_fibre_full_sweep.csv","Baseline",10,"Train"
58,"baseline_no_signal_no_added_fibre_full_sweep.csv","Baseline",10,"Train"
59,"baseline_no_signal_no_added_fibre_full_sweep.csv","Baseline",10,"Train"
60,"baseline_no_signal_no_added_fibre_full_sweep.csv","Baseline",10,"Train"
61,"baseline_no_signal_no_added_fibre_full_sweep.csv","Baseline",10,"Train"
62,"baseline_no_signal_no_added_fibre_full_sweep.csv","Baseline",15,"Train"
63,"baseline_no_signal_no_added_fibre_full_sweep.csv","Baseline",15,"Train"
64,"baseline_no_signal_no_added_fibre_full_sweep.csv","Baseline",15,"Train"
65,"baseline_no_signal_no_added_fibre_full_sweep.csv","Baseline",15,"Test"
66,"baseline_no_signal_no_added_fibre_full_sweep.csv","Baseline",15,"Train"
67,"baseline_no_signal_no_added_fibre_full_sweep.csv","Baseline",15,"Train"
68,"baseline_no_signal_no_added_fibre_full_sweep.csv","Baseline",15,"Train"
69,"baseline_no_signal_no_added_fibre_full_sweep.csv","Baseline",15,"Train"
70,"baseline_no_signal_no_added_fibre_full_sweep.csv","Baseline",15,"Train"
71,"baseline_no_signal_no_added_fibre_full_sweep.csv","Baseline",15,"Train"
72,"baseline_no_signal_no_added_fibre_full_sweep.csv","Baseline",15,"Test"
73,"baseline_no_signal_no_added_fibre_full_sweep.csv","Baseline",15,"Test"
74,"baseline_no_signal_no_added_fibre_full_sweep.csv","Baseline",15,"Test"
75,"baseline_no_signal_no_added_fibre_full_sweep.csv","Baseline",15,"Test"
76,"baseline_no_signal_no_added_fibre_full_sweep.csv","Baseline",15,"Train"
77,"baseline_no_signal_no_added_fibre_full_sweep.csv","Baseline",15,"Train"
78,"baseline_no_signal_no_added_fibre_full_sweep.csv","Baseline",15,"Train"
79,"baseline_no_signal_no_added_fibre_full_sweep.csv","Baseline",15,"Train"
80,"baseline_no_signal_no_added_fibre_full_sweep.csv","Baseline",15,"Train"
81,"baseline_no_signal_no_added_fibre_full_sweep.csv","Baseline",15,"Test"
82,"baseline_no_signal_no_added_fibre_full_sweep.csv","Baseline",15,"Train"
83,"baseline_no_signal_no_added_fibre_full_sweep.csv","Baseline",15,"Train"
84,"baseline_no_signal_no_added_fibre_full_sweep.csv","Baseline",15,"Test"
85,"baseline_no_signal_no_added_fibre_full_sweep.csv","Baseline",15,"Train"
86,"baseline_no_signal_no_added_fibre_full_sweep.csv","Baseline",15,"Train"
87,"baseline_no_signal_no_added_fibre_full_sweep.csv","Baseline",15,"Test"
88,"baseline_no_signal_no_added_fibre_full_sweep.csv","Baseline",15,"Train"
89,"baseline_no_signal_no_added_fibre_full_sweep.csv","Baseline",15,"Train"
90,"baseline_no_signal_no_added_fibre_full_sweep.csv","Baseline",15,"Train"
91,"baseline_no_signal_no_added_fibre_full_sweep.csv","Baseline",15,"Train"
92,"baseline_no_signal_no_added_fibre_full_sweep.csv","Baseline",15,"Train"
93,"baseline_no_signal_no_added_fibre_full_sweep.csv","Baseline",15,"Train"
94,"baseline_no_signal_no_added_fibre_full_sweep.csv","Baseline",15,"Test"
95,"baseline_no_signal_no_added_fibre_full_sweep.csv","Baseline",15,"Test"
96,"baseline_no_signal_no_added_fibre_full_sweep.csv","Baseline",15,"Train"
97,"baseline_no_signal_no_added_fibre_full_sweep.csv","Baseline",15,"Train"
98,"baseline_no_signal_no_added_fibre_full_sweep.csv","Baseline",15,"Test"
99,"baseline_no_signal_no_added_fibre_full_sweep.csv","Baseline",15,"Train"
100,"baseline_no_signal_no_added_fibre_full_sweep.csv","Baseline",15,"Train"
101,"baseline_no_signal_no_added_fibre_full_sweep.csv","Baseline",15,"Train"
102,"baseline_no_signal_no_added_fibre_full_sweep.csv","Baseline",15,"Train"
103,"baseline_no_signal_no_added_fibre_full_sweep.csv","Baseline",15,"Test"
104,"baseline_no_signal_no_added_fibre_full_sweep.csv","Baseline",15,"Train"
105,"baseline_no_signal_no_added_fibre_full_sweep.csv","Baseline",15,"Train"
106,"baseline_no_signal_no_added_fibre_full_sweep.csv","Baseline",15,"Train"
107,"baseline_no_signal_no_added_fibre_full_sweep.csv","Baseline",15,"Train"
108,"baseline_no_signal_no_added_fibre_full_sweep.csv","Baseline",15,"Train"
109,"baseline_no_signal_no_added_fibre_full_sweep.csv","Baseline",15,"Train"
110,"baseline_no_signal_no_added_fibre_full_sweep.csv","Baseline",15,"Train"
111,"baseline_no_signal_no_added_fibre_full_sweep.csv","Baseline",15,"Train"
112,"baseline_no_signal_no_added_fibre_full_sweep.csv","Baseline",15,"Test"
113,"baseline_no_signal_no_added_fibre_full_sweep.csv","Baseline",15,"Train"
114,"baseline_no_signal_no_added_fibre_full_sweep.csv","Baseline",15,"Train"
115,"baseline_no_signal_no_added_fibre_full_sweep.csv","Baseline",15,"Train"
116,"baseline_no_signal_no_added_fibre_full_sweep.csv","Baseline",15,"Test"
117,"baseline_no_signal_no_added_fibre_full_sweep.csv","Baseline",20,"Test"
118,"baseline_no_signal_no_added_fibre_full_sweep.csv","Baseline",20,"Test"
119,"baseline_no_signal_no_added_fibre_full_sweep.csv","Baseline",20,"Test"
120,"baseline_no_signal_no_added_fibre_full_sweep.csv","Baseline",20,"Test"
121,"baseline_no_signal_no_added_fibre_full_sweep.csv","Baseline",20,"Test"
122,"baseline_no_signal_no_added_fibre_full_sweep.csv","Baseline",20,"Test"
123,"baseline_no_signal_no_added_fibre_full_sweep.csv","Baseline",20,"Train"
124,"baseline_no_signal_no_added_fibre_full_sweep.csv","Baseline",20,"Test"
125,"baseline_no_signal_no_added_fibre_full_sweep.csv","Baseline",20,"Train"
126,"baseline_no_signal_no_added_fibre_full_sweep.csv","Baseline",20,"Train"
127,"baseline_no_signal_no_added_fibre_full_sweep.csv","Baseline",20,"Train"
128,"baseline_no_signal_no_added_fibre_full_sweep.csv","Baseline",20,"Train"
129,"baseline_no_signal_no_added_fibre_full_sweep.csv","Baseline",20,"Train"
130,"baseline_no_signal_no_added_fibre_full_sweep.csv","Baseline",20,"Train"
131,"baseline_no_signal_no_added_fibre_full_sweep.csv","Baseline",20,"Train"
132,"baseline_no_signal_no_added_fibre_full_sweep.csv","Baseline",20,"Train"
133,"baseline_no_signal_no_added_fibre_full_sweep.csv","Baseline",20,"Train"
134,"baseline_no_signal_no_added_fibre_full_sweep.csv","Baseline",20,"Test"
135,"baseline_no_signal_no_added_fibre_full_sweep.csv","Baseline",20,"Test"
136,"baseline_no_signal_no_added_fibre_full_sweep.csv","Baseline",20,"Test"
137,"baseline_no_signal_no_added_fibre_full_sweep.csv","Baseline",20,"Test"
138,"baseline_no_signal_no_added_fibre_full_sweep.csv","Baseline",20,"Test"
139,"baseline_no_signal_no_added_fibre_full_sweep.csv","Baseline",20,"Test"
140,"baseline_no_signal_no_added_fibre_full_sweep.csv","Baseline",20,"Test"
141,"baseline_no_signal_no_added_fibre_full_sweep.csv","Baseline",20,"Test"
142,"baseline_no_signal_no_added_fibre_full_sweep.csv","Baseline",20,"Train"
143,"baseline_no_signal_no_added_fibre_full_sweep.csv","Baseline",20,"Train"
144,"baseline_no_signal_no_added_fibre_full_sweep.csv","Baseline",20,"Train"
145,"baseline_no_signal_no_added_fibre_full_sweep.csv","Baseline",20,"Train"
146,"baseline_no_signal_no_added_fibre_full_sweep.csv","Baseline",20,"Train"
147,"baseline_no_signal_no_added_fibre_full_sweep.csv","Baseline",20,"Train"
148,"baseline_no_signal_no_added_fibre_full_sweep.csv","Baseline",20,"Train"
149,"baseline_no_signal_no_added_fibre_full_sweep.csv","Baseline",20,"Test"
150,"baseline_no_signal_no_added_fibre_full_sweep.csv","Baseline",20,"Train"
151,"baseline_no_signal_no_added_fibre_full_sweep.csv","Baseline",20,"Test"
152,"baseline_no_signal_no_added_fibre_full_sweep.csv","Baseline",20,"Train"
153,"baseline_no_signal_no_added_fibre_full_sweep.csv","Baseline",20,"Train"
154,"baseline_no_signal_no_added_fibre_full_sweep.csv","Baseline",20,"Test"
155,"baseline_no_signal_no_added_fibre_full_sweep.csv","Baseline",20,"Train"
156,"baseline_no_signal_no_added_fibre_full_sweep.csv","Baseline",20,"Train"
157,"baseline_no_signal_no_added_fibre_full_sweep.csv","Baseline",20,"Test"
158,"baseline_no_signal_no_added_fibre_full_sweep.csv","Baseline",20,"Train"
159,"baseline_no_signal_no_added_fibre_full_sweep.csv","Baseline",20,"Train"
160,"baseline_no_signal_no_added_fibre_full_sweep.csv","Baseline",20,"Train"
161,"baseline_no_signal_no_added_fibre_full_sweep.csv","Baseline",20,"Train"
162,"baseline_no_signal_no_added_fibre_full_sweep.csv","Baseline",20,"Test"
163,"baseline_no_signal_no_added_fibre_full_sweep.csv","Baseline",20,"Train"
164,"baseline_no_signal_no_added_fibre_full_sweep.csv","Baseline",20,"Train"
165,"baseline_no_signal_no_added_fibre_full_sweep.csv","Baseline",25,"Train"
166,"baseline_no_signal_no_added_fibre_full_sweep.csv","Baseline",25,"Test"
167,"baseline_no_signal_no_added_fibre_full_sweep.csv","Baseline",25,"Train"
168,"baseline_no_signal_no_added_fibre_full_sweep.csv","Baseline",25,"Test"
169,"baseline_no_signal_no_added_fibre_full_sweep.csv","Baseline",25,"Train"
170,"baseline_no_signal_no_added_fibre_full_sweep.csv","Baseline",25,"Test"
171,"baseline_no_signal_no_added_fibre_full_sweep.csv","Baseline",25,"Train"
172,"baseline_no_signal_no_added_fibre_full_sweep.csv","Baseline",25,"Train"
173,"baseline_no_signal_no_added_fibre_full_sweep.csv","Baseline",25,"Train"
174,"baseline_no_signal_no_added_fibre_full_sweep.csv","Baseline",25,"Train"
175,"baseline_no_signal_no_added_fibre_full_sweep.csv","Baseline",25,"Train"
176,"baseline_no_signal_no_added_fibre_full_sweep.csv","Baseline",25,"Train"
177,"baseline_no_signal_no_added_fibre_full_sweep.csv","Baseline",25,"Train"
178,"baseline_no_signal_no_added_fibre_full_sweep.csv","Baseline",25,"Train"
179,"baseline_no_signal_no_added_fibre_full_sweep.csv","Baseline",25,"Train"
180,"baseline_no_signal_no_added_fibre_full_sweep.csv","Baseline",25,"Test"
181,"baseline_no_signal_no_added_fibre_full_sweep.csv","Baseline",25,"Test"
182,"baseline_no_signal_no_added_fibre_full_sweep.csv","Baseline",25,"Train"
183,"baseline_no_signal_no_added_fibre_full_sweep.csv","Baseline",25,"Test"
184,"baseline_no_signal_no_added_fibre_full_sweep.csv","Baseline",25,"Test"
185,"baseline_no_signal_no_added_fibre_full_sweep.csv","Baseline",25,"Train"
186,"baseline_no_signal_no_added_fibre_full_sweep.csv","Baseline",25,"Train"
187,"baseline_no_signal_no_added_fibre_full_sweep.csv","Baseline",25,"Train"
188,"baseline_no_signal_no_added_fibre_full_sweep.csv","Baseline",25,"Train"
189,"baseline_no_signal_no_added_fibre_full_sweep.csv","Baseline",25,"Test"
190,"baseline_no_signal_no_added_fibre_full_sweep.csv","Baseline",25,"Train"
191,"baseline_no_signal_no_added_fibre_full_sweep.csv","Baseline",25,"Train"
192,"baseline_no_signal_no_added_fibre_full_sweep.csv","Baseline",25,"Test"
193,"baseline_no_signal_no_added_fibre_full_sweep.csv","Baseline",25,"Train"
194,"baseline_no_signal_no_added_fibre_full_sweep.csv","Baseline",25,"Train"
195,"baseline_no_signal_no_added_fibre_full_sweep.csv","Baseline",25,"Test"
196,"baseline_no_signal_no_added_fibre_full_sweep.csv","Baseline",25,"Train"
197,"baseline_no_signal_no_added_fibre_full_sweep.csv","Baseline",25,"Train"
198,"baseline_no_signal_no_added_fibre_full_sweep.csv","Baseline",25,"Test"
199,"baseline_no_signal_no_added_fibre_full_sweep.csv","Baseline",25,"Test"
200,"baseline_no_signal_no_added_fibre_full_sweep.csv","Baseline",25,"Test"
201,"baseline_no_signal_no_added_fibre_full_sweep.csv","Baseline",25,"Train"
202,"baseline_no_signal_no_added_fibre_full_sweep.csv","Baseline",25,"Train"
203,"baseline_no_signal_no_added_fibre_full_sweep.csv","Baseline",25,"Test"
204,"baseline_no_signal_no_added_fibre_full_sweep.csv","Baseline",25,"Train"
205,"baseline_no_signal_no_added_fibre_full_sweep.csv","Baseline",25,"Test"
206,"baseline_no_signal_no_added_fibre_full_sweep.csv","Baseline",25,"Test"
207,"baseline_no_signal_no_added_fibre_full_sweep.csv","Baseline",25,"Train"
208,"baseline_no_signal_no_added_fibre_full_sweep.csv","Baseline",25,"Test"
209,"baseline_no_signal_no_added_fibre_full_sweep.csv","Baseline",25,"Test"
210,"baseline_no_signal_no_added_fibre_full_sweep.csv","Baseline",25,"Train"
211,"baseline_no_signal_no_added_fibre_full_sweep.csv","Baseline",25,"Test"
212,"baseline_no_signal_no_added_fibre_full_sweep.csv","Baseline",25,"Test"
213,"baseline_no_signal_no_added_fibre_full_sweep.csv","Baseline",25,"Train"
214,"baseline_no_signal_no_added_fibre_full_sweep.csv","Baseline",25,"Test"
215,"baseline_no_signal_no_added_fibre_full_sweep.csv","Baseline",25,"Train"
216,"baseline_no_signal_no_added_fibre_full_sweep.csv","Baseline",25,"Train"
217,"baseline_no_signal_no_added_fibre_full_sweep.csv","Baseline",25,"Test"
218,"baseline_no_signal_no_added_fibre_full_sweep.csv","Baseline",25,"Test"
219,"baseline_no_signal_no_added_fibre_full_sweep.csv","Baseline",25,"Train"
220,"baseline_no_signal_no_added_fibre_full_sweep.csv","Baseline",25,"Train"
221,"baseline_no_signal_no_added_fibre_full_sweep.csv","Baseline",25,"Train"
222,"baseline_no_signal_no_added_fibre_full_sweep.csv","Baseline",25,"Train"
223,"baseline_no_signal_no_added_fibre_full_sweep.csv","Baseline",25,"Train"
224,"baseline_no_signal_no_added_fibre_full_sweep.csv","Baseline",25,"Test"
225,"baseline_no_signal_no_added_fibre_full_sweep.csv","Baseline",25,"Train"
226,"baseline_no_signal_no_added_fibre_full_sweep.csv","Baseline",25,"Train"
227,"baseline_no_signal_no_added_fibre_full_sweep.csv","Baseline",25,"Train"
228,"baseline_no_signal_no_added_fibre_full_sweep.csv","Baseline",25,"Train"
229,"baseline_no_signal_no_added_fibre_full_sweep.csv","Baseline",27,"Test"
230,"baseline_no_signal_no_added_fibre_full_sweep.csv","Baseline",27,"Train"
231,"baseline_no_signal_no_added_fibre_full_sweep.csv","Baseline",27,"Train"
232,"baseline_no_signal_no_added_fibre_full_sweep.csv","Baseline",27,"Train"
233,"baseline_no_signal_no_added_fibre_full_sweep.csv","Baseline",27,"Train"
234,"baseline_no_signal_no_added_fibre_full_sweep.csv","Baseline",27,"Train"
235,"baseline_no_signal_no_added_fibre_full_sweep.csv","Baseline",27,"Test"
236,"baseline_no_signal_no_added_fibre_full_sweep.csv","Baseline",27,"Train"
237,"baseline_no_signal_no_added_fibre_full_sweep.csv","Baseline",27,"Test"
238,"baseline_no_signal_no_added_fibre_full_sweep.csv","Baseline",27,"Train"
239,"baseline_no_signal_no_added_fibre_full_sweep.csv","Baseline",27,"Train"
240,"baseline_no_signal_no_added_fibre_full_sweep.csv","Baseline",27,"Train"
241,"baseline_no_signal_no_added_fibre_full_sweep.csv","Baseline",27,"Train"
242,"baseline_no_signal_no_added_fibre_full_sweep.csv","Baseline",27,"Test"
243,"baseline_no_signal_no_added_fibre_full_sweep.csv","Baseline",27,"Test"
244,"baseline_no_signal_no_added_fibre_full_sweep.csv","Baseline",27,"Train"
245,"baseline_no_signal_no_added_fibre_full_sweep.csv","Baseline",27,"Train"
246,"baseline_no_signal_no_added_fibre_full_sweep.csv","Baseline",27,"Train"
247,"baseline_no_signal_no_added_fibre_full_sweep.csv","Baseline",27,"Train"
248,"baseline_no_signal_no_added_fibre_full_sweep.csv","Baseline",27,"Train"
249,"baseline_no_signal_no_added_fibre_full_sweep.csv","Baseline",27,"Train"
250,"baseline_no_signal_no_added_fibre_full_sweep.csv","Baseline",27,"Train"
251,"baseline_no_signal_no_added_fibre_full_sweep.csv","Baseline",27,"Test"
252,"baseline_no_signal_no_added_fibre_full_sweep.csv","Baseline",27,"Train"
253,"baseline_no_signal_no_added_fibre_full_sweep.csv","Baseline",27,"Train"
254,"baseline_no_signal_no_added_fibre_full_sweep.csv","Baseline",27,"Test"
255,"baseline_no_signal_no_added_fibre_full_sweep.csv","Baseline",27,"Train"
256,"baseline_no_signal_no_added_fibre_full_sweep.csv","Baseline",27,"Test"
257,"baseline_no_signal_no_added_fibre_full_sweep.csv","Baseline",27,"Train"
258,"baseline_no_signal_no_added_fibre_full_sweep.csv","Baseline",27,"Train"
259,"baseline_no_signal_no_added_fibre_full_sweep.csv","Baseline",27,"Train"
260,"baseline_no_signal_no_added_fibre_full_sweep.csv","Baseline",27,"Train"
261,"baseline_no_signal_no_added_fibre_full_sweep.csv","Baseline",27,"Train"
262,"baseline_no_signal_no_added_fibre_full_sweep.csv","Baseline",27,"Test"
263,"baseline_no_signal_no_added_fibre_full_sweep.csv","Baseline",27,"Train"
264,"baseline_no_signal_no_added_fibre_full_sweep.csv","Baseline",27,"Test"
265,"baseline_no_signal_no_added_fibre_full_sweep.csv","Baseline",27,"Train"
266,"baseline_no_signal_no_added_fibre_full_sweep.csv","Baseline",27,"Train"
267,"baseline_no_signal_no_added_fibre_full_sweep.csv","Baseline",27,"Test"
268,"baseline_no_signal_no_added_fibre_full_sweep.csv","Baseline",27,"Train"
269,"baseline_no_signal_no_added_fibre_full_sweep.csv","Baseline",27,"Train"
270,"baseline_no_signal_no_added_fibre_full_sweep.csv","Baseline",27,"Train"
271,"baseline_no_signal_no_added_fibre_full_sweep.csv","Baseline",27,"Train"
272,"baseline_no_signal_no_added_fibre_full_sweep.csv","Baseline",27,"Test"
273,"baseline_no_signal_no_added_fibre_full_sweep.csv","Baseline",27,"Test"
274,"baseline_no_signal_no_added_fibre_full_sweep.csv","Baseline",28,"Train"
275,"baseline_no_signal_no_added_fibre_full_sweep.csv","Baseline",28,"Train"
276,"baseline_no_signal_no_added_fibre_full_sweep.csv","Baseline",28,"Train"
277,"baseline_no_signal_no_added_fibre_full_sweep.csv","Baseline",28,"Train"
278,"baseline_no_signal_no_added_fibre_full_sweep.csv","Baseline",28,"Train"
279,"baseline_no_signal_no_added_fibre_full_sweep.csv","Baseline",28,"Train"
280,"baseline_no_signal_no_added_fibre_full_sweep.csv","Baseline",28,"Test"
281,"baseline_no_signal_no_added_fibre_full_sweep.csv","Baseline",28,"Train"
282,"baseline_no_signal_no_added_fibre_full_sweep.csv","Baseline",28,"Train"
283,"baseline_no_signal_no_added_fibre_full_sweep.csv","Baseline",28,"Train"
284,"baseline_no_signal_no_added_fibre_full_sweep.csv","Baseline",28,"Train"
285,"baseline_no_signal_no_added_fibre_full_sweep.csv","Baseline",28,"Train"
286,"baseline_no_signal_no_added_fibre_full_sweep.csv","Baseline",28,"Train"
287,"baseline_no_signal_no_added_fibre_full_sweep.csv","Baseline",28,"Test"
288,"baseline_no_signal_no_added_fibre_full_sweep.csv","Baseline",28,"Test"
289,"baseline_no_signal_no_added_fibre_full_sweep.csv","Baseline",28,"Test"
290,"baseline_no_signal_no_added_fibre_full_sweep.csv","Baseline",28,"Train"
291,"baseline_no_signal_no_added_fibre_full_sweep.csv","Baseline",28,"Train"
292,"baseline_no_signal_no_added_fibre_full_sweep.csv","Baseline",28,"Train"
293,"baseline_no_signal_no_added_fibre_full_sweep.csv","Baseline",28,"Test"
294,"baseline_no_signal_no_added_fibre_full_sweep.csv","Baseline",28,"Train"
295,"baseline_no_signal_no_added_fibre_full_sweep.csv","Baseline",28,"Train"
296,"baseline_no_signal_no_added_fibre_full_sweep.csv","Baseline",28,"Train"
297,"baseline_no_signal_no_added_fibre_full_sweep.csv","Baseline",28,"Train"
298,"baseline_no_signal_no_added_fibre_full_sweep.csv","Baseline",28,"Train"
299,"baseline_no_signal_no_added_fibre_full_sweep.csv","Baseline",28,"Train"
300,"baseline_no_signal_no_added_fibre_full_sweep.csv","Baseline",28,"Test"
301,"baseline_no_signal_no_added_fibre_full_sweep.csv","Baseline",28,"Train"
302,"baseline_no_signal_no_added_fibre_full_sweep.csv","Baseline",28,"Test"
303,"baseline_no_signal_no_added_fibre_full_sweep.csv","Baseline",28,"Train"
304,"baseline_no_signal_no_added_fibre_full_sweep.csv","Baseline",28,"Test"
305,"baseline_no_signal_no_added_fibre_full_sweep.csv","Baseline",28,"Train"
306,"baseline_no_signal_no_added_fibre_full_sweep.csv","Baseline",28,"Test"
307,"baseline_no_signal_no_added_fibre_full_sweep.csv","Baseline",28,"Test"
308,"baseline_no_signal_no_added_fibre_full_sweep.csv","Baseline",28,"Train"
309,"baseline_no_signal_no_added_fibre_full_sweep.csv","Baseline",28,"Train"
310,"baseline_no_signal_no_added_fibre_full_sweep.csv","Baseline",28,"Test"
311,"baseline_no_signal_no_added_fibre_full_sweep.csv","Baseline",28,"Test"
312,"baseline_no_signal_no_added_fibre_full_sweep.csv","Baseline",28,"Test"
313,"baseline_no_signal_no_added_fibre_full_sweep.csv","Baseline",28,"Train"
314,"baseline_no_signal_no_added_fibre_full_sweep.csv","Baseline",28,"Test"
315,"baseline_no_signal_no_added_fibre_full_sweep.csv","Baseline",28,"Train"
316,"baseline_no_signal_no_added_fibre_full_sweep.csv","Baseline",28,"Train"
317,"baseline_no_signal_no_added_fibre_full_sweep.csv","Baseline",28,"Train"
318,"baseline_no_signal_no_added_fibre_full_sweep.csv","Baseline",28,"Test"
319,"baseline_no_signal_no_added_fibre_full_sweep.csv","Baseline",28,"Test"
320,"baseline_no_signal_no_added_fibre_full_sweep.csv","Baseline",28,"Train"
321,"baseline_no_signal_no_added_fibre_full_sweep.csv","Baseline",28,"Train"
322,"baseline_no_signal_no_added_fibre_full_sweep.csv","Baseline",28,"Test"
323,"baseline_no_signal_no_added_fibre_full_sweep.csv","Baseline",28,"Train"
324,"baseline_no_signal_no_added_fibre_full_sweep.csv","Baseline",28,"Train"
325,"baseline_no_signal_no_added_fibre_full_sweep.csv","Baseline",28,"Train"
326,"baseline_no_signal_no_added_fibre_full_sweep.csv","Baseline",28,"Train"
327,"baseline_no_signal_no_added_fibre_full_sweep.csv","Baseline",28,"Train"
328,"baseline_no_signal_no_added_fibre_full_sweep.csv","Baseline",28,"Train"
329,"baseline_no_signal_no_added_fibre_full_sweep.csv","Baseline",28,"Train"
330,"baseline_no_signal_no_added_fibre_full_sweep.csv","Baseline",28,"Train"
331,"baseline_no_signal_no_added_fibre_full_sweep.csv","Baseline",28,"Train"
332,"baseline_no_signal_no_added_fibre_full_sweep.csv","Baseline",28,"Train"
333,"baseline_no_signal_no_added_fibre_full_sweep.csv","Baseline",28,"Test"
334,"baseline_no_signal_no_added_fibre_full_sweep.csv","Baseline",28,"Train"
335,"baseline_no_signal_no_added_fibre_full_sweep.csv","Baseline",28,"Train"
336,"baseline_no_signal_no_added_fibre_full_sweep.csv","Baseline",28,"Test"
337,"baseline_no_signal_no_added_fibre_full_sweep.csv","Baseline",28,"Train"
338,"baseline_no_signal_no_added_fibre_full_sweep.csv","Baseline",28,"Train"
339,"baseline_no_signal_no_added_fibre_full_sweep.csv","Baseline",28,"Test"
340,"baseline_no_signal_no_added_fibre_full_sweep.csv","Baseline",28,"Train"
341,"baseline_no_signal_no_added_fibre_full_sweep.csv","Baseline",28,"Train"
342,"baseline_no_signal_no_added_fibre_full_sweep.csv","Baseline",28,"Test"
343,"baseline_no_signal_no_added_fibre_full_sweep.csv","Baseline",28,"Test"
344,"baseline_no_signal_no_added_fibre_full_sweep.csv","Baseline",28,"Train"
345,"baseline_no_signal_no_added_fibre_full_sweep.csv","Baseline",28,"Train"
346,"baseline_no_signal_no_added_fibre_full_sweep.csv","Baseline",28,"Train"
347,"baseline_no_signal_no_added_fibre_full_sweep.csv","Baseline",28,"Train"
348,"baseline_no_signal_no_added_fibre_full_sweep.csv","Baseline",28,"Train"
349,"baseline_no_signal_no_added_fibre_full_sweep.csv","Baseline",28,"Train"
350,"baseline_no_signal_no_added_fibre_full_sweep.csv","Baseline",28,"Train"
351,"baseline_no_signal_no_added_fibre_full_sweep.csv","Baseline",28,"Train"
352,"baseline_no_signal_no_added_fibre_full_sweep.csv","Baseline",28,"Train"
353,"baseline_no_signal_no_added_fibre_full_sweep.csv","Baseline",28,"Test"
354,"baseline_no_signal_no_added_fibre_full_sweep.csv","Baseline",28,"Train"
355,"baseline_no_signal_no_added_fibre_full_sweep.csv","Baseline",28,"Test"
356,"baseline_no_signal_no_added_fibre_full_sweep.csv","Baseline",28,"Test"
357,"baseline_no_signal_no_added_fibre_full_sweep.csv","Baseline",28,"Train"
358,"baseline_no_signal_no_added_fibre_full_sweep.csv","Baseline",28,"Train"
359,"baseline_no_signal_no_added_fibre_full_sweep.csv","Baseline",28,"Train"
360,"baseline_no_signal_no_added_fibre_full_sweep.csv","Baseline",28,"Train"
361,"baseline_no_signal_no_added_fibre_full_sweep.csv","Baseline",28,"Test"
362,"baseline_no_signal_no_added_fibre_full_sweep.csv","Baseline",28,"Train"
363,"baseline_no_signal_no_added_fibre_full_sweep.csv","Baseline",28,"Test"
364,"baseline_no_signal_no_added_fibre_full_sweep.csv","Baseline",28,"Train"
365,"baseline_no_signal_no_added_fibre_full_sweep.csv","Baseline",28,"Train"
366,"baseline_no_signal_no_added_fibre_full_sweep.csv","Baseline",28,"Train"
367,"baseline_no_signal_no_added_fibre_full_sweep.csv","Baseline",28,"Train"
368,"baseline_no_signal_no_added_fibre_full_sweep.csv","Baseline",28,"Train"
369,"baseline_no_signal_no_added_fibre_full_sweep.csv","Baseline",28,"Train"
370,"baseline_no_signal_no_added_fibre_full_sweep.csv","Baseline",28,"Train"
371,"baseline_no_signal_no_added_fibre_full_sweep.csv","Baseline",28,"Test"
372,"baseline_no_signal_no_added_fibre_full_sweep.csv","Baseline",28,"Test"
373,"baseline_no_signal_no_added_fibre_full_sweep.csv","Baseline",29,"Test"
374,"baseline_no_signal_no_added_fibre_full_sweep.csv","Baseline",29,"Train"
375,"baseline_no_signal_no_added_fibre_full_sweep.csv","Baseline",29,"Train"
376,"baseline_no_signal_no_added_fibre_full_sweep.csv","Baseline",29,"Test"
377,"baseline_no_signal_no_added_fibre_full_sweep.csv","Baseline",29,"Train"
378,"baseline_no_signal_no_added_fibre_full_sweep.csv","Baseline",29,"Train"
379,"baseline_no_signal_no_added_fibre_full_sweep.csv","Baseline",29,"Train"
380,"baseline_no_signal_no_added_fibre_full_sweep.csv","Baseline",29,"Test"
381,"baseline_no_signal_no_added_fibre_full_sweep.csv","Baseline",29,"Train"
382,"baseline_no_signal_no_added_fibre_full_sweep.csv","Baseline",29,"Test"
383,"baseline_no_signal_no_added_fibre_full_sweep.csv","Baseline",29,"Train"
384,"baseline_no_signal_no_added_fibre_full_sweep.csv","Baseline",29,"Train"
385,"baseline_no_signal_no_added_fibre_full_sweep.csv","Baseline",29,"Test"
386,"baseline_no_signal_no_added_fibre_full_sweep.csv","Baseline",29,"Train"
387,"baseline_no_signal_no_added_fibre_full_sweep.csv","Baseline",29,"Train"
388,"baseline_no_signal_no_added_fibre_full_sweep.csv","Baseline",29,"Test"
389,"baseline_no_signal_no_added_fibre_full_sweep.csv","Baseline",29,"Train"
390,"baseline_no_signal_no_added_fibre_full_sweep.csv","Baseline",29,"Test"
391,"baseline_no_signal_no_added_fibre_full_sweep.csv","Baseline",29,"Train"
392,"baseline_no_signal_no_added_fibre_full_sweep.csv","Baseline",29,"Train"
393,"baseline_no_signal_no_added_fibre_full_sweep.csv","Baseline",29,"Train"
394,"baseline_no_signal_no_added_fibre_full_sweep.csv","Baseline",29,"Test"
395,"baseline_no_signal_no_added_fibre_full_sweep.csv","Baseline",29,"Train"
396,"baseline_no_signal_no_added_fibre_full_sweep.csv","Baseline",29,"Test"
397,"baseline_no_signal_no_added_fibre_full_sweep.csv","Baseline",29,"Train"
398,"baseline_no_signal_no_added_fibre_full_sweep.csv","Baseline",29,"Train"
399,"baseline_no_signal_no_added_fibre_full_sweep.csv","Baseline",29,"Train"
400,"baseline_no_signal_no_added_fibre_full_sweep.csv","Baseline",29,"Train"
401,"baseline_no_signal_no_added_fibre_full_sweep.csv","Baseline",29,"Test"
402,"baseline_no_signal_no_added_fibre_full_sweep.csv","Baseline",29,"Train"
403,"baseline_no_signal_no_added_fibre_full_sweep.csv","Baseline",29,"Train"
404,"baseline_no_signal_no_added_fibre_full_sweep.csv","Baseline",29,"Train"
405,"baseline_no_signal_no_added_fibre_full_sweep.csv","Baseline",29,"Train"
406,"baseline_no_signal_no_added_fibre_full_sweep.csv","Baseline",29,"Test"
407,"baseline_no_signal_no_added_fibre_full_sweep.csv","Baseline",29,"Test"
408,"baseline_no_signal_no_added_fibre_full_sweep.csv","Baseline",29,"Train"
409,"baseline_no_signal_no_added_fibre_full_sweep.csv","Baseline",29,"Test"
410,"baseline_no_signal_no_added_fibre_full_sweep.csv","Baseline",29,"Train"
411,"baseline_no_signal_no_added_fibre_full_sweep.csv","Baseline",29,"Test"
412,"baseline_no_signal_no_added_fibre_full_sweep.csv","Baseline",29,"Train"
413,"baseline_no_signal_no_added_fibre_full_sweep.csv","Baseline",29,"Train"
414,"baseline_no_signal_no_added_fibre_full_sweep.csv","Baseline",29,"Train"
415,"baseline_no_signal_no_added_fibre_full_sweep.csv","Baseline",29,"Train"
416,"baseline_no_signal_no_added_fibre_full_sweep.csv","Baseline",29,"Test"
417,"baseline_no_signal_no_added_fibre_full_sweep.csv","Baseline",29,"Train"
418,"baseline_no_signal_no_added_fibre_full_sweep.csv","Baseline",29,"Train"
419,"baseline_no_signal_no_added_fibre_full_sweep.csv","Baseline",29,"Train"
420,"baseline_no_signal_no_added_fibre_full_sweep.csv","Baseline",29,"Train"
421,"baseline_no_signal_no_added_fibre_full_sweep.csv","Baseline",29,"Test"
422,"baseline_no_signal_no_added_fibre_full_sweep.csv","Baseline",29,"Train"
423,"baseline_no_signal_no_added_fibre_full_sweep.csv","Baseline",29,"Test"
424,"baseline_no_signal_no_added_fibre_full_sweep.csv","Baseline",29,"Train"
425,"baseline_no_signal_no_added_fibre_full_sweep.csv","Baseline",29,"Train"
426,"baseline_no_signal_no_added_fibre_full_sweep.csv","Baseline",29,"Test"
427,"baseline_no_signal_no_added_fibre_full_sweep.csv","Baseline",29,"Train"
428,"baseline_no_signal_no_added_fibre_full_sweep.csv","Baseline",29,"Train"
429,"baseline_no_signal_no_added_fibre_full_sweep.csv","Baseline",29,"Test"
430,"baseline_no_signal_no_added_fibre_full_sweep.csv","Baseline",29,"Test"
431,"baseline_no_signal_no_added_fibre_full_sweep.csv","Baseline",29,"Train"
432,"baseline_no_signal_no_added_fibre_full_sweep.csv","Baseline",30,"Train"
433,"baseline_no_signal_no_added_fibre_full_sweep.csv","Baseline",30,"Train"
434,"baseline_no_signal_no_added_fibre_full_sweep.csv","Baseline",30,"Train"
435,"baseline_no_signal_no_added_fibre_full_sweep.csv","Baseline",30,"Train"
436,"baseline_no_signal_no_added_fibre_full_sweep.csv","Baseline",30,"Train"
437,"baseline_no_signal_no_added_fibre_full_sweep.csv","Baseline",30,"Train"
438,"baseline_no_signal_no_added_fibre_full_sweep.csv","Baseline",30,"Train"
439,"baseline_no_signal_no_added_fibre_full_sweep.csv","Baseline",30,"Train"
440,"baseline_no_signal_no_added_fibre_full_sweep.csv","Baseline",30,"Train"
441,"baseline_no_signal_no_added_fibre_full_sweep.csv","Baseline",30,"Train"
442,"baseline_no_signal_no_added_fibre_full_sweep.csv","Baseline",30,"Train"
443,"baseline_no_signal_no_added_fibre_full_sweep.csv","Baseline",30,"Test"
444,"baseline_no_signal_no_added_fibre_full_sweep.csv","Baseline",30,"Train"
445,"baseline_no_signal_no_added_fibre_full_sweep.csv","Baseline",30,"Train"
446,"baseline_no_signal_no_added_fibre_full_sweep.csv","Baseline",30,"Train"
447,"baseline_no_signal_no_added_fibre_full_sweep.csv","Baseline",30,"Train"
448,"baseline_no_signal_no_added_fibre_full_sweep.csv","Baseline",30,"Train"
449,"baseline_no_signal_no_added_fibre_full_sweep.csv","Baseline",30,"Train"
450,"baseline_no_signal_no_added_fibre_full_sweep.csv","Baseline",30,"Test"
451,"baseline_no_signal_no_added_fibre_full_sweep.csv","Baseline",30,"Test"
452,"baseline_no_signal_no_added_fibre_full_sweep.csv","Baseline",30,"Test"
453,"baseline_no_signal_no_added_fibre_full_sweep.csv","Baseline",30,"Test"
454,"baseline_no_signal_no_added_fibre_full_sweep.csv","Baseline",30,"Test"
455,"baseline_no_signal_no_added_fibre_full_sweep.csv","Baseline",30,"Train"
456,"baseline_no_signal_no_added_fibre_full_sweep.csv","Baseline",30,"Train"
457,"baseline_no_signal_no_added_fibre_full_sweep.csv","Baseline",30,"Train"
458,"baseline_no_signal_no_added_fibre_full_sweep.csv","Baseline",30,"Test"
459,"baseline_no_signal_no_added_fibre_full_sweep.csv","Baseline",30,"Train"
460,"baseline_no_signal_no_added_fibre_full_sweep.csv","Baseline",30,"Train"
461,"baseline_no_signal_no_added_fibre_full_sweep.csv","Baseline",30,"Train"
462,"baseline_no_signal_no_added_fibre_full_sweep.csv","Baseline",30,"Train"
463,"baseline_no_signal_no_added_fibre_full_sweep.csv","Baseline",30,"Test"
464,"baseline_no_signal_no_added_fibre_full_sweep.csv","Baseline",30,"Test"
465,"baseline_no_signal_no_added_fibre_full_sweep.csv","Baseline",30,"Train"
466,"baseline_no_signal_no_added_fibre_full_sweep.csv","Baseline",30,"Train"
467,"baseline_no_signal_no_added_fibre_full_sweep.csv","Baseline",30,"Test"
468,"baseline_no_signal_no_added_fibre_full_sweep.csv","Baseline",30,"Train"
469,"baseline_no_signal_no_added_fibre_full_sweep.csv","Baseline",30,"Test"
470,"baseline_no_signal_no_added_fibre_full_sweep.csv","Baseline",30,"Train"
471,"baseline_no_signal_no_added_fibre_full_sweep.csv","Baseline",30,"Test"
472,"roadm_3dbm_injected_signal_no_added_fibre_full_sweep.csv","3 dBm",10,"Train"
473,"roadm_3dbm_injected_signal_no_added_fibre_full_sweep.csv","3 dBm",10,"Train"
474,"roadm_3dbm_injected_signal_no_added_fibre_full_sweep.csv","3 dBm",10,"Train"
475,"roadm_3dbm_injected_signal_no_added_fibre_full_sweep.csv","3 dBm",10,"Test"
476,"roadm_3dbm_injected_signal_no_added_fibre_full_sweep.csv","3 dBm",10,"Test"
477,"roadm_3dbm_injected_signal_no_added_fibre_full_sweep.csv","3 dBm",10,"Train"
478,"roadm_3dbm_injected_signal_no_added_fibre_full_sweep.csv","3 dBm",10,"Test"
479,"roadm_3dbm_injected_signal_no_added_fibre_full_sweep.csv","3 dBm",10,"Train"
480,"roadm_3dbm_injected_signal_no_added_fibre_full_sweep.csv","3 dBm",10,"Train"
481,"roadm_3dbm_injected_signal_no_added_fibre_full_sweep.csv","3 dBm",10,"Train"
482,"roadm_3dbm_injected_signal_no_added_fibre_full_sweep.csv","3 dBm",10,"Train"
483,"roadm_3dbm_injected_signal_no_added_fibre_full_sweep.csv","3 dBm",10,"Test"
484,"roadm_3dbm_injected_signal_no_added_fibre_full_sweep.csv","3 dBm",10,"Test"
485,"roadm_3dbm_injected_signal_no_added_fibre_full_sweep.csv","3 dBm",10,"Train"
486,"roadm_3dbm_injected_signal_no_added_fibre_full_sweep.csv","3 dBm",10,"Test"
487,"roadm_3dbm_injected_signal_no_added_fibre_full_sweep.csv","3 dBm",10,"Train"
488,"roadm_3dbm_injected_signal_no_added_fibre_full_sweep.csv","3 dBm",10,"Train"
489,"roadm_3dbm_injected_signal_no_added_fibre_full_sweep.csv","3 dBm",10,"Train"
490,"roadm_3dbm_injected_signal_no_added_fibre_full_sweep.csv","3 dBm",10,"Train"
491,"roadm_3dbm_injected_signal_no_added_fibre_full_sweep.csv","3 dBm",10,"Test"
492,"roadm_3dbm_injected_signal_no_added_fibre_full_sweep.csv","3 dBm",10,"Test"
493,"roadm_3dbm_injected_signal_no_added_fibre_full_sweep.csv","3 dBm",10,"Train"
494,"roadm_3dbm_injected_signal_no_added_fibre_full_sweep.csv","3 dBm",10,"Test"
495,"roadm_3dbm_injected_signal_no_added_fibre_full_sweep.csv","3 dBm",10,"Test"
496,"roadm_3dbm_injected_signal_no_added_fibre_full_sweep.csv","3 dBm",10,"Test"
497,"roadm_3dbm_injected_signal_no_added_fibre_full_sweep.csv","3 dBm",10,"Train"
498,"roadm_3dbm_injected_signal_no_added_fibre_full_sweep.csv","3 dBm",10,"Train"
499,"roadm_3dbm_injected_signal_no_added_fibre_full_sweep.csv","3 dBm",10,"Test"
500,"roadm_3dbm_injected_signal_no_added_fibre_full_sweep.csv","3 dBm",10,"Test"
501,"roadm_3dbm_injected_signal_no_added_fibre_full_sweep.csv","3 dBm",10,"Train"
502,"roadm_3dbm_injected_signal_no_added_fibre_full_sweep.csv","3 dBm",10,"Train"
503,"roadm_3dbm_injected_signal_no_added_fibre_full_sweep.csv","3 dBm",10,"Train"
504,"roadm_3dbm_injected_signal_no_added_fibre_full_sweep.csv","3 dBm",10,"Train"
505,"roadm_3dbm_injected_signal_no_added_fibre_full_sweep.csv","3 dBm",10,"Train"
506,"roadm_3dbm_injected_signal_no_added_fibre_full_sweep.csv","3 dBm",10,"Train"
507,"roadm_3dbm_injected_signal_no_added_fibre_full_sweep.csv","3 dBm",10,"Test"
508,"roadm_3dbm_injected_signal_no_added_fibre_full_sweep.csv","3 dBm",10,"Train"
509,"roadm_3dbm_injected_signal_no_added_fibre_full_sweep.csv","3 dBm",10,"Train"
510,"roadm_3dbm_injected_signal_no_added_fibre_full_sweep.csv","3 dBm",10,"Train"
511,"roadm_3dbm_injected_signal_no_added_fibre_full_sweep.csv","3 dBm",10,"Test"
512,"roadm_3dbm_injected_signal_no_added_fibre_full_sweep.csv","3 dBm",10,"Test"
513,"roadm_3dbm_injected_signal_no_added_fibre_full_sweep.csv","3 dBm",10,"Train"
514,"roadm_3dbm_injected_signal_no_added_fibre_full_sweep.csv","3 dBm",10,"Train"
515,"roadm_3dbm_injected_signal_no_added_fibre_full_sweep.csv","3 dBm",10,"Train"
516,"roadm_3dbm_injected_signal_no_added_fibre_full_sweep.csv","3 dBm",10,"Train"
517,"roadm_3dbm_injected_signal_no_added_fibre_full_sweep.csv","3 dBm",10,"Train"
518,"roadm_3dbm_injected_signal_no_added_fibre_full_sweep.csv","3 dBm",10,"Train"
519,"roadm_3dbm_injected_signal_no_added_fibre_full_sweep.csv","3 dBm",10,"Test"
520,"roadm_3dbm_injected_signal_no_added_fibre_full_sweep.csv","3 dBm",10,"Train"
521,"roadm_3dbm_injected_signal_no_added_fibre_full_sweep.csv","3 dBm",10,"Train"
522,"roadm_3dbm_injected_signal_no_added_fibre_full_sweep.csv","3 dBm",15,"Train"
523,"roadm_3dbm_injected_signal_no_added_fibre_full_sweep.csv","3 dBm",15,"Train"
524,"roadm_3dbm_injected_signal_no_added_fibre_full_sweep.csv","3 dBm",15,"Test"
525,"roadm_3dbm_injected_signal_no_added_fibre_full_sweep.csv","3 dBm",15,"Test"
526,"roadm_3dbm_injected_signal_no_added_fibre_full_sweep.csv","3 dBm",15,"Train"
527,"roadm_3dbm_injected_signal_no_added_fibre_full_sweep.csv","3 dBm",15,"Train"
528,"roadm_3dbm_injected_signal_no_added_fibre_full_sweep.csv","3 dBm",15,"Train"
529,"roadm_3dbm_injected_signal_no_added_fibre_full_sweep.csv","3 dBm",15,"Train"
530,"roadm_3dbm_injected_signal_no_added_fibre_full_sweep.csv","3 dBm",15,"Train"
531,"roadm_3dbm_injected_signal_no_added_fibre_full_sweep.csv","3 dBm",15,"Train"
532,"roadm_3dbm_injected_signal_no_added_fibre_full_sweep.csv","3 dBm",15,"Train"
533,"roadm_3dbm_injected_signal_no_added_fibre_full_sweep.csv","3 dBm",15,"Train"
534,"roadm_3dbm_injected_signal_no_added_fibre_full_sweep.csv","3 dBm",15,"Train"
535,"roadm_3dbm_injected_signal_no_added_fibre_full_sweep.csv","3 dBm",15,"Test"
536,"roadm_3dbm_injected_signal_no_added_fibre_full_sweep.csv","3 dBm",15,"Train"
537,"roadm_3dbm_injected_signal_no_added_fibre_full_sweep.csv","3 dBm",15,"Test"
538,"roadm_3dbm_injected_signal_no_added_fibre_full_sweep.csv","3 dBm",15,"Train"
539,"roadm_3dbm_injected_signal_no_added_fibre_full_sweep.csv","3 dBm",15,"Test"
540,"roadm_3dbm_injected_signal_no_added_fibre_full_sweep.csv","3 dBm",15,"Test"
541,"roadm_3dbm_injected_signal_no_added_fibre_full_sweep.csv","3 dBm",15,"Train"
542,"roadm_3dbm_injected_signal_no_added_fibre_full_sweep.csv","3 dBm",15,"Train"
543,"roadm_3dbm_injected_signal_no_added_fibre_full_sweep.csv","3 dBm",15,"Train"
544,"roadm_3dbm_injected_signal_no_added_fibre_full_sweep.csv","3 dBm",15,"Train"
545,"roadm_3dbm_injected_signal_no_added_fibre_full_sweep.csv","3 dBm",15,"Train"
546,"roadm_3dbm_injected_signal_no_added_fibre_full_sweep.csv","3 dBm",15,"Train"
547,"roadm_3dbm_injected_signal_no_added_fibre_full_sweep.csv","3 dBm",15,"Train"
548,"roadm_3dbm_injected_signal_no_added_fibre_full_sweep.csv","3 dBm",15,"Train"
549,"roadm_3dbm_injected_signal_no_added_fibre_full_sweep.csv","3 dBm",15,"Train"
550,"roadm_3dbm_injected_signal_no_added_fibre_full_sweep.csv","3 dBm",15,"Train"
551,"roadm_3dbm_injected_signal_no_added_fibre_full_sweep.csv","3 dBm",15,"Train"
552,"roadm_3dbm_injected_signal_no_added_fibre_full_sweep.csv","3 dBm",15,"Train"
553,"roadm_3dbm_injected_signal_no_added_fibre_full_sweep.csv","3 dBm",15,"Test"
554,"roadm_3dbm_injected_signal_no_added_fibre_full_sweep.csv","3 dBm",15,"Test"
555,"roadm_3dbm_injected_signal_no_added_fibre_full_sweep.csv","3 dBm",15,"Train"
556,"roadm_3dbm_injected_signal_no_added_fibre_full_sweep.csv","3 dBm",15,"Train"
557,"roadm_3dbm_injected_signal_no_added_fibre_full_sweep.csv","3 dBm",15,"Train"
558,"roadm_3dbm_injected_signal_no_added_fibre_full_sweep.csv","3 dBm",15,"Train"
559,"roadm_3dbm_injected_signal_no_added_fibre_full_sweep.csv","3 dBm",15,"Train"
560,"roadm_3dbm_injected_signal_no_added_fibre_full_sweep.csv","3 dBm",15,"Test"
561,"roadm_3dbm_injected_signal_no_added_fibre_full_sweep.csv","3 dBm",15,"Train"
562,"roadm_3dbm_injected_signal_no_added_fibre_full_sweep.csv","3 dBm",15,"Train"
563,"roadm_3dbm_injected_signal_no_added_fibre_full_sweep.csv","3 dBm",15,"Train"
564,"roadm_3dbm_injected_signal_no_added_fibre_full_sweep.csv","3 dBm",15,"Train"
565,"roadm_3dbm_injected_signal_no_added_fibre_full_sweep.csv","3 dBm",15,"Test"
566,"roadm_3dbm_injected_signal_no_added_fibre_full_sweep.csv","3 dBm",15,"Train"
567,"roadm_3dbm_injected_signal_no_added_fibre_full_sweep.csv","3 dBm",15,"Train"
568,"roadm_3dbm_injected_signal_no_added_fibre_full_sweep.csv","3 dBm",15,"Train"
569,"roadm_3dbm_injected_signal_no_added_fibre_full_sweep.csv","3 dBm",15,"Test"
570,"roadm_3dbm_injected_signal_no_added_fibre_full_sweep.csv","3 dBm",15,"Test"
571,"roadm_3dbm_injected_signal_no_added_fibre_full_sweep.csv","3 dBm",15,"Train"
572,"roadm_3dbm_injected_signal_no_added_fibre_full_sweep.csv","3 dBm",20,"Train"
573,"roadm_3dbm_injected_signal_no_added_fibre_full_sweep.csv","3 dBm",20,"Train"
574,"roadm_3dbm_injected_signal_no_added_fibre_full_sweep.csv","3 dBm",20,"Train"
575,"roadm_3dbm_injected_signal_no_added_fibre_full_sweep.csv","3 dBm",20,"Train"
576,"roadm_3dbm_injected_signal_no_added_fibre_full_sweep.csv","3 dBm",20,"Test"
577,"roadm_3dbm_injected_signal_no_added_fibre_full_sweep.csv","3 dBm",20,"Train"
578,"roadm_3dbm_injected_signal_no_added_fibre_full_sweep.csv","3 dBm",20,"Train"
579,"roadm_3dbm_injected_signal_no_added_fibre_full_sweep.csv","3 dBm",20,"Train"
580,"roadm_3dbm_injected_signal_no_added_fibre_full_sweep.csv","3 dBm",20,"Train"
581,"roadm_3dbm_injected_signal_no_added_fibre_full_sweep.csv","3 dBm",20,"Test"
582,"roadm_3dbm_injected_signal_no_added_fibre_full_sweep.csv","3 dBm",20,"Train"
583,"roadm_3dbm_injected_signal_no_added_fibre_full_sweep.csv","3 dBm",20,"Train"
584,"roadm_3dbm_injected_signal_no_added_fibre_full_sweep.csv","3 dBm",20,"Train"
585,"roadm_3dbm_injected_signal_no_added_fibre_full_sweep.csv","3 dBm",20,"Train"
586,"roadm_3dbm_injected_signal_no_added_fibre_full_sweep.csv","3 dBm",20,"Train"
587,"roadm_3dbm_injected_signal_no_added_fibre_full_sweep.csv","3 dBm",20,"Train"
588,"roadm_3dbm_injected_signal_no_added_fibre_full_sweep.csv","3 dBm",20,"Train"
589,"roadm_3dbm_injected_signal_no_added_fibre_full_sweep.csv","3 dBm",20,"Test"
590,"roadm_3dbm_injected_signal_no_added_fibre_full_sweep.csv","3 dBm",20,"Train"
591,"roadm_3dbm_injected_signal_no_added_fibre_full_sweep.csv","3 dBm",20,"Train"
592,"roadm_3dbm_injected_signal_no_added_fibre_full_sweep.csv","3 dBm",20,"Train"
593,"roadm_3dbm_injected_signal_no_added_fibre_full_sweep.csv","3 dBm",20,"Train"
594,"roadm_3dbm_injected_signal_no_added_fibre_full_sweep.csv","3 dBm",20,"Train"
595,"roadm_3dbm_injected_signal_no_added_fibre_full_sweep.csv","3 dBm",20,"Test"
596,"roadm_3dbm_injected_signal_no_added_fibre_full_sweep.csv","3 dBm",20,"Train"
597,"roadm_3dbm_injected_signal_no_added_fibre_full_sweep.csv","3 dBm",20,"Train"
598,"roadm_3dbm_injected_signal_no_added_fibre_full_sweep.csv","3 dBm",20,"Test"
599,"roadm_3dbm_injected_signal_no_added_fibre_full_sweep.csv","3 dBm",20,"Test"
600,"roadm_3dbm_injected_signal_no_added_fibre_full_sweep.csv","3 dBm",20,"Train"
601,"roadm_3dbm_injected_signal_no_added_fibre_full_sweep.csv","3 dBm",20,"Train"
602,"roadm_3dbm_injected_signal_no_added_fibre_full_sweep.csv","3 dBm",20,"Train"
603,"roadm_3dbm_injected_signal_no_added_fibre_full_sweep.csv","3 dBm",20,"Test"
604,"roadm_3dbm_injected_signal_no_added_fibre_full_sweep.csv","3 dBm",20,"Train"
605,"roadm_3dbm_injected_signal_no_added_fibre_full_sweep.csv","3 dBm",20,"Train"
606,"roadm_3dbm_injected_signal_no_added_fibre_full_sweep.csv","3 dBm",20,"Train"
607,"roadm_3dbm_injected_signal_no_added_fibre_full_sweep.csv","3 dBm",20,"Train"
608,"roadm_3dbm_injected_signal_no_added_fibre_full_sweep.csv","3 dBm",20,"Test"
609,"roadm_3dbm_injected_signal_no_added_fibre_full_sweep.csv","3 dBm",20,"Train"
610,"roadm_3dbm_injected_signal_no_added_fibre_full_sweep.csv","3 dBm",20,"Test"
611,"roadm_3dbm_injected_signal_no_added_fibre_full_sweep.csv","3 dBm",20,"Train"
612,"roadm_3dbm_injected_signal_no_added_fibre_full_sweep.csv","3 dBm",20,"Train"
613,"roadm_3dbm_injected_signal_no_added_fibre_full_sweep.csv","3 dBm",20,"Train"
614,"roadm_3dbm_injected_signal_no_added_fibre_full_sweep.csv","3 dBm",20,"Train"
615,"roadm_3dbm_injected_signal_no_added_fibre_full_sweep.csv","3 dBm",20,"Train"
616,"roadm_3dbm_injected_signal_no_added_fibre_full_sweep.csv","3 dBm",20,"Train"
617,"roadm_3dbm_injected_signal_no_added_fibre_full_sweep.csv","3 dBm",20,"Test"
618,"roadm_3dbm_injected_signal_no_added_fibre_full_sweep.csv","3 dBm",20,"Test"
619,"roadm_3dbm_injected_signal_no_added_fibre_full_sweep.csv","3 dBm",20,"Test"
620,"roadm_3dbm_injected_signal_no_added_fibre_full_sweep.csv","3 dBm",20,"Train"
621,"roadm_3dbm_injected_signal_no_added_fibre_full_sweep.csv","3 dBm",20,"Train"
622,"roadm_3dbm_injected_signal_no_added_fibre_full_sweep.csv","3 dBm",25,"Train"
623,"roadm_3dbm_injected_signal_no_added_fibre_full_sweep.csv","3 dBm",25,"Train"
624,"roadm_3dbm_injected_signal_no_added_fibre_full_sweep.csv","3 dBm",25,"Test"
625,"roadm_3dbm_injected_signal_no_added_fibre_full_sweep.csv","3 dBm",25,"Train"
626,"roadm_3dbm_injected_signal_no_added_fibre_full_sweep.csv","3 dBm",25,"Train"
627,"roadm_3dbm_injected_signal_no_added_fibre_full_sweep.csv","3 dBm",25,"Train"
628,"roadm_3dbm_injected_signal_no_added_fibre_full_sweep.csv","3 dBm",25,"Test"
629,"roadm_3dbm_injected_signal_no_added_fibre_full_sweep.csv","3 dBm",25,"Train"
630,"roadm_3dbm_injected_signal_no_added_fibre_full_sweep.csv","3 dBm",25,"Train"
631,"roadm_3dbm_injected_signal_no_added_fibre_full_sweep.csv","3 dBm",25,"Train"
632,"roadm_3dbm_injected_signal_no_added_fibre_full_sweep.csv","3 dBm",25,"Train"
633,"roadm_3dbm_injected_signal_no_added_fibre_full_sweep.csv","3 dBm",25,"Train"
634,"roadm_3dbm_injected_signal_no_added_fibre_full_sweep.csv","3 dBm",25,"Test"
635,"roadm_3dbm_injected_signal_no_added_fibre_full_sweep.csv","3 dBm",25,"Train"
636,"roadm_3dbm_injected_signal_no_added_fibre_full_sweep.csv","3 dBm",25,"Train"
637,"roadm_3dbm_injected_signal_no_added_fibre_full_sweep.csv","3 dBm",25,"Train"
638,"roadm_3dbm_injected_signal_no_added_fibre_full_sweep.csv","3 dBm",25,"Test"
639,"roadm_3dbm_injected_signal_no_added_fibre_full_sweep.csv","3 dBm",25,"Train"
640,"roadm_3dbm_injected_signal_no_added_fibre_full_sweep.csv","3 dBm",25,"Test"
641,"roadm_3dbm_injected_signal_no_added_fibre_full_sweep.csv","3 dBm",25,"Train"
642,"roadm_3dbm_injected_signal_no_added_fibre_full_sweep.csv","3 dBm",25,"Train"
643,"roadm_3dbm_injected_signal_no_added_fibre_full_sweep.csv","3 dBm",25,"Train"
644,"roadm_3dbm_injected_signal_no_added_fibre_full_sweep.csv","3 dBm",25,"Test"
645,"roadm_3dbm_injected_signal_no_added_fibre_full_sweep.csv","3 dBm",25,"Train"
646,"roadm_3dbm_injected_signal_no_added_fibre_full_sweep.csv","3 dBm",25,"Train"
647,"roadm_3dbm_injected_signal_no_added_fibre_full_sweep.csv","3 dBm",25,"Train"
648,"roadm_3dbm_injected_signal_no_added_fibre_full_sweep.csv","3 dBm",25,"Train"
649,"roadm_3dbm_injected_signal_no_added_fibre_full_sweep.csv","3 dBm",25,"Train"
650,"roadm_3dbm_injected_signal_no_added_fibre_full_sweep.csv","3 dBm",25,"Train"
651,"roadm_3dbm_injected_signal_no_added_fibre_full_sweep.csv","3 dBm",25,"Train"
652,"roadm_3dbm_injected_signal_no_added_fibre_full_sweep.csv","3 dBm",25,"Train"
653,"roadm_3dbm_injected_signal_no_added_fibre_full_sweep.csv","3 dBm",25,"Train"
654,"roadm_3dbm_injected_signal_no_added_fibre_full_sweep.csv","3 dBm",25,"Test"
655,"roadm_3dbm_injected_signal_no_added_fibre_full_sweep.csv","3 dBm",25,"Train"
656,"roadm_3dbm_injected_signal_no_added_fibre_full_sweep.csv","3 dBm",25,"Train"
657,"roadm_3dbm_injected_signal_no_added_fibre_full_sweep.csv","3 dBm",25,"Train"
658,"roadm_3dbm_injected_signal_no_added_fibre_full_sweep.csv","3 dBm",25,"Test"
659,"roadm_3dbm_injected_signal_no_added_fibre_full_sweep.csv","3 dBm",25,"Train"
660,"roadm_3dbm_injected_signal_no_added_fibre_full_sweep.csv","3 dBm",25,"Train"
661,"roadm_3dbm_injected_signal_no_added_fibre_full_sweep.csv","3 dBm",25,"Train"
662,"roadm_3dbm_injected_signal_no_added_fibre_full_sweep.csv","3 dBm",25,"Train"
663,"roadm_3dbm_injected_signal_no_added_fibre_full_sweep.csv","3 dBm",25,"Train"
664,"roadm_3dbm_injected_signal_no_added_fibre_full_sweep.csv","3 dBm",25,"Train"
665,"roadm_3dbm_injected_signal_no_added_fibre_full_sweep.csv","3 dBm",25,"Train"
666,"roadm_3dbm_injected_signal_no_added_fibre_full_sweep.csv","3 dBm",25,"Test"
667,"roadm_3dbm_injected_signal_no_added_fibre_full_sweep.csv","3 dBm",25,"Test"
668,"roadm_3dbm_injected_signal_no_added_fibre_full_sweep.csv","3 dBm",25,"Train"
669,"roadm_3dbm_injected_signal_no_added_fibre_full_sweep.csv","3 dBm",25,"Test"
670,"roadm_3dbm_injected_signal_no_added_fibre_full_sweep.csv","3 dBm",25,"Train"
671,"roadm_3dbm_injected_signal_no_added_fibre_full_sweep.csv","3 dBm",25,"Train"
672,"roadm_3dbm_injected_signal_no_added_fibre_full_sweep.csv","3 dBm",27,"Train"
673,"roadm_3dbm_injected_signal_no_added_fibre_full_sweep.csv","3 dBm",27,"Test"
674,"roadm_3dbm_injected_signal_no_added_fibre_full_sweep.csv","3 dBm",27,"Test"
675,"roadm_3dbm_injected_signal_no_added_fibre_full_sweep.csv","3 dBm",27,"Train"
676,"roadm_3dbm_injected_signal_no_added_fibre_full_sweep.csv","3 dBm",27,"Train"
677,"roadm_3dbm_injected_signal_no_added_fibre_full_sweep.csv","3 dBm",27,"Test"
678,"roadm_3dbm_injected_signal_no_added_fibre_full_sweep.csv","3 dBm",27,"Train"
679,"roadm_3dbm_injected_signal_no_added_fibre_full_sweep.csv","3 dBm",27,"Train"
680,"roadm_3dbm_injected_signal_no_added_fibre_full_sweep.csv","3 dBm",27,"Train"
681,"roadm_3dbm_injected_signal_no_added_fibre_full_sweep.csv","3 dBm",27,"Train"
682,"roadm_3dbm_injected_signal_no_added_fibre_full_sweep.csv","3 dBm",27,"Train"
683,"roadm_3dbm_injected_signal_no_added_fibre_full_sweep.csv","3 dBm",27,"Train"
684,"roadm_3dbm_injected_signal_no_added_fibre_full_sweep.csv","3 dBm",27,"Train"
685,"roadm_3dbm_injected_signal_no_added_fibre_full_sweep.csv","3 dBm",27,"Test"
686,"roadm_3dbm_injected_signal_no_added_fibre_full_sweep.csv","3 dBm",27,"Train"
687,"roadm_3dbm_injected_signal_no_added_fibre_full_sweep.csv","3 dBm",27,"Train"
688,"roadm_3dbm_injected_signal_no_added_fibre_full_sweep.csv","3 dBm",27,"Train"
689,"roadm_3dbm_injected_signal_no_added_fibre_full_sweep.csv","3 dBm",27,"Test"
690,"roadm_3dbm_injected_signal_no_added_fibre_full_sweep.csv","3 dBm",27,"Test"
691,"roadm_3dbm_injected_signal_no_added_fibre_full_sweep.csv","3 dBm",27,"Test"
692,"roadm_3dbm_injected_signal_no_added_fibre_full_sweep.csv","3 dBm",27,"Test"
693,"roadm_3dbm_injected_signal_no_added_fibre_full_sweep.csv","3 dBm",27,"Train"
694,"roadm_3dbm_injected_signal_no_added_fibre_full_sweep.csv","3 dBm",27,"Train"
695,"roadm_3dbm_injected_signal_no_added_fibre_full_sweep.csv","3 dBm",27,"Train"
696,"roadm_3dbm_injected_signal_no_added_fibre_full_sweep.csv","3 dBm",27,"Train"
697,"roadm_3dbm_injected_signal_no_added_fibre_full_sweep.csv","3 dBm",27,"Test"
698,"roadm_3dbm_injected_signal_no_added_fibre_full_sweep.csv","3 dBm",27,"Train"
699,"roadm_3dbm_injected_signal_no_added_fibre_full_sweep.csv","3 dBm",27,"Train"
700,"roadm_3dbm_injected_signal_no_added_fibre_full_sweep.csv","3 dBm",27,"Train"
701,"roadm_3dbm_injected_signal_no_added_fibre_full_sweep.csv","3 dBm",27,"Train"
702,"roadm_3dbm_injected_signal_no_added_fibre_full_sweep.csv","3 dBm",27,"Train"
703,"roadm_3dbm_injected_signal_no_added_fibre_full_sweep.csv","3 dBm",27,"Train"
704,"roadm_3dbm_injected_signal_no_added_fibre_full_sweep.csv","3 dBm",27,"Test"
705,"roadm_3dbm_injected_signal_no_added_fibre_full_sweep.csv","3 dBm",27,"Train"
706,"roadm_3dbm_injected_signal_no_added_fibre_full_sweep.csv","3 dBm",27,"Test"
707,"roadm_3dbm_injected_signal_no_added_fibre_full_sweep.csv","3 dBm",27,"Train"
708,"roadm_3dbm_injected_signal_no_added_fibre_full_sweep.csv","3 dBm",27,"Train"
709,"roadm_3dbm_injected_signal_no_added_fibre_full_sweep.csv","3 dBm",27,"Train"
710,"roadm_3dbm_injected_signal_no_added_fibre_full_sweep.csv","3 dBm",27,"Test"
711,"roadm_3dbm_injected_signal_no_added_fibre_full_sweep.csv","3 dBm",27,"Train"
712,"roadm_3dbm_injected_signal_no_added_fibre_full_sweep.csv","3 dBm",27,"Train"
713,"roadm_3dbm_injected_signal_no_added_fibre_full_sweep.csv","3 dBm",27,"Train"
714,"roadm_3dbm_injected_signal_no_added_fibre_full_sweep.csv","3 dBm",27,"Train"
715,"roadm_3dbm_injected_signal_no_added_fibre_full_sweep.csv","3 dBm",27,"Train"
716,"roadm_3dbm_injected_signal_no_added_fibre_full_sweep.csv","3 dBm",27,"Train"
717,"roadm_3dbm_injected_signal_no_added_fibre_full_sweep.csv","3 dBm",27,"Test"
718,"roadm_3dbm_injected_signal_no_added_fibre_full_sweep.csv","3 dBm",27,"Test"
719,"roadm_3dbm_injected_signal_no_added_fibre_full_sweep.csv","3 dBm",27,"Train"
720,"roadm_3dbm_injected_signal_no_added_fibre_full_sweep.csv","3 dBm",27,"Train"
721,"roadm_3dbm_injected_signal_no_added_fibre_full_sweep.csv","3 dBm",27,"Train"
722,"roadm_3dbm_injected_signal_no_added_fibre_full_sweep.csv","3 dBm",28,"Train"
723,"roadm_3dbm_injected_signal_no_added_fibre_full_sweep.csv","3 dBm",28,"Test"
724,"roadm_3dbm_injected_signal_no_added_fibre_full_sweep.csv","3 dBm",28,"Train"
725,"roadm_3dbm_injected_signal_no_added_fibre_full_sweep.csv","3 dBm",28,"Train"
726,"roadm_3dbm_injected_signal_no_added_fibre_full_sweep.csv","3 dBm",28,"Test"
727,"roadm_3dbm_injected_signal_no_added_fibre_full_sweep.csv","3 dBm",28,"Test"
728,"roadm_3dbm_injected_signal_no_added_fibre_full_sweep.csv","3 dBm",28,"Test"
729,"roadm_3dbm_injected_signal_no_added_fibre_full_sweep.csv","3 dBm",28,"Train"
730,"roadm_3dbm_injected_signal_no_added_fibre_full_sweep.csv","3 dBm",28,"Train"
731,"roadm_3dbm_injected_signal_no_added_fibre_full_sweep.csv","3 dBm",28,"Test"
732,"roadm_3dbm_injected_signal_no_added_fibre_full_sweep.csv","3 dBm",28,"Train"
733,"roadm_3dbm_injected_signal_no_added_fibre_full_sweep.csv","3 dBm",28,"Test"
734,"roadm_3dbm_injected_signal_no_added_fibre_full_sweep.csv","3 dBm",28,"Train"
735,"roadm_3dbm_injected_signal_no_added_fibre_full_sweep.csv","3 dBm",28,"Train"
736,"roadm_3dbm_injected_signal_no_added_fibre_full_sweep.csv","3 dBm",28,"Train"
737,"roadm_3dbm_injected_signal_no_added_fibre_full_sweep.csv","3 dBm",28,"Train"
738,"roadm_3dbm_injected_signal_no_added_fibre_full_sweep.csv","3 dBm",28,"Train"
739,"roadm_3dbm_injected_signal_no_added_fibre_full_sweep.csv","3 dBm",28,"Test"
740,"roadm_3dbm_injected_signal_no_added_fibre_full_sweep.csv","3 dBm",28,"Train"
741,"roadm_3dbm_injected_signal_no_added_fibre_full_sweep.csv","3 dBm",28,"Test"
742,"roadm_3dbm_injected_signal_no_added_fibre_full_sweep.csv","3 dBm",28,"Test"
743,"roadm_3dbm_injected_signal_no_added_fibre_full_sweep.csv","3 dBm",28,"Train"
744,"roadm_3dbm_injected_signal_no_added_fibre_full_sweep.csv","3 dBm",28,"Test"
745,"roadm_3dbm_injected_signal_no_added_fibre_full_sweep.csv","3 dBm",28,"Test"
746,"roadm_3dbm_injected_signal_no_added_fibre_full_sweep.csv","3 dBm",28,"Test"
747,"roadm_3dbm_injected_signal_no_added_fibre_full_sweep.csv","3 dBm",28,"Train"
748,"roadm_3dbm_injected_signal_no_added_fibre_full_sweep.csv","3 dBm",28,"Train"
749,"roadm_3dbm_injected_signal_no_added_fibre_full_sweep.csv","3 dBm",28,"Test"
750,"roadm_3dbm_injected_signal_no_added_fibre_full_sweep.csv","3 dBm",28,"Train"
751,"roadm_3dbm_injected_signal_no_added_fibre_full_sweep.csv","3 dBm",28,"Train"
752,"roadm_3dbm_injected_signal_no_added_fibre_full_sweep.csv","3 dBm",28,"Train"
753,"roadm_3dbm_injected_signal_no_added_fibre_full_sweep.csv","3 dBm",28,"Train"
754,"roadm_3dbm_injected_signal_no_added_fibre_full_sweep.csv","3 dBm",28,"Train"
755,"roadm_3dbm_injected_signal_no_added_fibre_full_sweep.csv","3 dBm",28,"Train"
756,"roadm_3dbm_injected_signal_no_added_fibre_full_sweep.csv","3 dBm",28,"Test"
757,"roadm_3dbm_injected_signal_no_added_fibre_full_sweep.csv","3 dBm",28,"Test"
758,"roadm_3dbm_injected_signal_no_added_fibre_full_sweep.csv","3 dBm",28,"Test"
759,"roadm_3dbm_injected_signal_no_added_fibre_full_sweep.csv","3 dBm",28,"Train"
760,"roadm_3dbm_injected_signal_no_added_fibre_full_sweep.csv","3 dBm",28,"Test"
761,"roadm_3dbm_injected_signal_no_added_fibre_full_sweep.csv","3 dBm",28,"Test"
762,"roadm_3dbm_injected_signal_no_added_fibre_full_sweep.csv","3 dBm",28,"Test"
763,"roadm_3dbm_injected_signal_no_added_fibre_full_sweep.csv","3 dBm",28,"Test"
764,"roadm_3dbm_injected_signal_no_added_fibre_full_sweep.csv","3 dBm",28,"Test"
765,"roadm_3dbm_injected_signal_no_added_fibre_full_sweep.csv","3 dBm",28,"Test"
766,"roadm_3dbm_injected_signal_no_added_fibre_full_sweep.csv","3 dBm",28,"Train"
767,"roadm_3dbm_injected_signal_no_added_fibre_full_sweep.csv","3 dBm",28,"Train"
768,"roadm_3dbm_injected_signal_no_added_fibre_full_sweep.csv","3 dBm",28,"Test"
769,"roadm_3dbm_injected_signal_no_added_fibre_full_sweep.csv","3 dBm",28,"Train"
770,"roadm_3dbm_injected_signal_no_added_fibre_full_sweep.csv","3 dBm",28,"Train"
771,"roadm_3dbm_injected_signal_no_added_fibre_full_sweep.csv","3 dBm",28,"Train"
772,"roadm_3dbm_injected_signal_no_added_fibre_full_sweep.csv","3 dBm",29,"Test"
773,"roadm_3dbm_injected_signal_no_added_fibre_full_sweep.csv","3 dBm",29,"Train"
774,"roadm_3dbm_injected_signal_no_added_fibre_full_sweep.csv","3 dBm",29,"Test"
775,"roadm_3dbm_injected_signal_no_added_fibre_full_sweep.csv","3 dBm",29,"Train"
776,"roadm_3dbm_injected_signal_no_added_fibre_full_sweep.csv","3 dBm",29,"Train"
777,"roadm_3dbm_injected_signal_no_added_fibre_full_sweep.csv","3 dBm",29,"Test"
778,"roadm_3dbm_injected_signal_no_added_fibre_full_sweep.csv","3 dBm",29,"Test"
779,"roadm_3dbm_injected_signal_no_added_fibre_full_sweep.csv","3 dBm",29,"Test"
780,"roadm_3dbm_injected_signal_no_added_fibre_full_sweep.csv","3 dBm",29,"Test"
781,"roadm_3dbm_injected_signal_no_added_fibre_full_sweep.csv","3 dBm",29,"Test"
782,"roadm_3dbm_injected_signal_no_added_fibre_full_sweep.csv","3 dBm",29,"Train"
783,"roadm_3dbm_injected_signal_no_added_fibre_full_sweep.csv","3 dBm",29,"Test"
784,"roadm_3dbm_injected_signal_no_added_fibre_full_sweep.csv","3 dBm",29,"Test"
785,"roadm_3dbm_injected_signal_no_added_fibre_full_sweep.csv","3 dBm",29,"Train"
786,"roadm_3dbm_injected_signal_no_added_fibre_full_sweep.csv","3 dBm",29,"Train"
787,"roadm_3dbm_injected_signal_no_added_fibre_full_sweep.csv","3 dBm",29,"Train"
788,"roadm_3dbm_injected_signal_no_added_fibre_full_sweep.csv","3 dBm",29,"Train"
789,"roadm_3dbm_injected_signal_no_added_fibre_full_sweep.csv","3 dBm",29,"Test"
790,"roadm_3dbm_injected_signal_no_added_fibre_full_sweep.csv","3 dBm",29,"Train"
791,"roadm_3dbm_injected_signal_no_added_fibre_full_sweep.csv","3 dBm",29,"Train"
792,"roadm_3dbm_injected_signal_no_added_fibre_full_sweep.csv","3 dBm",29,"Train"
793,"roadm_3dbm_injected_signal_no_added_fibre_full_sweep.csv","3 dBm",29,"Test"
794,"roadm_3dbm_injected_signal_no_added_fibre_full_sweep.csv","3 dBm",29,"Train"
795,"roadm_3dbm_injected_signal_no_added_fibre_full_sweep.csv","3 dBm",29,"Train"
796,"roadm_3dbm_injected_signal_no_added_fibre_full_sweep.csv","3 dBm",29,"Train"
797,"roadm_3dbm_injected_signal_no_added_fibre_full_sweep.csv","3 dBm",29,"Train"
798,"roadm_3dbm_injected_signal_no_added_fibre_full_sweep.csv","3 dBm",29,"Train"
799,"roadm_3dbm_injected_signal_no_added_fibre_full_sweep.csv","3 dBm",29,"Test"
800,"roadm_3dbm_injected_signal_no_added_fibre_full_sweep.csv","3 dBm",29,"Test"
801,"roadm_3dbm_injected_signal_no_added_fibre_full_sweep.csv","3 dBm",29,"Train"
802,"roadm_3dbm_injected_signal_no_added_fibre_full_sweep.csv","3 dBm",29,"Test"
803,"roadm_3dbm_injected_signal_no_added_fibre_full_sweep.csv","3 dBm",29,"Train"
804,"roadm_3dbm_injected_signal_no_added_fibre_full_sweep.csv","3 dBm",29,"Train"
805,"roadm_3dbm_injected_signal_no_added_fibre_full_sweep.csv","3 dBm",29,"Train"
806,"roadm_3dbm_injected_signal_no_added_fibre_full_sweep.csv","3 dBm",29,"Train"
807,"roadm_3dbm_injected_signal_no_added_fibre_full_sweep.csv","3 dBm",29,"Train"
808,"roadm_3dbm_injected_signal_no_added_fibre_full_sweep.csv","3 dBm",29,"Train"
809,"roadm_3dbm_injected_signal_no_added_fibre_full_sweep.csv","3 dBm",29,"Train"
810,"roadm_3dbm_injected_signal_no_added_fibre_full_sweep.csv","3 dBm",29,"Test"
811,"roadm_3dbm_injected_signal_no_added_fibre_full_sweep.csv","3 dBm",29,"Train"
812,"roadm_3dbm_injected_signal_no_added_fibre_full_sweep.csv","3 dBm",29,"Train"
813,"roadm_3dbm_injected_signal_no_added_fibre_full_sweep.csv","3 dBm",29,"Train"
814,"roadm_3dbm_injected_signal_no_added_fibre_full_sweep.csv","3 dBm",29,"Train"
815,"roadm_3dbm_injected_signal_no_added_fibre_full_sweep.csv","3 dBm",29,"Train"
816,"roadm_3dbm_injected_signal_no_added_fibre_full_sweep.csv","3 dBm",29,"Train"
817,"roadm_3dbm_injected_signal_no_added_fibre_full_sweep.csv","3 dBm",29,"Train"
818,"roadm_3dbm_injected_signal_no_added_fibre_full_sweep.csv","3 dBm",29,"Train"
819,"roadm_3dbm_injected_signal_no_added_fibre_full_sweep.csv","3 dBm",29,"Train"
820,"roadm_3dbm_injected_signal_no_added_fibre_full_sweep.csv","3 dBm",29,"Train"
821,"roadm_3dbm_injected_signal_no_added_fibre_full_sweep.csv","3 dBm",29,"Train"
822,"roadm_3dbm_injected_signal_no_added_fibre_full_sweep.csv","3 dBm",30,"Train"
823,"roadm_3dbm_injected_signal_no_added_fibre_full_sweep.csv","3 dBm",30,"Test"
824,"roadm_3dbm_injected_signal_no_added_fibre_full_sweep.csv","3 dBm",30,"Train"
825,"roadm_3dbm_injected_signal_no_added_fibre_full_sweep.csv","3 dBm",30,"Test"
826,"roadm_3dbm_injected_signal_no_added_fibre_full_sweep.csv","3 dBm",30,"Train"
827,"roadm_3dbm_injected_signal_no_added_fibre_full_sweep.csv","3 dBm",30,"Train"
828,"roadm_3dbm_injected_signal_no_added_fibre_full_sweep.csv","3 dBm",30,"Test"
829,"roadm_3dbm_injected_signal_no_added_fibre_full_sweep.csv","3 dBm",30,"Train"
830,"roadm_3dbm_injected_signal_no_added_fibre_full_sweep.csv","3 dBm",30,"Test"
831,"roadm_3dbm_injected_signal_no_added_fibre_full_sweep.csv","3 dBm",30,"Train"
832,"roadm_3dbm_injected_signal_no_added_fibre_full_sweep.csv","3 dBm",30,"Train"
833,"roadm_3dbm_injected_signal_no_added_fibre_full_sweep.csv","3 dBm",30,"Test"
834,"roadm_3dbm_injected_signal_no_added_fibre_full_sweep.csv","3 dBm",30,"Train"
835,"roadm_3dbm_injected_signal_no_added_fibre_full_sweep.csv","3 dBm",30,"Train"
836,"roadm_3dbm_injected_signal_no_added_fibre_full_sweep.csv","3 dBm",30,"Train"
837,"roadm_3dbm_injected_signal_no_added_fibre_full_sweep.csv","3 dBm",30,"Train"
838,"roadm_3dbm_injected_signal_no_added_fibre_full_sweep.csv","3 dBm",30,"Train"
839,"roadm_3dbm_injected_signal_no_added_fibre_full_sweep.csv","3 dBm",30,"Train"
840,"roadm_3dbm_injected_signal_no_added_fibre_full_sweep.csv","3 dBm",30,"Train"
841,"roadm_3dbm_injected_signal_no_added_fibre_full_sweep.csv","3 dBm",30,"Test"
842,"roadm_3dbm_injected_signal_no_added_fibre_full_sweep.csv","3 dBm",30,"Train"
843,"roadm_3dbm_injected_signal_no_added_fibre_full_sweep.csv","3 dBm",30,"Test"
844,"roadm_3dbm_injected_signal_no_added_fibre_full_sweep.csv","3 dBm",30,"Train"
845,"roadm_3dbm_injected_signal_no_added_fibre_full_sweep.csv","3 dBm",30,"Train"
846,"roadm_3dbm_injected_signal_no_added_fibre_full_sweep.csv","3 dBm",30,"Train"
847,"roadm_3dbm_injected_signal_no_added_fibre_full_sweep.csv","3 dBm",30,"Train"
848,"roadm_3dbm_injected_signal_no_added_fibre_full_sweep.csv","3 dBm",30,"Train"
849,"roadm_3dbm_injected_signal_no_added_fibre_full_sweep.csv","3 dBm",30,"Train"
850,"roadm_3dbm_injected_signal_no_added_fibre_full_sweep.csv","3 dBm",30,"Train"
851,"roadm_3dbm_injected_signal_no_added_fibre_full_sweep.csv","3 dBm",30,"Test"
852,"roadm_3dbm_injected_signal_no_added_fibre_full_sweep.csv","3 dBm",30,"Train"
853,"roadm_3dbm_injected_signal_no_added_fibre_full_sweep.csv","3 dBm",30,"Train"
854,"roadm_3dbm_injected_signal_no_added_fibre_full_sweep.csv","3 dBm",30,"Test"
855,"roadm_3dbm_injected_signal_no_added_fibre_full_sweep.csv","3 dBm",30,"Train"
856,"roadm_3dbm_injected_signal_no_added_fibre_full_sweep.csv","3 dBm",30,"Train"
857,"roadm_3dbm_injected_signal_no_added_fibre_full_sweep.csv","3 dBm",30,"Test"
858,"roadm_3dbm_injected_signal_no_added_fibre_full_sweep.csv","3 dBm",30,"Test"
859,"roadm_3dbm_injected_signal_no_added_fibre_full_sweep.csv","3 dBm",30,"Test"
860,"roadm_3dbm_injected_signal_no_added_fibre_full_sweep.csv","3 dBm",30,"Train"
861,"roadm_3dbm_injected_signal_no_added_fibre_full_sweep.csv","3 dBm",30,"Train"
862,"roadm_3dbm_injected_signal_no_added_fibre_full_sweep.csv","3 dBm",30,"Test"
863,"roadm_3dbm_injected_signal_no_added_fibre_full_sweep.csv","3 dBm",30,"Train"
864,"roadm_3dbm_injected_signal_no_added_fibre_full_sweep.csv","3 dBm",30,"Train"
865,"roadm_3dbm_injected_signal_no_added_fibre_full_sweep.csv","3 dBm",30,"Train"
866,"roadm_3dbm_injected_signal_no_added_fibre_full_sweep.csv","3 dBm",30,"Train"
867,"roadm_3dbm_injected_signal_no_added_fibre_full_sweep.csv","3 dBm",30,"Test"
868,"roadm_3dbm_injected_signal_no_added_fibre_full_sweep.csv","3 dBm",30,"Train"
869,"roadm_3dbm_injected_signal_no_added_fibre_full_sweep.csv","3 dBm",30,"Test"
870,"roadm_3dbm_injected_signal_no_added_fibre_full_sweep.csv","3 dBm",30,"Test"
871,"roadm_3dbm_injected_signal_no_added_fibre_full_sweep.csv","3 dBm",30,"Train"
872,"roadm_7dbm_injected_signal_no_added_fibre_full_sweep.csv","7 dBm",10,"Train"
873,"roadm_7dbm_injected_signal_no_added_fibre_full_sweep.csv","7 dBm",10,"Train"
874,"roadm_7dbm_injected_signal_no_added_fibre_full_sweep.csv","7 dBm",10,"Test"
875,"roadm_7dbm_injected_signal_no_added_fibre_full_sweep.csv","7 dBm",10,"Train"
876,"roadm_7dbm_injected_signal_no_added_fibre_full_sweep.csv","7 dBm",10,"Test"
877,"roadm_7dbm_injected_signal_no_added_fibre_full_sweep.csv","7 dBm",10,"Test"
878,"roadm_7dbm_injected_signal_no_added_fibre_full_sweep.csv","7 dBm",10,"Train"
879,"roadm_7dbm_injected_signal_no_added_fibre_full_sweep.csv","7 dBm",10,"Train"
880,"roadm_7dbm_injected_signal_no_added_fibre_full_sweep.csv","7 dBm",10,"Test"
881,"roadm_7dbm_injected_signal_no_added_fibre_full_sweep.csv","7 dBm",10,"Train"
882,"roadm_7dbm_injected_signal_no_added_fibre_full_sweep.csv","7 dBm",10,"Test"
883,"roadm_7dbm_injected_signal_no_added_fibre_full_sweep.csv","7 dBm",10,"Train"
884,"roadm_7dbm_injected_signal_no_added_fibre_full_sweep.csv","7 dBm",10,"Train"
885,"roadm_7dbm_injected_signal_no_added_fibre_full_sweep.csv","7 dBm",10,"Test"
886,"roadm_7dbm_injected_signal_no_added_fibre_full_sweep.csv","7 dBm",10,"Test"
887,"roadm_7dbm_injected_signal_no_added_fibre_full_sweep.csv","7 dBm",10,"Train"
888,"roadm_7dbm_injected_signal_no_added_fibre_full_sweep.csv","7 dBm",10,"Train"
889,"roadm_7dbm_injected_signal_no_added_fibre_full_sweep.csv","7 dBm",10,"Train"
890,"roadm_7dbm_injected_signal_no_added_fibre_full_sweep.csv","7 dBm",10,"Test"
891,"roadm_7dbm_injected_signal_no_added_fibre_full_sweep.csv","7 dBm",10,"Train"
892,"roadm_7dbm_injected_signal_no_added_fibre_full_sweep.csv","7 dBm",10,"Train"
893,"roadm_7dbm_injected_signal_no_added_fibre_full_sweep.csv","7 dBm",10,"Train"
894,"roadm_7dbm_injected_signal_no_added_fibre_full_sweep.csv","7 dBm",10,"Train"
895,"roadm_7dbm_injected_signal_no_added_fibre_full_sweep.csv","7 dBm",10,"Train"
896,"roadm_7dbm_injected_signal_no_added_fibre_full_sweep.csv","7 dBm",10,"Test"
897,"roadm_7dbm_injected_signal_no_added_fibre_full_sweep.csv","7 dBm",10,"Train"
898,"roadm_7dbm_injected_signal_no_added_fibre_full_sweep.csv","7 dBm",10,"Train"
899,"roadm_7dbm_injected_signal_no_added_fibre_full_sweep.csv","7 dBm",10,"Train"
900,"roadm_7dbm_injected_signal_no_added_fibre_full_sweep.csv","7 dBm",10,"Train"
901,"roadm_7dbm_injected_signal_no_added_fibre_full_sweep.csv","7 dBm",10,"Test"
902,"roadm_7dbm_injected_signal_no_added_fibre_full_sweep.csv","7 dBm",10,"Train"
903,"roadm_7dbm_injected_signal_no_added_fibre_full_sweep.csv","7 dBm",10,"Train"
904,"roadm_7dbm_injected_signal_no_added_fibre_full_sweep.csv","7 dBm",10,"Test"
905,"roadm_7dbm_injected_signal_no_added_fibre_full_sweep.csv","7 dBm",10,"Test"
906,"roadm_7dbm_injected_signal_no_added_fibre_full_sweep.csv","7 dBm",10,"Train"
907,"roadm_7dbm_injected_signal_no_added_fibre_full_sweep.csv","7 dBm",10,"Train"
908,"roadm_7dbm_injected_signal_no_added_fibre_full_sweep.csv","7 dBm",10,"Train"
909,"roadm_7dbm_injected_signal_no_added_fibre_full_sweep.csv","7 dBm",10,"Train"
910,"roadm_7dbm_injected_signal_no_added_fibre_full_sweep.csv","7 dBm",10,"Train"
911,"roadm_7dbm_injected_signal_no_added_fibre_full_sweep.csv","7 dBm",10,"Train"
912,"roadm_7dbm_injected_signal_no_added_fibre_full_sweep.csv","7 dBm",10,"Train"
913,"roadm_7dbm_injected_signal_no_added_fibre_full_sweep.csv","7 dBm",10,"Test"
914,"roadm_7dbm_injected_signal_no_added_fibre_full_sweep.csv","7 dBm",10,"Train"
915,"roadm_7dbm_injected_signal_no_added_fibre_full_sweep.csv","7 dBm",10,"Train"
916,"roadm_7dbm_injected_signal_no_added_fibre_full_sweep.csv","7 dBm",10,"Test"
917,"roadm_7dbm_injected_signal_no_added_fibre_full_sweep.csv","7 dBm",10,"Train"
918,"roadm_7dbm_injected_signal_no_added_fibre_full_sweep.csv","7 dBm",10,"Train"
919,"roadm_7dbm_injected_signal_no_added_fibre_full_sweep.csv","7 dBm",10,"Train"
920,"roadm_7dbm_injected_signal_no_added_fibre_full_sweep.csv","7 dBm",10,"Train"
921,"roadm_7dbm_injected_signal_no_added_fibre_full_sweep.csv","7 dBm",10,"Train"
922,"roadm_7dbm_injected_signal_no_added_fibre_full_sweep.csv","7 dBm",10,"Train"
923,"roadm_7dbm_injected_signal_no_added_fibre_full_sweep.csv","7 dBm",10,"Test"
924,"roadm_7dbm_injected_signal_no_added_fibre_full_sweep.csv","7 dBm",10,"Test"
925,"roadm_7dbm_injected_signal_no_added_fibre_full_sweep.csv","7 dBm",10,"Train"
926,"roadm_7dbm_injected_signal_no_added_fibre_full_sweep.csv","7 dBm",10,"Train"
927,"roadm_7dbm_injected_signal_no_added_fibre_full_sweep.csv","7 dBm",10,"Train"
928,"roadm_7dbm_injected_signal_no_added_fibre_full_sweep.csv","7 dBm",10,"Train"
929,"roadm_7dbm_injected_signal_no_added_fibre_full_sweep.csv","7 dBm",10,"Train"
930,"roadm_7dbm_injected_signal_no_added_fibre_full_sweep.csv","7 dBm",10,"Train"
931,"roadm_7dbm_injected_signal_no_added_fibre_full_sweep.csv","7 dBm",10,"Train"
932,"roadm_7dbm_injected_signal_no_added_fibre_full_sweep.csv","7 dBm",10,"Train"
933,"roadm_7dbm_injected_signal_no_added_fibre_full_sweep.csv","7 dBm",10,"Train"
934,"roadm_7dbm_injected_signal_no_added_fibre_full_sweep.csv","7 dBm",10,"Test"
935,"roadm_7dbm_injected_signal_no_added_fibre_full_sweep.csv","7 dBm",15,"Test"
936,"roadm_7dbm_injected_signal_no_added_fibre_full_sweep.csv","7 dBm",15,"Test"
937,"roadm_7dbm_injected_signal_no_added_fibre_full_sweep.csv","7 dBm",15,"Test"
938,"roadm_7dbm_injected_signal_no_added_fibre_full_sweep.csv","7 dBm",15,"Train"
939,"roadm_7dbm_injected_signal_no_added_fibre_full_sweep.csv","7 dBm",15,"Train"
940,"roadm_7dbm_injected_signal_no_added_fibre_full_sweep.csv","7 dBm",15,"Train"
941,"roadm_7dbm_injected_signal_no_added_fibre_full_sweep.csv","7 dBm",15,"Train"
942,"roadm_7dbm_injected_signal_no_added_fibre_full_sweep.csv","7 dBm",15,"Test"
943,"roadm_7dbm_injected_signal_no_added_fibre_full_sweep.csv","7 dBm",15,"Train"
944,"roadm_7dbm_injected_signal_no_added_fibre_full_sweep.csv","7 dBm",15,"Train"
945,"roadm_7dbm_injected_signal_no_added_fibre_full_sweep.csv","7 dBm",15,"Test"
946,"roadm_7dbm_injected_signal_no_added_fibre_full_sweep.csv","7 dBm",15,"Train"
947,"roadm_7dbm_injected_signal_no_added_fibre_full_sweep.csv","7 dBm",15,"Train"
948,"roadm_7dbm_injected_signal_no_added_fibre_full_sweep.csv","7 dBm",15,"Test"
949,"roadm_7dbm_injected_signal_no_added_fibre_full_sweep.csv","7 dBm",15,"Train"
950,"roadm_7dbm_injected_signal_no_added_fibre_full_sweep.csv","7 dBm",15,"Train"
951,"roadm_7dbm_injected_signal_no_added_fibre_full_sweep.csv","7 dBm",15,"Train"
952,"roadm_7dbm_injected_signal_no_added_fibre_full_sweep.csv","7 dBm",15,"Train"
953,"roadm_7dbm_injected_signal_no_added_fibre_full_sweep.csv","7 dBm",15,"Test"
954,"roadm_7dbm_injected_signal_no_added_fibre_full_sweep.csv","7 dBm",15,"Train"
955,"roadm_7dbm_injected_signal_no_added_fibre_full_sweep.csv","7 dBm",15,"Train"
956,"roadm_7dbm_injected_signal_no_added_fibre_full_sweep.csv","7 dBm",15,"Test"
957,"roadm_7dbm_injected_signal_no_added_fibre_full_sweep.csv","7 dBm",15,"Train"
958,"roadm_7dbm_injected_signal_no_added_fibre_full_sweep.csv","7 dBm",15,"Train"
959,"roadm_7dbm_injected_signal_no_added_fibre_full_sweep.csv","7 dBm",15,"Train"
960,"roadm_7dbm_injected_signal_no_added_fibre_full_sweep.csv","7 dBm",15,"Train"
961,"roadm_7dbm_injected_signal_no_added_fibre_full_sweep.csv","7 dBm",15,"Train"
962,"roadm_7dbm_injected_signal_no_added_fibre_full_sweep.csv","7 dBm",15,"Train"
963,"roadm_7dbm_injected_signal_no_added_fibre_full_sweep.csv","7 dBm",15,"Test"
964,"roadm_7dbm_injected_signal_no_added_fibre_full_sweep.csv","7 dBm",15,"Train"
965,"roadm_7dbm_injected_signal_no_added_fibre_full_sweep.csv","7 dBm",15,"Train"
966,"roadm_7dbm_injected_signal_no_added_fibre_full_sweep.csv","7 dBm",15,"Train"
967,"roadm_7dbm_injected_signal_no_added_fibre_full_sweep.csv","7 dBm",15,"Test"
968,"roadm_7dbm_injected_signal_no_added_fibre_full_sweep.csv","7 dBm",15,"Train"
969,"roadm_7dbm_injected_signal_no_added_fibre_full_sweep.csv","7 dBm",15,"Train"
970,"roadm_7dbm_injected_signal_no_added_fibre_full_sweep.csv","7 dBm",15,"Train"
971,"roadm_7dbm_injected_signal_no_added_fibre_full_sweep.csv","7 dBm",15,"Train"
972,"roadm_7dbm_injected_signal_no_added_fibre_full_sweep.csv","7 dBm",15,"Train"
973,"roadm_7dbm_injected_signal_no_added_fibre_full_sweep.csv","7 dBm",15,"Test"
974,"roadm_7dbm_injected_signal_no_added_fibre_full_sweep.csv","7 dBm",15,"Test"
975,"roadm_7dbm_injected_signal_no_added_fibre_full_sweep.csv","7 dBm",15,"Test"
976,"roadm_7dbm_injected_signal_no_added_fibre_full_sweep.csv","7 dBm",15,"Test"
977,"roadm_7dbm_injected_signal_no_added_fibre_full_sweep.csv","7 dBm",15,"Test"
978,"roadm_7dbm_injected_signal_no_added_fibre_full_sweep.csv","7 dBm",15,"Train"
979,"roadm_7dbm_injected_signal_no_added_fibre_full_sweep.csv","7 dBm",15,"Train"
980,"roadm_7dbm_injected_signal_no_added_fibre_full_sweep.csv","7 dBm",15,"Train"
981,"roadm_7dbm_injected_signal_no_added_fibre_full_sweep.csv","7 dBm",15,"Test"
982,"roadm_7dbm_injected_signal_no_added_fibre_full_sweep.csv","7 dBm",15,"Train"
983,"roadm_7dbm_injected_signal_no_added_fibre_full_sweep.csv","7 dBm",15,"Train"
984,"roadm_7dbm_injected_signal_no_added_fibre_full_sweep.csv","7 dBm",15,"Train"
985,"roadm_7dbm_injected_signal_no_added_fibre_full_sweep.csv","7 dBm",15,"Train"
986,"roadm_7dbm_injected_signal_no_added_fibre_full_sweep.csv","7 dBm",15,"Test"
987,"roadm_7dbm_injected_signal_no_added_fibre_full_sweep.csv","7 dBm",15,"Train"
988,"roadm_7dbm_injected_signal_no_added_fibre_full_sweep.csv","7 dBm",20,"Train"
989,"roadm_7dbm_injected_signal_no_added_fibre_full_sweep.csv","7 dBm",20,"Train"
990,"roadm_7dbm_injected_signal_no_added_fibre_full_sweep.csv","7 dBm",20,"Test"
991,"roadm_7dbm_injected_signal_no_added_fibre_full_sweep.csv","7 dBm",20,"Train"
992,"roadm_7dbm_injected_signal_no_added_fibre_full_sweep.csv","7 dBm",20,"Train"
993,"roadm_7dbm_injected_signal_no_added_fibre_full_sweep.csv","7 dBm",20,"Train"
994,"roadm_7dbm_injected_signal_no_added_fibre_full_sweep.csv","7 dBm",20,"Train"
995,"roadm_7dbm_injected_signal_no_added_fibre_full_sweep.csv","7 dBm",20,"Train"
996,"roadm_7dbm_injected_signal_no_added_fibre_full_sweep.csv","7 dBm",20,"Train"
997,"roadm_7dbm_injected_signal_no_added_fibre_full_sweep.csv","7 dBm",20,"Train"
998,"roadm_7dbm_injected_signal_no_added_fibre_full_sweep.csv","7 dBm",20,"Train"
999,"roadm_7dbm_injected_signal_no_added_fibre_full_sweep.csv","7 dBm",20,"Train"
1000,"roadm_7dbm_injected_signal_no_added_fibre_full_sweep.csv","7 dBm",20,"Train"
1001,"roadm_7dbm_injected_signal_no_added_fibre_full_sweep.csv","7 dBm",20,"Train"
1002,"roadm_7dbm_injected_signal_no_added_fibre_full_sweep.csv","7 dBm",20,"Train"
1003,"roadm_7dbm_injected_signal_no_added_fibre_full_sweep.csv","7 dBm",20,"Test"
1004,"roadm_7dbm_injected_signal_no_added_fibre_full_sweep.csv","7 dBm",20,"Train"
1005,"roadm_7dbm_injected_signal_no_added_fibre_full_sweep.csv","7 dBm",20,"Train"
1006,"roadm_7dbm_injected_signal_no_added_fibre_full_sweep.csv","7 dBm",20,"Train"
1007,"roadm_7dbm_injected_signal_no_added_fibre_full_sweep.csv","7 dBm",20,"Train"
1008,"roadm_7dbm_injected_signal_no_added_fibre_full_sweep.csv","7 dBm",20,"Test"
1009,"roadm_7dbm_injected_signal_no_added_fibre_full_sweep.csv","7 dBm",20,"Test"
1010,"roadm_7dbm_injected_signal_no_added_fibre_full_sweep.csv","7 dBm",20,"Train"
1011,"roadm_7dbm_injected_signal_no_added_fibre_full_sweep.csv","7 dBm",20,"Test"
1012,"roadm_7dbm_injected_signal_no_added_fibre_full_sweep.csv","7 dBm",20,"Test"
1013,"roadm_7dbm_injected_signal_no_added_fibre_full_sweep.csv","7 dBm",20,"Train"
1014,"roadm_7dbm_injected_signal_no_added_fibre_full_sweep.csv","7 dBm",20,"Train"
1015,"roadm_7dbm_injected_signal_no_added_fibre_full_sweep.csv","7 dBm",20,"Train"
1016,"roadm_7dbm_injected_signal_no_added_fibre_full_sweep.csv","7 dBm",20,"Train"
1017,"roadm_7dbm_injected_signal_no_added_fibre_full_sweep.csv","7 dBm",20,"Train"
1018,"roadm_7dbm_injected_signal_no_added_fibre_full_sweep.csv","7 dBm",20,"Train"
1019,"roadm_7dbm_injected_signal_no_added_fibre_full_sweep.csv","7 dBm",20,"Test"
1020,"roadm_7dbm_injected_signal_no_added_fibre_full_sweep.csv","7 dBm",20,"Train"
1021,"roadm_7dbm_injected_signal_no_added_fibre_full_sweep.csv","7 dBm",20,"Train"
1022,"roadm_7dbm_injected_signal_no_added_fibre_full_sweep.csv","7 dBm",20,"Train"
1023,"roadm_7dbm_injected_signal_no_added_fibre_full_sweep.csv","7 dBm",20,"Test"
1024,"roadm_7dbm_injected_signal_no_added_fibre_full_sweep.csv","7 dBm",20,"Test"
1025,"roadm_7dbm_injected_signal_no_added_fibre_full_sweep.csv","7 dBm",20,"Train"
1026,"roadm_7dbm_injected_signal_no_added_fibre_full_sweep.csv","7 dBm",20,"Test"
1027,"roadm_7dbm_injected_signal_no_added_fibre_full_sweep.csv","7 dBm",20,"Train"
1028,"roadm_7dbm_injected_signal_no_added_fibre_full_sweep.csv","7 dBm",20,"Train"
1029,"roadm_7dbm_injected_signal_no_added_fibre_full_sweep.csv","7 dBm",20,"Train"
1030,"roadm_7dbm_injected_signal_no_added_fibre_full_sweep.csv","7 dBm",25,"Train"
1031,"roadm_7dbm_injected_signal_no_added_fibre_full_sweep.csv","7 dBm",25,"Train"
1032,"roadm_7dbm_injected_signal_no_added_fibre_full_sweep.csv","7 dBm",25,"Test"
1033,"roadm_7dbm_injected_signal_no_added_fibre_full_sweep.csv","7 dBm",25,"Test"
1034,"roadm_7dbm_injected_signal_no_added_fibre_full_sweep.csv","7 dBm",25,"Train"
1035,"roadm_7dbm_injected_signal_no_added_fibre_full_sweep.csv","7 dBm",25,"Test"
1036,"roadm_7dbm_injected_signal_no_added_fibre_full_sweep.csv","7 dBm",25,"Train"
1037,"roadm_7dbm_injected_signal_no_added_fibre_full_sweep.csv","7 dBm",25,"Train"
1038,"roadm_7dbm_injected_signal_no_added_fibre_full_sweep.csv","7 dBm",25,"Test"
1039,"roadm_7dbm_injected_signal_no_added_fibre_full_sweep.csv","7 dBm",25,"Train"
1040,"roadm_7dbm_injected_signal_no_added_fibre_full_sweep.csv","7 dBm",25,"Train"
1041,"roadm_7dbm_injected_signal_no_added_fibre_full_sweep.csv","7 dBm",25,"Test"
1042,"roadm_7dbm_injected_signal_no_added_fibre_full_sweep.csv","7 dBm",25,"Train"
1043,"roadm_7dbm_injected_signal_no_added_fibre_full_sweep.csv","7 dBm",25,"Train"
1044,"roadm_7dbm_injected_signal_no_added_fibre_full_sweep.csv","7 dBm",25,"Train"
1045,"roadm_7dbm_injected_signal_no_added_fibre_full_sweep.csv","7 dBm",25,"Test"
1046,"roadm_7dbm_injected_signal_no_added_fibre_full_sweep.csv","7 dBm",25,"Test"
1047,"roadm_7dbm_injected_signal_no_added_fibre_full_sweep.csv","7 dBm",25,"Train"
1048,"roadm_7dbm_injected_signal_no_added_fibre_full_sweep.csv","7 dBm",25,"Train"
1049,"roadm_7dbm_injected_signal_no_added_fibre_full_sweep.csv","7 dBm",25,"Train"
1050,"roadm_7dbm_injected_signal_no_added_fibre_full_sweep.csv","7 dBm",25,"Train"
1051,"roadm_7dbm_injected_signal_no_added_fibre_full_sweep.csv","7 dBm",25,"Train"
1052,"roadm_7dbm_injected_signal_no_added_fibre_full_sweep.csv","7 dBm",25,"Train"
1053,"roadm_7dbm_injected_signal_no_added_fibre_full_sweep.csv","7 dBm",25,"Train"
1054,"roadm_7dbm_injected_signal_no_added_fibre_full_sweep.csv","7 dBm",25,"Train"
1055,"roadm_7dbm_injected_signal_no_added_fibre_full_sweep.csv","7 dBm",25,"Train"
1056,"roadm_7dbm_injected_signal_no_added_fibre_full_sweep.csv","7 dBm",25,"Train"
1057,"roadm_7dbm_injected_signal_no_added_fibre_full_sweep.csv","7 dBm",25,"Test"
1058,"roadm_7dbm_injected_signal_no_added_fibre_full_sweep.csv","7 dBm",25,"Train"
1059,"roadm_7dbm_injected_signal_no_added_fibre_full_sweep.csv","7 dBm",25,"Train"
1060,"roadm_7dbm_injected_signal_no_added_fibre_full_sweep.csv","7 dBm",25,"Train"
1061,"roadm_7dbm_injected_signal_no_added_fibre_full_sweep.csv","7 dBm",25,"Train"
1062,"roadm_7dbm_injected_signal_no_added_fibre_full_sweep.csv","7 dBm",25,"Train"
1063,"roadm_7dbm_injected_signal_no_added_fibre_full_sweep.csv","7 dBm",25,"Test"
1064,"roadm_7dbm_injected_signal_no_added_fibre_full_sweep.csv","7 dBm",25,"Train"
1065,"roadm_7dbm_injected_signal_no_added_fibre_full_sweep.csv","7 dBm",25,"Test"
1066,"roadm_7dbm_injected_signal_no_added_fibre_full_sweep.csv","7 dBm",25,"Train"
1067,"roadm_7dbm_injected_signal_no_added_fibre_full_sweep.csv","7 dBm",25,"Test"
1068,"roadm_7dbm_injected_signal_no_added_fibre_full_sweep.csv","7 dBm",25,"Train"
1069,"roadm_7dbm_injected_signal_no_added_fibre_full_sweep.csv","7 dBm",25,"Test"
1070,"roadm_7dbm_injected_signal_no_added_fibre_full_sweep.csv","7 dBm",25,"Test"
1071,"roadm_7dbm_injected_signal_no_added_fibre_full_sweep.csv","7 dBm",25,"Train"
1072,"roadm_7dbm_injected_signal_no_added_fibre_full_sweep.csv","7 dBm",25,"Train"
1073,"roadm_7dbm_injected_signal_no_added_fibre_full_sweep.csv","7 dBm",25,"Train"
1074,"roadm_7dbm_injected_signal_no_added_fibre_full_sweep.csv","7 dBm",25,"Train"
1075,"roadm_7dbm_injected_signal_no_added_fibre_full_sweep.csv","7 dBm",25,"Test"
1076,"roadm_7dbm_injected_signal_no_added_fibre_full_sweep.csv","7 dBm",25,"Train"
1077,"roadm_7dbm_injected_signal_no_added_fibre_full_sweep.csv","7 dBm",25,"Test"
1078,"roadm_7dbm_injected_signal_no_added_fibre_full_sweep.csv","7 dBm",25,"Train"
1079,"roadm_7dbm_injected_signal_no_added_fibre_full_sweep.csv","7 dBm",25,"Train"
1080,"roadm_7dbm_injected_signal_no_added_fibre_full_sweep.csv","7 dBm",25,"Test"
1081,"roadm_7dbm_injected_signal_no_added_fibre_full_sweep.csv","7 dBm",25,"Train"
1082,"roadm_7dbm_injected_signal_no_added_fibre_full_sweep.csv","7 dBm",25,"Train"
1083,"roadm_7dbm_injected_signal_no_added_fibre_full_sweep.csv","7 dBm",25,"Train"
1084,"roadm_7dbm_injected_signal_no_added_fibre_full_sweep.csv","7 dBm",25,"Train"
1085,"roadm_7dbm_injected_signal_no_added_fibre_full_sweep.csv","7 dBm",27,"Train"
1086,"roadm_7dbm_injected_signal_no_added_fibre_full_sweep.csv","7 dBm",27,"Train"
1087,"roadm_7dbm_injected_signal_no_added_fibre_full_sweep.csv","7 dBm",27,"Test"
1088,"roadm_7dbm_injected_signal_no_added_fibre_full_sweep.csv","7 dBm",27,"Train"
1089,"roadm_7dbm_injected_signal_no_added_fibre_full_sweep.csv","7 dBm",27,"Train"
1090,"roadm_7dbm_injected_signal_no_added_fibre_full_sweep.csv","7 dBm",27,"Test"
1091,"roadm_7dbm_injected_signal_no_added_fibre_full_sweep.csv","7 dBm",27,"Test"
1092,"roadm_7dbm_injected_signal_no_added_fibre_full_sweep.csv","7 dBm",27,"Train"
1093,"roadm_7dbm_injected_signal_no_added_fibre_full_sweep.csv","7 dBm",27,"Train"
1094,"roadm_7dbm_injected_signal_no_added_fibre_full_sweep.csv","7 dBm",27,"Train"
1095,"roadm_7dbm_injected_signal_no_added_fibre_full_sweep.csv","7 dBm",27,"Test"
1096,"roadm_7dbm_injected_signal_no_added_fibre_full_sweep.csv","7 dBm",27,"Train"
1097,"roadm_7dbm_injected_signal_no_added_fibre_full_sweep.csv","7 dBm",27,"Train"
1098,"roadm_7dbm_injected_signal_no_added_fibre_full_sweep.csv","7 dBm",27,"Test"
1099,"roadm_7dbm_injected_signal_no_added_fibre_full_sweep.csv","7 dBm",27,"Train"
1100,"roadm_7dbm_injected_signal_no_added_fibre_full_sweep.csv","7 dBm",27,"Train"
1101,"roadm_7dbm_injected_signal_no_added_fibre_full_sweep.csv","7 dBm",27,"Test"
1102,"roadm_7dbm_injected_signal_no_added_fibre_full_sweep.csv","7 dBm",27,"Train"
1103,"roadm_7dbm_injected_signal_no_added_fibre_full_sweep.csv","7 dBm",27,"Test"
1104,"roadm_7dbm_injected_signal_no_added_fibre_full_sweep.csv","7 dBm",27,"Train"
1105,"roadm_7dbm_injected_signal_no_added_fibre_full_sweep.csv","7 dBm",27,"Train"
1106,"roadm_7dbm_injected_signal_no_added_fibre_full_sweep.csv","7 dBm",27,"Test"
1107,"roadm_7dbm_injected_signal_no_added_fibre_full_sweep.csv","7 dBm",27,"Test"
1108,"roadm_7dbm_injected_signal_no_added_fibre_full_sweep.csv","7 dBm",27,"Train"
1109,"roadm_7dbm_injected_signal_no_added_fibre_full_sweep.csv","7 dBm",27,"Test"
1110,"roadm_7dbm_injected_signal_no_added_fibre_full_sweep.csv","7 dBm",27,"Train"
1111,"roadm_7dbm_injected_signal_no_added_fibre_full_sweep.csv","7 dBm",27,"Train"
1112,"roadm_7dbm_injected_signal_no_added_fibre_full_sweep.csv","7 dBm",27,"Train"
1113,"roadm_7dbm_injected_signal_no_added_fibre_full_sweep.csv","7 dBm",27,"Train"
1114,"roadm_7dbm_injected_signal_no_added_fibre_full_sweep.csv","7 dBm",27,"Train"
1115,"roadm_7dbm_injected_signal_no_added_fibre_full_sweep.csv","7 dBm",27,"Train"
1116,"roadm_7dbm_injected_signal_no_added_fibre_full_sweep.csv","7 dBm",27,"Test"
1117,"roadm_7dbm_injected_signal_no_added_fibre_full_sweep.csv","7 dBm",28,"Train"
1118,"roadm_7dbm_injected_signal_no_added_fibre_full_sweep.csv","7 dBm",28,"Test"
1119,"roadm_7dbm_injected_signal_no_added_fibre_full_sweep.csv","7 dBm",28,"Train"
1120,"roadm_7dbm_injected_signal_no_added_fibre_full_sweep.csv","7 dBm",28,"Train"
1121,"roadm_7dbm_injected_signal_no_added_fibre_full_sweep.csv","7 dBm",28,"Train"
1122,"roadm_7dbm_injected_signal_no_added_fibre_full_sweep.csv","7 dBm",28,"Test"
1123,"roadm_7dbm_injected_signal_no_added_fibre_full_sweep.csv","7 dBm",28,"Train"
1124,"roadm_7dbm_injected_signal_no_added_fibre_full_sweep.csv","7 dBm",28,"Train"
1125,"roadm_7dbm_injected_signal_no_added_fibre_full_sweep.csv","7 dBm",28,"Train"
1126,"roadm_7dbm_injected_signal_no_added_fibre_full_sweep.csv","7 dBm",28,"Test"
1127,"roadm_7dbm_injected_signal_no_added_fibre_full_sweep.csv","7 dBm",28,"Train"
1128,"roadm_7dbm_injected_signal_no_added_fibre_full_sweep.csv","7 dBm",28,"Train"
1129,"roadm_7dbm_injected_signal_no_added_fibre_full_sweep.csv","7 dBm",28,"Train"
1130,"roadm_7dbm_injected_signal_no_added_fibre_full_sweep.csv","7 dBm",28,"Test"
1131,"roadm_7dbm_injected_signal_no_added_fibre_full_sweep.csv","7 dBm",28,"Test"
1132,"roadm_7dbm_injected_signal_no_added_fibre_full_sweep.csv","7 dBm",28,"Test"
1133,"roadm_7dbm_injected_signal_no_added_fibre_full_sweep.csv","7 dBm",28,"Train"
1134,"roadm_7dbm_injected_signal_no_added_fibre_full_sweep.csv","7 dBm",28,"Train"
1135,"roadm_7dbm_injected_signal_no_added_fibre_full_sweep.csv","7 dBm",28,"Train"
1136,"roadm_7dbm_injected_signal_no_added_fibre_full_sweep.csv","7 dBm",28,"Train"
1137,"roadm_7dbm_injected_signal_no_added_fibre_full_sweep.csv","7 dBm",28,"Train"
1138,"roadm_7dbm_injected_signal_no_added_fibre_full_sweep.csv","7 dBm",28,"Train"
1139,"roadm_7dbm_injected_signal_no_added_fibre_full_sweep.csv","7 dBm",28,"Train"
1140,"roadm_7dbm_injected_signal_no_added_fibre_full_sweep.csv","7 dBm",28,"Test"
1141,"roadm_7dbm_injected_signal_no_added_fibre_full_sweep.csv","7 dBm",28,"Train"
1142,"roadm_7dbm_injected_signal_no_added_fibre_full_sweep.csv","7 dBm",28,"Train"
1143,"roadm_7dbm_injected_signal_no_added_fibre_full_sweep.csv","7 dBm",28,"Train"
1144,"roadm_7dbm_injected_signal_no_added_fibre_full_sweep.csv","7 dBm",28,"Test"
1145,"roadm_7dbm_injected_signal_no_added_fibre_full_sweep.csv","7 dBm",28,"Train"
1146,"roadm_7dbm_injected_signal_no_added_fibre_full_sweep.csv","7 dBm",28,"Train"
1147,"roadm_7dbm_injected_signal_no_added_fibre_full_sweep.csv","7 dBm",28,"Test"
1148,"roadm_7dbm_injected_signal_no_added_fibre_full_sweep.csv","7 dBm",28,"Test"
1149,"roadm_7dbm_injected_signal_no_added_fibre_full_sweep.csv","7 dBm",28,"Train"
1150,"roadm_7dbm_injected_signal_no_added_fibre_full_sweep.csv","7 dBm",28,"Train"
1151,"roadm_7dbm_injected_signal_no_added_fibre_full_sweep.csv","7 dBm",28,"Train"
1152,"roadm_7dbm_injected_signal_no_added_fibre_full_sweep.csv","7 dBm",28,"Train"
1153,"roadm_7dbm_injected_signal_no_added_fibre_full_sweep.csv","7 dBm",28,"Train"
1154,"roadm_7dbm_injected_signal_no_added_fibre_full_sweep.csv","7 dBm",28,"Train"
1155,"roadm_7dbm_injected_signal_no_added_fibre_full_sweep.csv","7 dBm",28,"Train"
1156,"roadm_7dbm_injected_signal_no_added_fibre_full_sweep.csv","7 dBm",28,"Train"
1157,"roadm_7dbm_injected_signal_no_added_fibre_full_sweep.csv","7 dBm",28,"Train"
1158,"roadm_7dbm_injected_signal_no_added_fibre_full_sweep.csv","7 dBm",28,"Train"
1159,"roadm_7dbm_injected_signal_no_added_fibre_full_sweep.csv","7 dBm",28,"Train"
1160,"roadm_7dbm_injected_signal_no_added_fibre_full_sweep.csv","7 dBm",28,"Test"
1161,"roadm_7dbm_injected_signal_no_added_fibre_full_sweep.csv","7 dBm",29,"Train"
1162,"roadm_7dbm_injected_signal_no_added_fibre_full_sweep.csv","7 dBm",29,"Train"
1163,"roadm_7dbm_injected_signal_no_added_fibre_full_sweep.csv","7 dBm",29,"Test"
1164,"roadm_7dbm_injected_signal_no_added_fibre_full_sweep.csv","7 dBm",29,"Test"
1165,"roadm_7dbm_injected_signal_no_added_fibre_full_sweep.csv","7 dBm",29,"Train"
1166,"roadm_7dbm_injected_signal_no_added_fibre_full_sweep.csv","7 dBm",29,"Test"
1167,"roadm_7dbm_injected_signal_no_added_fibre_full_sweep.csv","7 dBm",29,"Test"
1168,"roadm_7dbm_injected_signal_no_added_fibre_full_sweep.csv","7 dBm",29,"Train"
1169,"roadm_7dbm_injected_signal_no_added_fibre_full_sweep.csv","7 dBm",29,"Test"
1170,"roadm_7dbm_injected_signal_no_added_fibre_full_sweep.csv","7 dBm",29,"Test"
1171,"roadm_7dbm_injected_signal_no_added_fibre_full_sweep.csv","7 dBm",29,"Train"
1172,"roadm_7dbm_injected_signal_no_added_fibre_full_sweep.csv","7 dBm",29,"Train"
1173,"roadm_7dbm_injected_signal_no_added_fibre_full_sweep.csv","7 dBm",29,"Train"
1174,"roadm_7dbm_injected_signal_no_added_fibre_full_sweep.csv","7 dBm",29,"Train"
1175,"roadm_7dbm_injected_signal_no_added_fibre_full_sweep.csv","7 dBm",29,"Train"
1176,"roadm_7dbm_injected_signal_no_added_fibre_full_sweep.csv","7 dBm",29,"Train"
1177,"roadm_7dbm_injected_signal_no_added_fibre_full_sweep.csv","7 dBm",29,"Test"
1178,"roadm_7dbm_injected_signal_no_added_fibre_full_sweep.csv","7 dBm",29,"Test"
1179,"roadm_7dbm_injected_signal_no_added_fibre_full_sweep.csv","7 dBm",29,"Train"
1180,"roadm_7dbm_injected_signal_no_added_fibre_full_sweep.csv","7 dBm",29,"Test"
1181,"roadm_7dbm_injected_signal_no_added_fibre_full_sweep.csv","7 dBm",29,"Train"
1182,"roadm_7dbm_injected_signal_no_added_fibre_full_sweep.csv","7 dBm",29,"Test"
1183,"roadm_7dbm_injected_signal_no_added_fibre_full_sweep.csv","7 dBm",29,"Train"
1184,"roadm_7dbm_injected_signal_no_added_fibre_full_sweep.csv","7 dBm",29,"Train"
1185,"roadm_7dbm_injected_signal_no_added_fibre_full_sweep.csv","7 dBm",29,"Train"
1186,"roadm_7dbm_injected_signal_no_added_fibre_full_sweep.csv","7 dBm",29,"Train"
1187,"roadm_7dbm_injected_signal_no_added_fibre_full_sweep.csv","7 dBm",29,"Train"
1188,"roadm_7dbm_injected_signal_no_added_fibre_full_sweep.csv","7 dBm",29,"Test"
1189,"roadm_7dbm_injected_signal_no_added_fibre_full_sweep.csv","7 dBm",29,"Test"
1190,"roadm_7dbm_injected_signal_no_added_fibre_full_sweep.csv","7 dBm",29,"Test"
1191,"roadm_7dbm_injected_signal_no_added_fibre_full_sweep.csv","7 dBm",29,"Train"
1192,"roadm_7dbm_injected_signal_no_added_fibre_full_sweep.csv","7 dBm",29,"Train"
1193,"roadm_7dbm_injected_signal_no_added_fibre_full_sweep.csv","7 dBm",29,"Train"
1194,"roadm_7dbm_injected_signal_no_added_fibre_full_sweep.csv","7 dBm",29,"Train"
1195,"roadm_7dbm_injected_signal_no_added_fibre_full_sweep.csv","7 dBm",29,"Train"
1196,"roadm_7dbm_injected_signal_no_added_fibre_full_sweep.csv","7 dBm",29,"Train"
1197,"roadm_7dbm_injected_signal_no_added_fibre_full_sweep.csv","7 dBm",29,"Test"
1198,"roadm_7dbm_injected_signal_no_added_fibre_full_sweep.csv","7 dBm",30,"Train"
1199,"roadm_7dbm_injected_signal_no_added_fibre_full_sweep.csv","7 dBm",30,"Test"
1200,"roadm_7dbm_injected_signal_no_added_fibre_full_sweep.csv","7 dBm",30,"Train"
1201,"roadm_7dbm_injected_signal_no_added_fibre_full_sweep.csv","7 dBm",30,"Test"
1202,"roadm_7dbm_injected_signal_no_added_fibre_full_sweep.csv","7 dBm",30,"Train"
1203,"roadm_7dbm_injected_signal_no_added_fibre_full_sweep.csv","7 dBm",30,"Test"
1204,"roadm_7dbm_injected_signal_no_added_fibre_full_sweep.csv","7 dBm",30,"Test"
1205,"roadm_7dbm_injected_signal_no_added_fibre_full_sweep.csv","7 dBm",30,"Train"
1206,"roadm_7dbm_injected_signal_no_added_fibre_full_sweep.csv","7 dBm",30,"Test"
1207,"roadm_7dbm_injected_signal_no_added_fibre_full_sweep.csv","7 dBm",30,"Test"
1208,"roadm_7dbm_injected_signal_no_added_fibre_full_sweep.csv","7 dBm",30,"Test"
1209,"roadm_7dbm_injected_signal_no_added_fibre_full_sweep.csv","7 dBm",30,"Test"
1210,"roadm_7dbm_injected_signal_no_added_fibre_full_sweep.csv","7 dBm",30,"Test"
1211,"roadm_7dbm_injected_signal_no_added_fibre_full_sweep.csv","7 dBm",30,"Train"
1212,"roadm_7dbm_injected_signal_no_added_fibre_full_sweep.csv","7 dBm",30,"Train"
1213,"roadm_7dbm_injected_signal_no_added_fibre_full_sweep.csv","7 dBm",30,"Train"
1214,"roadm_7dbm_injected_signal_no_added_fibre_full_sweep.csv","7 dBm",30,"Test"
1215,"roadm_7dbm_injected_signal_no_added_fibre_full_sweep.csv","7 dBm",30,"Train"
1216,"roadm_7dbm_injected_signal_no_added_fibre_full_sweep.csv","7 dBm",30,"Train"
1217,"roadm_7dbm_injected_signal_no_added_fibre_full_sweep.csv","7 dBm",30,"Train"
1218,"roadm_7dbm_injected_signal_no_added_fibre_full_sweep.csv","7 dBm",30,"Train"
1219,"roadm_7dbm_injected_signal_no_added_fibre_full_sweep.csv","7 dBm",30,"Train"
1220,"roadm_7dbm_injected_signal_no_added_fibre_full_sweep.csv","7 dBm",30,"Train"
1221,"roadm_7dbm_injected_signal_no_added_fibre_full_sweep.csv","7 dBm",30,"Train"
1222,"roadm_7dbm_injected_signal_no_added_fibre_full_sweep.csv","7 dBm",30,"Train"
1223,"roadm_7dbm_injected_signal_no_added_fibre_full_sweep.csv","7 dBm",30,"Train"
1224,"roadm_7dbm_injected_signal_no_added_fibre_full_sweep.csv","7 dBm",30,"Test"
1225,"roadm_7dbm_injected_signal_no_added_fibre_full_sweep.csv","7 dBm",30,"Train"
1226,"roadm_9dbm_injected_signal_no_added_fibre_full_sweep.csv","9 dBm",10,"Train"
1227,"roadm_9dbm_injected_signal_no_added_fibre_full_sweep.csv","9 dBm",10,"Train"
1228,"roadm_9dbm_injected_signal_no_added_fibre_full_sweep.csv","9 dBm",10,"Train"
1229,"roadm_9dbm_injected_signal_no_added_fibre_full_sweep.csv","9 dBm",10,"Train"
1230,"roadm_9dbm_injected_signal_no_added_fibre_full_sweep.csv","9 dBm",10,"Train"
1231,"roadm_9dbm_injected_signal_no_added_fibre_full_sweep.csv","9 dBm",10,"Train"
1232,"roadm_9dbm_injected_signal_no_added_fibre_full_sweep.csv","9 dBm",10,"Test"
1233,"roadm_9dbm_injected_signal_no_added_fibre_full_sweep.csv","9 dBm",10,"Train"
1234,"roadm_9dbm_injected_signal_no_added_fibre_full_sweep.csv","9 dBm",10,"Train"
1235,"roadm_9dbm_injected_signal_no_added_fibre_full_sweep.csv","9 dBm",10,"Test"
1236,"roadm_9dbm_injected_signal_no_added_fibre_full_sweep.csv","9 dBm",10,"Train"
1237,"roadm_9dbm_injected_signal_no_added_fibre_full_sweep.csv","9 dBm",10,"Train"
1238,"roadm_9dbm_injected_signal_no_added_fibre_full_sweep.csv","9 dBm",10,"Train"
1239,"roadm_9dbm_injected_signal_no_added_fibre_full_sweep.csv","9 dBm",10,"Test"
1240,"roadm_9dbm_injected_signal_no_added_fibre_full_sweep.csv","9 dBm",10,"Test"
1241,"roadm_9dbm_injected_signal_no_added_fibre_full_sweep.csv","9 dBm",10,"Test"
1242,"roadm_9dbm_injected_signal_no_added_fibre_full_sweep.csv","9 dBm",10,"Test"
1243,"roadm_9dbm_injected_signal_no_added_fibre_full_sweep.csv","9 dBm",10,"Test"
1244,"roadm_9dbm_injected_signal_no_added_fibre_full_sweep.csv","9 dBm",10,"Train"
1245,"roadm_9dbm_injected_signal_no_added_fibre_full_sweep.csv","9 dBm",10,"Train"
1246,"roadm_9dbm_injected_signal_no_added_fibre_full_sweep.csv","9 dBm",10,"Test"
1247,"roadm_9dbm_injected_signal_no_added_fibre_full_sweep.csv","9 dBm",10,"Test"
1248,"roadm_9dbm_injected_signal_no_added_fibre_full_sweep.csv","9 dBm",10,"Test"
1249,"roadm_9dbm_injected_signal_no_added_fibre_full_sweep.csv","9 dBm",10,"Train"
1250,"roadm_9dbm_injected_signal_no_added_fibre_full_sweep.csv","9 dBm",10,"Test"
1251,"roadm_9dbm_injected_signal_no_added_fibre_full_sweep.csv","9 dBm",10,"Train"
1252,"roadm_9dbm_injected_signal_no_added_fibre_full_sweep.csv","9 dBm",10,"Train"
1253,"roadm_9dbm_injected_signal_no_added_fibre_full_sweep.csv","9 dBm",10,"Test"
1254,"roadm_9dbm_injected_signal_no_added_fibre_full_sweep.csv","9 dBm",10,"Train"
1255,"roadm_9dbm_injected_signal_no_added_fibre_full_sweep.csv","9 dBm",10,"Train"
1256,"roadm_9dbm_injected_signal_no_added_fibre_full_sweep.csv","9 dBm",10,"Train"
1257,"roadm_9dbm_injected_signal_no_added_fibre_full_sweep.csv","9 dBm",10,"Train"
1258,"roadm_9dbm_injected_signal_no_added_fibre_full_sweep.csv","9 dBm",10,"Train"
1259,"roadm_9dbm_injected_signal_no_added_fibre_full_sweep.csv","9 dBm",10,"Test"
1260,"roadm_9dbm_injected_signal_no_added_fibre_full_sweep.csv","9 dBm",10,"Train"
1261,"roadm_9dbm_injected_signal_no_added_fibre_full_sweep.csv","9 dBm",10,"Train"
1262,"roadm_9dbm_injected_signal_no_added_fibre_full_sweep.csv","9 dBm",10,"Train"
1263,"roadm_9dbm_injected_signal_no_added_fibre_full_sweep.csv","9 dBm",10,"Train"
1264,"roadm_9dbm_injected_signal_no_added_fibre_full_sweep.csv","9 dBm",10,"Train"
1265,"roadm_9dbm_injected_signal_no_added_fibre_full_sweep.csv","9 dBm",10,"Train"
1266,"roadm_9dbm_injected_signal_no_added_fibre_full_sweep.csv","9 dBm",10,"Train"
1267,"roadm_9dbm_injected_signal_no_added_fibre_full_sweep.csv","9 dBm",10,"Train"
1268,"roadm_9dbm_injected_signal_no_added_fibre_full_sweep.csv","9 dBm",10,"Test"
1269,"roadm_9dbm_injected_signal_no_added_fibre_full_sweep.csv","9 dBm",10,"Train"
1270,"roadm_9dbm_injected_signal_no_added_fibre_full_sweep.csv","9 dBm",10,"Test"
1271,"roadm_9dbm_injected_signal_no_added_fibre_full_sweep.csv","9 dBm",10,"Test"
1272,"roadm_9dbm_injected_signal_no_added_fibre_full_sweep.csv","9 dBm",10,"Train"
1273,"roadm_9dbm_injected_signal_no_added_fibre_full_sweep.csv","9 dBm",10,"Train"
1274,"roadm_9dbm_injected_signal_no_added_fibre_full_sweep.csv","9 dBm",10,"Train"
1275,"roadm_9dbm_injected_signal_no_added_fibre_full_sweep.csv","9 dBm",10,"Test"
1276,"roadm_9dbm_injected_signal_no_added_fibre_full_sweep.csv","9 dBm",10,"Train"
1277,"roadm_9dbm_injected_signal_no_added_fibre_full_sweep.csv","9 dBm",10,"Test"
1278,"roadm_9dbm_injected_signal_no_added_fibre_full_sweep.csv","9 dBm",10,"Test"
1279,"roadm_9dbm_injected_signal_no_added_fibre_full_sweep.csv","9 dBm",10,"Train"
1280,"roadm_9dbm_injected_signal_no_added_fibre_full_sweep.csv","9 dBm",10,"Train"
1281,"roadm_9dbm_injected_signal_no_added_fibre_full_sweep.csv","9 dBm",10,"Train"
1282,"roadm_9dbm_injected_signal_no_added_fibre_full_sweep.csv","9 dBm",10,"Train"
1283,"roadm_9dbm_injected_signal_no_added_fibre_full_sweep.csv","9 dBm",15,"Train"
1284,"roadm_9dbm_injected_signal_no_added_fibre_full_sweep.csv","9 dBm",15,"Train"
1285,"roadm_9dbm_injected_signal_no_added_fibre_full_sweep.csv","9 dBm",15,"Train"
1286,"roadm_9dbm_injected_signal_no_added_fibre_full_sweep.csv","9 dBm",15,"Train"
1287,"roadm_9dbm_injected_signal_no_added_fibre_full_sweep.csv","9 dBm",15,"Test"
1288,"roadm_9dbm_injected_signal_no_added_fibre_full_sweep.csv","9 dBm",15,"Train"
1289,"roadm_9dbm_injected_signal_no_added_fibre_full_sweep.csv","9 dBm",15,"Test"
1290,"roadm_9dbm_injected_signal_no_added_fibre_full_sweep.csv","9 dBm",15,"Train"
1291,"roadm_9dbm_injected_signal_no_added_fibre_full_sweep.csv","9 dBm",15,"Train"
1292,"roadm_9dbm_injected_signal_no_added_fibre_full_sweep.csv","9 dBm",15,"Train"
1293,"roadm_9dbm_injected_signal_no_added_fibre_full_sweep.csv","9 dBm",15,"Train"
1294,"roadm_9dbm_injected_signal_no_added_fibre_full_sweep.csv","9 dBm",15,"Test"
1295,"roadm_9dbm_injected_signal_no_added_fibre_full_sweep.csv","9 dBm",15,"Test"
1296,"roadm_9dbm_injected_signal_no_added_fibre_full_sweep.csv","9 dBm",15,"Train"
1297,"roadm_9dbm_injected_signal_no_added_fibre_full_sweep.csv","9 dBm",15,"Train"
1298,"roadm_9dbm_injected_signal_no_added_fibre_full_sweep.csv","9 dBm",15,"Test"
1299,"roadm_9dbm_injected_signal_no_added_fibre_full_sweep.csv","9 dBm",15,"Train"
1300,"roadm_9dbm_injected_signal_no_added_fibre_full_sweep.csv","9 dBm",15,"Train"
1301,"roadm_9dbm_injected_signal_no_added_fibre_full_sweep.csv","9 dBm",15,"Test"
1302,"roadm_9dbm_injected_signal_no_added_fibre_full_sweep.csv","9 dBm",15,"Test"
1303,"roadm_9dbm_injected_signal_no_added_fibre_full_sweep.csv","9 dBm",15,"Train"
1304,"roadm_9dbm_injected_signal_no_added_fibre_full_sweep.csv","9 dBm",15,"Train"
1305,"roadm_9dbm_injected_signal_no_added_fibre_full_sweep.csv","9 dBm",15,"Train"
1306,"roadm_9dbm_injected_signal_no_added_fibre_full_sweep.csv","9 dBm",15,"Train"
1307,"roadm_9dbm_injected_signal_no_added_fibre_full_sweep.csv","9 dBm",15,"Train"
1308,"roadm_9dbm_injected_signal_no_added_fibre_full_sweep.csv","9 dBm",15,"Train"
1309,"roadm_9dbm_injected_signal_no_added_fibre_full_sweep.csv","9 dBm",15,"Train"
1310,"roadm_9dbm_injected_signal_no_added_fibre_full_sweep.csv","9 dBm",15,"Train"
1311,"roadm_9dbm_injected_signal_no_added_fibre_full_sweep.csv","9 dBm",15,"Train"
1312,"roadm_9dbm_injected_signal_no_added_fibre_full_sweep.csv","9 dBm",15,"Train"
1313,"roadm_9dbm_injected_signal_no_added_fibre_full_sweep.csv","9 dBm",15,"Test"
1314,"roadm_9dbm_injected_signal_no_added_fibre_full_sweep.csv","9 dBm",15,"Test"
1315,"roadm_9dbm_injected_signal_no_added_fibre_full_sweep.csv","9 dBm",15,"Test"
1316,"roadm_9dbm_injected_signal_no_added_fibre_full_sweep.csv","9 dBm",15,"Train"
1317,"roadm_9dbm_injected_signal_no_added_fibre_full_sweep.csv","9 dBm",15,"Test"
1318,"roadm_9dbm_injected_signal_no_added_fibre_full_sweep.csv","9 dBm",15,"Train"
1319,"roadm_9dbm_injected_signal_no_added_fibre_full_sweep.csv","9 dBm",15,"Train"
1320,"roadm_9dbm_injected_signal_no_added_fibre_full_sweep.csv","9 dBm",15,"Train"
1321,"roadm_9dbm_injected_signal_no_added_fibre_full_sweep.csv","9 dBm",15,"Test"
1322,"roadm_9dbm_injected_signal_no_added_fibre_full_sweep.csv","9 dBm",15,"Train"
1323,"roadm_9dbm_injected_signal_no_added_fibre_full_sweep.csv","9 dBm",15,"Train"
1324,"roadm_9dbm_injected_signal_no_added_fibre_full_sweep.csv","9 dBm",15,"Train"
1325,"roadm_9dbm_injected_signal_no_added_fibre_full_sweep.csv","9 dBm",15,"Train"
1326,"roadm_9dbm_injected_signal_no_added_fibre_full_sweep.csv","9 dBm",15,"Train"
1327,"roadm_9dbm_injected_signal_no_added_fibre_full_sweep.csv","9 dBm",15,"Test"
1328,"roadm_9dbm_injected_signal_no_added_fibre_full_sweep.csv","9 dBm",15,"Train"
1329,"roadm_9dbm_injected_signal_no_added_fibre_full_sweep.csv","9 dBm",15,"Train"
1330,"roadm_9dbm_injected_signal_no_added_fibre_full_sweep.csv","9 dBm",15,"Test"
1331,"roadm_9dbm_injected_signal_no_added_fibre_full_sweep.csv","9 dBm",15,"Train"
1332,"roadm_9dbm_injected_signal_no_added_fibre_full_sweep.csv","9 dBm",15,"Train"
1333,"roadm_9dbm_injected_signal_no_added_fibre_full_sweep.csv","9 dBm",20,"Train"
1334,"roadm_9dbm_injected_signal_no_added_fibre_full_sweep.csv","9 dBm",20,"Train"
1335,"roadm_9dbm_injected_signal_no_added_fibre_full_sweep.csv","9 dBm",20,"Test"
1336,"roadm_9dbm_injected_signal_no_added_fibre_full_sweep.csv","9 dBm",20,"Train"
1337,"roadm_9dbm_injected_signal_no_added_fibre_full_sweep.csv","9 dBm",20,"Train"
1338,"roadm_9dbm_injected_signal_no_added_fibre_full_sweep.csv","9 dBm",20,"Test"
1339,"roadm_9dbm_injected_signal_no_added_fibre_full_sweep.csv","9 dBm",20,"Train"
1340,"roadm_9dbm_injected_signal_no_added_fibre_full_sweep.csv","9 dBm",20,"Test"
1341,"roadm_9dbm_injected_signal_no_added_fibre_full_sweep.csv","9 dBm",20,"Test"
1342,"roadm_9dbm_injected_signal_no_added_fibre_full_sweep.csv","9 dBm",20,"Train"
1343,"roadm_9dbm_injected_signal_no_added_fibre_full_sweep.csv","9 dBm",20,"Train"
1344,"roadm_9dbm_injected_signal_no_added_fibre_full_sweep.csv","9 dBm",20,"Train"
1345,"roadm_9dbm_injected_signal_no_added_fibre_full_sweep.csv","9 dBm",20,"Train"
1346,"roadm_9dbm_injected_signal_no_added_fibre_full_sweep.csv","9 dBm",20,"Test"
1347,"roadm_9dbm_injected_signal_no_added_fibre_full_sweep.csv","9 dBm",20,"Train"
1348,"roadm_9dbm_injected_signal_no_added_fibre_full_sweep.csv","9 dBm",20,"Train"
1349,"roadm_9dbm_injected_signal_no_added_fibre_full_sweep.csv","9 dBm",20,"Train"
1350,"roadm_9dbm_injected_signal_no_added_fibre_full_sweep.csv","9 dBm",20,"Train"
1351,"roadm_9dbm_injected_signal_no_added_fibre_full_sweep.csv","9 dBm",20,"Test"
1352,"roadm_9dbm_injected_signal_no_added_fibre_full_sweep.csv","9 dBm",20,"Test"
1353,"roadm_9dbm_injected_signal_no_added_fibre_full_sweep.csv","9 dBm",20,"Train"
1354,"roadm_9dbm_injected_signal_no_added_fibre_full_sweep.csv","9 dBm",20,"Test"
1355,"roadm_9dbm_injected_signal_no_added_fibre_full_sweep.csv","9 dBm",20,"Train"
1356,"roadm_9dbm_injected_signal_no_added_fibre_full_sweep.csv","9 dBm",20,"Train"
1357,"roadm_9dbm_injected_signal_no_added_fibre_full_sweep.csv","9 dBm",20,"Train"
1358,"roadm_9dbm_injected_signal_no_added_fibre_full_sweep.csv","9 dBm",20,"Train"
1359,"roadm_9dbm_injected_signal_no_added_fibre_full_sweep.csv","9 dBm",20,"Test"
1360,"roadm_9dbm_injected_signal_no_added_fibre_full_sweep.csv","9 dBm",20,"Train"
1361,"roadm_9dbm_injected_signal_no_added_fibre_full_sweep.csv","9 dBm",20,"Train"
1362,"roadm_9dbm_injected_signal_no_added_fibre_full_sweep.csv","9 dBm",20,"Train"
1363,"roadm_9dbm_injected_signal_no_added_fibre_full_sweep.csv","9 dBm",20,"Test"
1364,"roadm_9dbm_injected_signal_no_added_fibre_full_sweep.csv","9 dBm",20,"Train"
1365,"roadm_9dbm_injected_signal_no_added_fibre_full_sweep.csv","9 dBm",25,"Train"
1366,"roadm_9dbm_injected_signal_no_added_fibre_full_sweep.csv","9 dBm",25,"Train"
1367,"roadm_9dbm_injected_signal_no_added_fibre_full_sweep.csv","9 dBm",25,"Test"
1368,"roadm_9dbm_injected_signal_no_added_fibre_full_sweep.csv","9 dBm",25,"Train"
1369,"roadm_9dbm_injected_signal_no_added_fibre_full_sweep.csv","9 dBm",25,"Train"
1370,"roadm_9dbm_injected_signal_no_added_fibre_full_sweep.csv","9 dBm",25,"Train"
1371,"roadm_9dbm_injected_signal_no_added_fibre_full_sweep.csv","9 dBm",25,"Train"
1372,"roadm_9dbm_injected_signal_no_added_fibre_full_sweep.csv","9 dBm",25,"Test"
1373,"roadm_9dbm_injected_signal_no_added_fibre_full_sweep.csv","9 dBm",25,"Test"
1374,"roadm_9dbm_injected_signal_no_added_fibre_full_sweep.csv","9 dBm",25,"Train"
1375,"roadm_9dbm_injected_signal_no_added_fibre_full_sweep.csv","9 dBm",25,"Train"
1376,"roadm_9dbm_injected_signal_no_added_fibre_full_sweep.csv","9 dBm",25,"Train"
1377,"roadm_9dbm_injected_signal_no_added_fibre_full_sweep.csv","9 dBm",25,"Train"
1378,"roadm_9dbm_injected_signal_no_added_fibre_full_sweep.csv","9 dBm",25,"Test"
1379,"roadm_9dbm_injected_signal_no_added_fibre_full_sweep.csv","9 dBm",25,"Train"
1380,"roadm_9dbm_injected_signal_no_added_fibre_full_sweep.csv","9 dBm",25,"Train"
1381,"roadm_9dbm_injected_signal_no_added_fibre_full_sweep.csv","9 dBm",25,"Test"
1382,"roadm_9dbm_injected_signal_no_added_fibre_full_sweep.csv","9 dBm",25,"Test"
1383,"roadm_9dbm_injected_signal_no_added_fibre_full_sweep.csv","9 dBm",25,"Train"
1384,"roadm_9dbm_injected_signal_no_added_fibre_full_sweep.csv","9 dBm",25,"Train"
1385,"roadm_9dbm_injected_signal_no_added_fibre_full_sweep.csv","9 dBm",25,"Train"
1386,"roadm_9dbm_injected_signal_no_added_fibre_full_sweep.csv","9 dBm",25,"Test"
1387,"roadm_9dbm_injected_signal_no_added_fibre_full_sweep.csv","9 dBm",25,"Train"
1388,"roadm_9dbm_injected_signal_no_added_fibre_full_sweep.csv","9 dBm",25,"Test"
1389,"roadm_9dbm_injected_signal_no_added_fibre_full_sweep.csv","9 dBm",25,"Test"
1390,"roadm_9dbm_injected_signal_no_added_fibre_full_sweep.csv","9 dBm",25,"Train"
1391,"roadm_9dbm_injected_signal_no_added_fibre_full_sweep.csv","9 dBm",25,"Test"
1392,"roadm_9dbm_injected_signal_no_added_fibre_full_sweep.csv","9 dBm",25,"Train"
1393,"roadm_9dbm_injected_signal_no_added_fibre_full_sweep.csv","9 dBm",25,"Train"
1394,"roadm_9dbm_injected_signal_no_added_fibre_full_sweep.csv","9 dBm",25,"Train"
1395,"roadm_9dbm_injected_signal_no_added_fibre_full_sweep.csv","9 dBm",25,"Train"
1396,"roadm_9dbm_injected_signal_no_added_fibre_full_sweep.csv","9 dBm",25,"Train"
1397,"roadm_9dbm_injected_signal_no_added_fibre_full_sweep.csv","9 dBm",25,"Test"
1398,"roadm_9dbm_injected_signal_no_added_fibre_full_sweep.csv","9 dBm",25,"Train"
1399,"roadm_9dbm_injected_signal_no_added_fibre_full_sweep.csv","9 dBm",25,"Train"
1400,"roadm_9dbm_injected_signal_no_added_fibre_full_sweep.csv","9 dBm",25,"Train"
1401,"roadm_9dbm_injected_signal_no_added_fibre_full_sweep.csv","9 dBm",25,"Train"
1402,"roadm_9dbm_injected_signal_no_added_fibre_full_sweep.csv","9 dBm",25,"Test"
1403,"roadm_9dbm_injected_signal_no_added_fibre_full_sweep.csv","9 dBm",25,"Train"
1404,"roadm_9dbm_injected_signal_no_added_fibre_full_sweep.csv","9 dBm",25,"Test"
1405,"roadm_9dbm_injected_signal_no_added_fibre_full_sweep.csv","9 dBm",27,"Train"
1406,"roadm_9dbm_injected_signal_no_added_fibre_full_sweep.csv","9 dBm",27,"Train"
1407,"roadm_9dbm_injected_signal_no_added_fibre_full_sweep.csv","9 dBm",27,"Train"
1408,"roadm_9dbm_injected_signal_no_added_fibre_full_sweep.csv","9 dBm",27,"Train"
1409,"roadm_9dbm_injected_signal_no_added_fibre_full_sweep.csv","9 dBm",27,"Test"
1410,"roadm_9dbm_injected_signal_no_added_fibre_full_sweep.csv","9 dBm",27,"Test"
1411,"roadm_9dbm_injected_signal_no_added_fibre_full_sweep.csv","9 dBm",27,"Train"
1412,"roadm_9dbm_injected_signal_no_added_fibre_full_sweep.csv","9 dBm",27,"Train"
1413,"roadm_9dbm_injected_signal_no_added_fibre_full_sweep.csv","9 dBm",27,"Train"
1414,"roadm_9dbm_injected_signal_no_added_fibre_full_sweep.csv","9 dBm",27,"Train"
1415,"roadm_9dbm_injected_signal_no_added_fibre_full_sweep.csv","9 dBm",27,"Train"
1416,"roadm_9dbm_injected_signal_no_added_fibre_full_sweep.csv","9 dBm",27,"Train"
1417,"roadm_9dbm_injected_signal_no_added_fibre_full_sweep.csv","9 dBm",27,"Train"
1418,"roadm_9dbm_injected_signal_no_added_fibre_full_sweep.csv","9 dBm",27,"Train"
1419,"roadm_9dbm_injected_signal_no_added_fibre_full_sweep.csv","9 dBm",27,"Train"
1420,"roadm_9dbm_injected_signal_no_added_fibre_full_sweep.csv","9 dBm",27,"Train"
1421,"roadm_9dbm_injected_signal_no_added_fibre_full_sweep.csv","9 dBm",27,"Train"
1422,"roadm_9dbm_injected_signal_no_added_fibre_full_sweep.csv","9 dBm",27,"Train"
1423,"roadm_9dbm_injected_signal_no_added_fibre_full_sweep.csv","9 dBm",27,"Train"
1424,"roadm_9dbm_injected_signal_no_added_fibre_full_sweep.csv","9 dBm",27,"Train"
1425,"roadm_9dbm_injected_signal_no_added_fibre_full_sweep.csv","9 dBm",27,"Train"
1426,"roadm_9dbm_injected_signal_no_added_fibre_full_sweep.csv","9 dBm",27,"Train"
1427,"roadm_9dbm_injected_signal_no_added_fibre_full_sweep.csv","9 dBm",27,"Train"
1428,"roadm_9dbm_injected_signal_no_added_fibre_full_sweep.csv","9 dBm",27,"Train"
1429,"roadm_9dbm_injected_signal_no_added_fibre_full_sweep.csv","9 dBm",27,"Train"
1430,"roadm_9dbm_injected_signal_no_added_fibre_full_sweep.csv","9 dBm",27,"Train"
1431,"roadm_9dbm_injected_signal_no_added_fibre_full_sweep.csv","9 dBm",27,"Train"
1432,"roadm_9dbm_injected_signal_no_added_fibre_full_sweep.csv","9 dBm",27,"Train"
1433,"roadm_9dbm_injected_signal_no_added_fibre_full_sweep.csv","9 dBm",27,"Test"
1434,"roadm_9dbm_injected_signal_no_added_fibre_full_sweep.csv","9 dBm",27,"Test"
1435,"roadm_9dbm_injected_signal_no_added_fibre_full_sweep.csv","9 dBm",27,"Train"
1436,"roadm_9dbm_injected_signal_no_added_fibre_full_sweep.csv","9 dBm",27,"Train"
1437,"roadm_9dbm_injected_signal_no_added_fibre_full_sweep.csv","9 dBm",27,"Test"
1438,"roadm_9dbm_injected_signal_no_added_fibre_full_sweep.csv","9 dBm",27,"Test"
1439,"roadm_9dbm_injected_signal_no_added_fibre_full_sweep.csv","9 dBm",27,"Train"
1440,"roadm_9dbm_injected_signal_no_added_fibre_full_sweep.csv","9 dBm",27,"Train"
1441,"roadm_9dbm_injected_signal_no_added_fibre_full_sweep.csv","9 dBm",27,"Test"
1442,"roadm_9dbm_injected_signal_no_added_fibre_full_sweep.csv","9 dBm",27,"Test"
1443,"roadm_9dbm_injected_signal_no_added_fibre_full_sweep.csv","9 dBm",27,"Train"
1444,"roadm_9dbm_injected_signal_no_added_fibre_full_sweep.csv","9 dBm",27,"Train"
1445,"roadm_9dbm_injected_signal_no_added_fibre_full_sweep.csv","9 dBm",27,"Test"
1446,"roadm_9dbm_injected_signal_no_added_fibre_full_sweep.csv","9 dBm",28,"Train"
1447,"roadm_9dbm_injected_signal_no_added_fibre_full_sweep.csv","9 dBm",28,"Train"
1448,"roadm_9dbm_injected_signal_no_added_fibre_full_sweep.csv","9 dBm",28,"Train"
1449,"roadm_9dbm_injected_signal_no_added_fibre_full_sweep.csv","9 dBm",28,"Train"
1450,"roadm_9dbm_injected_signal_no_added_fibre_full_sweep.csv","9 dBm",28,"Test"
1451,"roadm_9dbm_injected_signal_no_added_fibre_full_sweep.csv","9 dBm",28,"Train"
1452,"roadm_9dbm_injected_signal_no_added_fibre_full_sweep.csv","9 dBm",28,"Train"
1453,"roadm_9dbm_injected_signal_no_added_fibre_full_sweep.csv","9 dBm",28,"Train"
1454,"roadm_9dbm_injected_signal_no_added_fibre_full_sweep.csv","9 dBm",28,"Train"
1455,"roadm_9dbm_injected_signal_no_added_fibre_full_sweep.csv","9 dBm",28,"Test"
1456,"roadm_9dbm_injected_signal_no_added_fibre_full_sweep.csv","9 dBm",28,"Test"
1457,"roadm_9dbm_injected_signal_no_added_fibre_full_sweep.csv","9 dBm",28,"Train"
1458,"roadm_9dbm_injected_signal_no_added_fibre_full_sweep.csv","9 dBm",28,"Test"
1459,"roadm_9dbm_injected_signal_no_added_fibre_full_sweep.csv","9 dBm",28,"Train"
1460,"roadm_9dbm_injected_signal_no_added_fibre_full_sweep.csv","9 dBm",28,"Train"
1461,"roadm_9dbm_injected_signal_no_added_fibre_full_sweep.csv","9 dBm",28,"Train"
1462,"roadm_9dbm_injected_signal_no_added_fibre_full_sweep.csv","9 dBm",28,"Train"
1463,"roadm_9dbm_injected_signal_no_added_fibre_full_sweep.csv","9 dBm",28,"Test"
1464,"roadm_9dbm_injected_signal_no_added_fibre_full_sweep.csv","9 dBm",28,"Train"
1465,"roadm_9dbm_injected_signal_no_added_fibre_full_sweep.csv","9 dBm",28,"Train"
1466,"roadm_9dbm_injected_signal_no_added_fibre_full_sweep.csv","9 dBm",28,"Train"
1467,"roadm_9dbm_injected_signal_no_added_fibre_full_sweep.csv","9 dBm",28,"Train"
1468,"roadm_9dbm_injected_signal_no_added_fibre_full_sweep.csv","9 dBm",28,"Test"
1469,"roadm_9dbm_injected_signal_no_added_fibre_full_sweep.csv","9 dBm",28,"Train"
1470,"roadm_9dbm_injected_signal_no_added_fibre_full_sweep.csv","9 dBm",28,"Train"
1471,"roadm_9dbm_injected_signal_no_added_fibre_full_sweep.csv","9 dBm",28,"Train"
1472,"roadm_9dbm_injected_signal_no_added_fibre_full_sweep.csv","9 dBm",28,"Test"
1473,"roadm_9dbm_injected_signal_no_added_fibre_full_sweep.csv","9 dBm",28,"Train"
1474,"roadm_9dbm_injected_signal_no_added_fibre_full_sweep.csv","9 dBm",28,"Test"
1475,"roadm_9dbm_injected_signal_no_added_fibre_full_sweep.csv","9 dBm",28,"Test"
1476,"roadm_9dbm_injected_signal_no_added_fibre_full_sweep.csv","9 dBm",28,"Train"
1477,"roadm_9dbm_injected_signal_no_added_fibre_full_sweep.csv","9 dBm",28,"Train"
1478,"roadm_9dbm_injected_signal_no_added_fibre_full_sweep.csv","9 dBm",29,"Test"
1479,"roadm_9dbm_injected_signal_no_added_fibre_full_sweep.csv","9 dBm",29,"Train"
1480,"roadm_9dbm_injected_signal_no_added_fibre_full_sweep.csv","9 dBm",29,"Train"
1481,"roadm_9dbm_injected_signal_no_added_fibre_full_sweep.csv","9 dBm",29,"Train"
1482,"roadm_9dbm_injected_signal_no_added_fibre_full_sweep.csv","9 dBm",29,"Train"
1483,"roadm_9dbm_injected_signal_no_added_fibre_full_sweep.csv","9 dBm",29,"Train"
1484,"roadm_9dbm_injected_signal_no_added_fibre_full_sweep.csv","9 dBm",29,"Train"
1485,"roadm_9dbm_injected_signal_no_added_fibre_full_sweep.csv","9 dBm",29,"Test"
1486,"roadm_9dbm_injected_signal_no_added_fibre_full_sweep.csv","9 dBm",29,"Train"
1487,"roadm_9dbm_injected_signal_no_added_fibre_full_sweep.csv","9 dBm",29,"Train"
1488,"roadm_9dbm_injected_signal_no_added_fibre_full_sweep.csv","9 dBm",29,"Train"
1489,"roadm_9dbm_injected_signal_no_added_fibre_full_sweep.csv","9 dBm",29,"Train"
1490,"roadm_9dbm_injected_signal_no_added_fibre_full_sweep.csv","9 dBm",29,"Train"
1491,"roadm_9dbm_injected_signal_no_added_fibre_full_sweep.csv","9 dBm",29,"Train"
1492,"roadm_9dbm_injected_signal_no_added_fibre_full_sweep.csv","9 dBm",29,"Train"
1493,"roadm_9dbm_injected_signal_no_added_fibre_full_sweep.csv","9 dBm",29,"Train"
1494,"roadm_9dbm_injected_signal_no_added_fibre_full_sweep.csv","9 dBm",29,"Test"
1495,"roadm_9dbm_injected_signal_no_added_fibre_full_sweep.csv","9 dBm",29,"Test"
1496,"roadm_9dbm_injected_signal_no_added_fibre_full_sweep.csv","9 dBm",29,"Train"
1497,"roadm_9dbm_injected_signal_no_added_fibre_full_sweep.csv","9 dBm",29,"Train"
1498,"roadm_9dbm_injected_signal_no_added_fibre_full_sweep.csv","9 dBm",29,"Train"
1499,"roadm_9dbm_injected_signal_no_added_fibre_full_sweep.csv","9 dBm",29,"Train"
1500,"roadm_9dbm_injected_signal_no_added_fibre_full_sweep.csv","9 dBm",29,"Train"
1501,"roadm_9dbm_injected_signal_no_added_fibre_full_sweep.csv","9 dBm",29,"Test"
1502,"roadm_9dbm_injected_signal_no_added_fibre_full_sweep.csv","9 dBm",29,"Train"
1503,"roadm_9dbm_injected_signal_no_added_fibre_full_sweep.csv","9 dBm",29,"Train"
1504,"roadm_9dbm_injected_signal_no_added_fibre_full_sweep.csv","9 dBm",29,"Test"
1505,"roadm_9dbm_injected_signal_no_added_fibre_full_sweep.csv","9 dBm",29,"Test"
1506,"roadm_9dbm_injected_signal_no_added_fibre_full_sweep.csv","9 dBm",29,"Train"
1507,"roadm_9dbm_injected_signal_no_added_fibre_full_sweep.csv","9 dBm",29,"Train"
1508,"roadm_9dbm_injected_signal_no_added_fibre_full_sweep.csv","9 dBm",29,"Train"
1509,"roadm_9dbm_injected_signal_no_added_fibre_full_sweep.csv","9 dBm",29,"Test"
1510,"roadm_9dbm_injected_signal_no_added_fibre_full_sweep.csv","9 dBm",29,"Train"
1511,"roadm_9dbm_injected_signal_no_added_fibre_full_sweep.csv","9 dBm",29,"Test"
1512,"roadm_9dbm_injected_signal_no_added_fibre_full_sweep.csv","9 dBm",29,"Train"
1513,"roadm_9dbm_injected_signal_no_added_fibre_full_sweep.csv","9 dBm",29,"Test"
1514,"roadm_9dbm_injected_signal_no_added_fibre_full_sweep.csv","9 dBm",29,"Train"
1515,"roadm_9dbm_injected_signal_no_added_fibre_full_sweep.csv","9 dBm",29,"Test"
1516,"roadm_9dbm_injected_signal_no_added_fibre_full_sweep.csv","9 dBm",29,"Test"
1517,"roadm_9dbm_injected_signal_no_added_fibre_full_sweep.csv","9 dBm",29,"Train"
1518,"roadm_9dbm_injected_signal_no_added_fibre_full_sweep.csv","9 dBm",30,"Train"
1519,"roadm_9dbm_injected_signal_no_added_fibre_full_sweep.csv","9 dBm",30,"Test"
1520,"roadm_9dbm_injected_signal_no_added_fibre_full_sweep.csv","9 dBm",30,"Test"
1521,"roadm_9dbm_injected_signal_no_added_fibre_full_sweep.csv","9 dBm",30,"Train"
1522,"roadm_9dbm_injected_signal_no_added_fibre_full_sweep.csv","9 dBm",30,"Train"
1523,"roadm_9dbm_injected_signal_no_added_fibre_full_sweep.csv","9 dBm",30,"Train"
1524,"roadm_9dbm_injected_signal_no_added_fibre_full_sweep.csv","9 dBm",30,"Test"
1525,"roadm_9dbm_injected_signal_no_added_fibre_full_sweep.csv","9 dBm",30,"Train"
1526,"roadm_9dbm_injected_signal_no_added_fibre_full_sweep.csv","9 dBm",30,"Train"
1527,"roadm_9dbm_injected_signal_no_added_fibre_full_sweep.csv","9 dBm",30,"Test"
1528,"roadm_9dbm_injected_signal_no_added_fibre_full_sweep.csv","9 dBm",30,"Train"
1529,"roadm_9dbm_injected_signal_no_added_fibre_full_sweep.csv","9 dBm",30,"Train"
1530,"roadm_9dbm_injected_signal_no_added_fibre_full_sweep.csv","9 dBm",30,"Train"
1531,"roadm_9dbm_injected_signal_no_added_fibre_full_sweep.csv","9 dBm",30,"Test"
1532,"roadm_9dbm_injected_signal_no_added_fibre_full_sweep.csv","9 dBm",30,"Test"
1533,"roadm_9dbm_injected_signal_no_added_fibre_full_sweep.csv","9 dBm",30,"Train"
1534,"roadm_9dbm_injected_signal_no_added_fibre_full_sweep.csv","9 dBm",30,"Test"
1535,"roadm_9dbm_injected_signal_no_added_fibre_full_sweep.csv","9 dBm",30,"Train"
1536,"roadm_9dbm_injected_signal_no_added_fibre_full_sweep.csv","9 dBm",30,"Test"
1537,"roadm_9dbm_injected_signal_no_added_fibre_full_sweep.csv","9 dBm",30,"Test"
1538,"roadm_9dbm_injected_signal_no_added_fibre_full_sweep.csv","9 dBm",30,"Train"
1539,"roadm_9dbm_injected_signal_no_added_fibre_full_sweep.csv","9 dBm",30,"Train"
1540,"roadm_9dbm_injected_signal_no_added_fibre_full_sweep.csv","9 dBm",30,"Train"
1541,"roadm_9dbm_injected_signal_no_added_fibre_full_sweep.csv","9 dBm",30,"Train"
1542,"roadm_9dbm_injected_signal_no_added_fibre_full_sweep.csv","9 dBm",30,"Train"
1543,"roadm_9dbm_injected_signal_no_added_fibre_full_sweep.csv","9 dBm",30,"Test"
1544,"roadm_9dbm_injected_signal_no_added_fibre_full_sweep.csv","9 dBm",30,"Train"
1545,"roadm_12dbm_injected_signal_no_added_fibre_full_sweep.csv","12 dBm",10,"Train"
1546,"roadm_12dbm_injected_signal_no_added_fibre_full_sweep.csv","12 dBm",10,"Train"
1547,"roadm_12dbm_injected_signal_no_added_fibre_full_sweep.csv","12 dBm",10,"Train"
1548,"roadm_12dbm_injected_signal_no_added_fibre_full_sweep.csv","12 dBm",10,"Test"
1549,"roadm_12dbm_injected_signal_no_added_fibre_full_sweep.csv","12 dBm",10,"Test"
1550,"roadm_12dbm_injected_signal_no_added_fibre_full_sweep.csv","12 dBm",10,"Train"
1551,"roadm_12dbm_injected_signal_no_added_fibre_full_sweep.csv","12 dBm",10,"Train"
1552,"roadm_12dbm_injected_signal_no_added_fibre_full_sweep.csv","12 dBm",10,"Test"
1553,"roadm_12dbm_injected_signal_no_added_fibre_full_sweep.csv","12 dBm",10,"Train"
1554,"roadm_12dbm_injected_signal_no_added_fibre_full_sweep.csv","12 dBm",10,"Train"
1555,"roadm_12dbm_injected_signal_no_added_fibre_full_sweep.csv","12 dBm",10,"Test"
1556,"roadm_12dbm_injected_signal_no_added_fibre_full_sweep.csv","12 dBm",10,"Train"
1557,"roadm_12dbm_injected_signal_no_added_fibre_full_sweep.csv","12 dBm",10,"Test"
1558,"roadm_12dbm_injected_signal_no_added_fibre_full_sweep.csv","12 dBm",10,"Test"
1559,"roadm_12dbm_injected_signal_no_added_fibre_full_sweep.csv","12 dBm",10,"Train"
1560,"roadm_12dbm_injected_signal_no_added_fibre_full_sweep.csv","12 dBm",10,"Test"
1561,"roadm_12dbm_injected_signal_no_added_fibre_full_sweep.csv","12 dBm",10,"Train"
1562,"roadm_12dbm_injected_signal_no_added_fibre_full_sweep.csv","12 dBm",10,"Train"
1563,"roadm_12dbm_injected_signal_no_added_fibre_full_sweep.csv","12 dBm",10,"Test"
1564,"roadm_12dbm_injected_signal_no_added_fibre_full_sweep.csv","12 dBm",10,"Train"
1565,"roadm_12dbm_injected_signal_no_added_fibre_full_sweep.csv","12 dBm",10,"Test"
1566,"roadm_12dbm_injected_signal_no_added_fibre_full_sweep.csv","12 dBm",10,"Test"
1567,"roadm_12dbm_injected_signal_no_added_fibre_full_sweep.csv","12 dBm",10,"Train"
1568,"roadm_12dbm_injected_signal_no_added_fibre_full_sweep.csv","12 dBm",10,"Test"
1569,"roadm_12dbm_injected_signal_no_added_fibre_full_sweep.csv","12 dBm",10,"Test"
1570,"roadm_12dbm_injected_signal_no_added_fibre_full_sweep.csv","12 dBm",10,"Train"
1571,"roadm_12dbm_injected_signal_no_added_fibre_full_sweep.csv","12 dBm",10,"Test"
1572,"roadm_12dbm_injected_signal_no_added_fibre_full_sweep.csv","12 dBm",10,"Train"
1573,"roadm_12dbm_injected_signal_no_added_fibre_full_sweep.csv","12 dBm",10,"Train"
1574,"roadm_12dbm_injected_signal_no_added_fibre_full_sweep.csv","12 dBm",10,"Train"
1575,"roadm_12dbm_injected_signal_no_added_fibre_full_sweep.csv","12 dBm",10,"Test"
1576,"roadm_12dbm_injected_signal_no_added_fibre_full_sweep.csv","12 dBm",10,"Train"
1577,"roadm_12dbm_injected_signal_no_added_fibre_full_sweep.csv","12 dBm",10,"Test"
1578,"roadm_12dbm_injected_signal_no_added_fibre_full_sweep.csv","12 dBm",10,"Train"
1579,"roadm_12dbm_injected_signal_no_added_fibre_full_sweep.csv","12 dBm",10,"Train"
1580,"roadm_12dbm_injected_signal_no_added_fibre_full_sweep.csv","12 dBm",10,"Train"
1581,"roadm_12dbm_injected_signal_no_added_fibre_full_sweep.csv","12 dBm",10,"Train"
1582,"roadm_12dbm_injected_signal_no_added_fibre_full_sweep.csv","12 dBm",10,"Test"
1583,"roadm_12dbm_injected_signal_no_added_fibre_full_sweep.csv","12 dBm",10,"Train"
1584,"roadm_12dbm_injected_signal_no_added_fibre_full_sweep.csv","12 dBm",10,"Train"
1585,"roadm_12dbm_injected_signal_no_added_fibre_full_sweep.csv","12 dBm",10,"Train"
1586,"roadm_12dbm_injected_signal_no_added_fibre_full_sweep.csv","12 dBm",10,"Test"
1587,"roadm_12dbm_injected_signal_no_added_fibre_full_sweep.csv","12 dBm",10,"Train"
1588,"roadm_12dbm_injected_signal_no_added_fibre_full_sweep.csv","12 dBm",10,"Train"
1589,"roadm_12dbm_injected_signal_no_added_fibre_full_sweep.csv","12 dBm",10,"Train"
1590,"roadm_12dbm_injected_signal_no_added_fibre_full_sweep.csv","12 dBm",10,"Train"
1591,"roadm_12dbm_injected_signal_no_added_fibre_full_sweep.csv","12 dBm",10,"Test"
1592,"roadm_12dbm_injected_signal_no_added_fibre_full_sweep.csv","12 dBm",10,"Train"
1593,"roadm_12dbm_injected_signal_no_added_fibre_full_sweep.csv","12 dBm",10,"Train"
1594,"roadm_12dbm_injected_signal_no_added_fibre_full_sweep.csv","12 dBm",10,"Train"
1595,"roadm_12dbm_injected_signal_no_added_fibre_full_sweep.csv","12 dBm",10,"Train"
1596,"roadm_12dbm_injected_signal_no_added_fibre_full_sweep.csv","12 dBm",10,"Train"
1597,"roadm_12dbm_injected_signal_no_added_fibre_full_sweep.csv","12 dBm",10,"Test"
1598,"roadm_12dbm_injected_signal_no_added_fibre_full_sweep.csv","12 dBm",10,"Test"
1599,"roadm_12dbm_injected_signal_no_added_fibre_full_sweep.csv","12 dBm",10,"Train"
1600,"roadm_12dbm_injected_signal_no_added_fibre_full_sweep.csv","12 dBm",10,"Test"
1601,"roadm_12dbm_injected_signal_no_added_fibre_full_sweep.csv","12 dBm",10,"Train"
1602,"roadm_12dbm_injected_signal_no_added_fibre_full_sweep.csv","12 dBm",10,"Test"
1603,"roadm_12dbm_injected_signal_no_added_fibre_full_sweep.csv","12 dBm",10,"Train"
1604,"roadm_12dbm_injected_signal_no_added_fibre_full_sweep.csv","12 dBm",10,"Train"
1605,"roadm_12dbm_injected_signal_no_added_fibre_full_sweep.csv","12 dBm",10,"Test"
1606,"roadm_12dbm_injected_signal_no_added_fibre_full_sweep.csv","12 dBm",10,"Train"
1607,"roadm_12dbm_injected_signal_no_added_fibre_full_sweep.csv","12 dBm",10,"Train"
1608,"roadm_12dbm_injected_signal_no_added_fibre_full_sweep.csv","12 dBm",10,"Train"
1609,"roadm_12dbm_injected_signal_no_added_fibre_full_sweep.csv","12 dBm",10,"Train"
1610,"roadm_12dbm_injected_signal_no_added_fibre_full_sweep.csv","12 dBm",15,"Test"
1611,"roadm_12dbm_injected_signal_no_added_fibre_full_sweep.csv","12 dBm",15,"Train"
1612,"roadm_12dbm_injected_signal_no_added_fibre_full_sweep.csv","12 dBm",15,"Test"
1613,"roadm_12dbm_injected_signal_no_added_fibre_full_sweep.csv","12 dBm",15,"Train"
1614,"roadm_12dbm_injected_signal_no_added_fibre_full_sweep.csv","12 dBm",15,"Train"
1615,"roadm_12dbm_injected_signal_no_added_fibre_full_sweep.csv","12 dBm",15,"Train"
1616,"roadm_12dbm_injected_signal_no_added_fibre_full_sweep.csv","12 dBm",15,"Test"
1617,"roadm_12dbm_injected_signal_no_added_fibre_full_sweep.csv","12 dBm",15,"Test"
1618,"roadm_12dbm_injected_signal_no_added_fibre_full_sweep.csv","12 dBm",15,"Train"
1619,"roadm_12dbm_injected_signal_no_added_fibre_full_sweep.csv","12 dBm",15,"Test"
1620,"roadm_12dbm_injected_signal_no_added_fibre_full_sweep.csv","12 dBm",15,"Test"
1621,"roadm_12dbm_injected_signal_no_added_fibre_full_sweep.csv","12 dBm",15,"Test"
1622,"roadm_12dbm_injected_signal_no_added_fibre_full_sweep.csv","12 dBm",15,"Train"
1623,"roadm_12dbm_injected_signal_no_added_fibre_full_sweep.csv","12 dBm",15,"Test"
1624,"roadm_12dbm_injected_signal_no_added_fibre_full_sweep.csv","12 dBm",15,"Train"
1625,"roadm_12dbm_injected_signal_no_added_fibre_full_sweep.csv","12 dBm",15,"Train"
1626,"roadm_12dbm_injected_signal_no_added_fibre_full_sweep.csv","12 dBm",15,"Test"
1627,"roadm_12dbm_injected_signal_no_added_fibre_full_sweep.csv","12 dBm",15,"Train"
1628,"roadm_12dbm_injected_signal_no_added_fibre_full_sweep.csv","12 dBm",15,"Train"
1629,"roadm_12dbm_injected_signal_no_added_fibre_full_sweep.csv","12 dBm",15,"Train"
1630,"roadm_12dbm_injected_signal_no_added_fibre_full_sweep.csv","12 dBm",15,"Test"
1631,"roadm_12dbm_injected_signal_no_added_fibre_full_sweep.csv","12 dBm",15,"Train"
1632,"roadm_12dbm_injected_signal_no_added_fibre_full_sweep.csv","12 dBm",15,"Train"
1633,"roadm_12dbm_injected_signal_no_added_fibre_full_sweep.csv","12 dBm",15,"Train"
1634,"roadm_12dbm_injected_signal_no_added_fibre_full_sweep.csv","12 dBm",15,"Train"
1635,"roadm_12dbm_injected_signal_no_added_fibre_full_sweep.csv","12 dBm",15,"Train"
1636,"roadm_12dbm_injected_signal_no_added_fibre_full_sweep.csv","12 dBm",15,"Test"
1637,"roadm_12dbm_injected_signal_no_added_fibre_full_sweep.csv","12 dBm",15,"Train"
1638,"roadm_12dbm_injected_signal_no_added_fibre_full_sweep.csv","12 dBm",15,"Train"
1639,"roadm_12dbm_injected_signal_no_added_fibre_full_sweep.csv","12 dBm",15,"Train"
1640,"roadm_12dbm_injected_signal_no_added_fibre_full_sweep.csv","12 dBm",15,"Test"
1641,"roadm_12dbm_injected_signal_no_added_fibre_full_sweep.csv","12 dBm",15,"Train"
1642,"roadm_12dbm_injected_signal_no_added_fibre_full_sweep.csv","12 dBm",15,"Test"
1643,"roadm_12dbm_injected_signal_no_added_fibre_full_sweep.csv","12 dBm",15,"Test"
1644,"roadm_12dbm_injected_signal_no_added_fibre_full_sweep.csv","12 dBm",15,"Test"
1645,"roadm_12dbm_injected_signal_no_added_fibre_full_sweep.csv","12 dBm",15,"Train"
1646,"roadm_12dbm_injected_signal_no_added_fibre_full_sweep.csv","12 dBm",15,"Test"
1647,"roadm_12dbm_injected_signal_no_added_fibre_full_sweep.csv","12 dBm",15,"Test"
1648,"roadm_12dbm_injected_signal_no_added_fibre_full_sweep.csv","12 dBm",15,"Test"
1649,"roadm_12dbm_injected_signal_no_added_fibre_full_sweep.csv","12 dBm",15,"Train"
1650,"roadm_12dbm_injected_signal_no_added_fibre_full_sweep.csv","12 dBm",15,"Train"
1651,"roadm_12dbm_injected_signal_no_added_fibre_full_sweep.csv","12 dBm",15,"Train"
1652,"roadm_12dbm_injected_signal_no_added_fibre_full_sweep.csv","12 dBm",15,"Test"
1653,"roadm_12dbm_injected_signal_no_added_fibre_full_sweep.csv","12 dBm",15,"Train"
1654,"roadm_12dbm_injected_signal_no_added_fibre_full_sweep.csv","12 dBm",15,"Train"
1655,"roadm_12dbm_injected_signal_no_added_fibre_full_sweep.csv","12 dBm",15,"Train"
1656,"roadm_12dbm_injected_signal_no_added_fibre_full_sweep.csv","12 dBm",15,"Train"
1657,"roadm_12dbm_injected_signal_no_added_fibre_full_sweep.csv","12 dBm",15,"Test"
1658,"roadm_12dbm_injected_signal_no_added_fibre_full_sweep.csv","12 dBm",15,"Train"
1659,"roadm_12dbm_injected_signal_no_added_fibre_full_sweep.csv","12 dBm",15,"Train"
1660,"roadm_12dbm_injected_signal_no_added_fibre_full_sweep.csv","12 dBm",15,"Test"
1661,"roadm_12dbm_injected_signal_no_added_fibre_full_sweep.csv","12 dBm",15,"Train"
1662,"roadm_12dbm_injected_signal_no_added_fibre_full_sweep.csv","12 dBm",15,"Test"
1663,"roadm_12dbm_injected_signal_no_added_fibre_full_sweep.csv","12 dBm",15,"Test"
1664,"roadm_12dbm_injected_signal_no_added_fibre_full_sweep.csv","12 dBm",15,"Train"
1665,"roadm_12dbm_injected_signal_no_added_fibre_full_sweep.csv","12 dBm",15,"Test"
1666,"roadm_12dbm_injected_signal_no_added_fibre_full_sweep.csv","12 dBm",15,"Train"
1667,"roadm_12dbm_injected_signal_no_added_fibre_full_sweep.csv","12 dBm",15,"Train"
1668,"roadm_12dbm_injected_signal_no_added_fibre_full_sweep.csv","12 dBm",15,"Test"
1669,"roadm_12dbm_injected_signal_no_added_fibre_full_sweep.csv","12 dBm",15,"Train"
1670,"roadm_12dbm_injected_signal_no_added_fibre_full_sweep.csv","12 dBm",15,"Train"
1671,"roadm_12dbm_injected_signal_no_added_fibre_full_sweep.csv","12 dBm",15,"Train"
1672,"roadm_12dbm_injected_signal_no_added_fibre_full_sweep.csv","12 dBm",15,"Train"
1673,"roadm_12dbm_injected_signal_no_added_fibre_full_sweep.csv","12 dBm",15,"Train"
1674,"roadm_12dbm_injected_signal_no_added_fibre_full_sweep.csv","12 dBm",15,"Train"
1675,"roadm_12dbm_injected_signal_no_added_fibre_full_sweep.csv","12 dBm",15,"Train"
1676,"roadm_12dbm_injected_signal_no_added_fibre_full_sweep.csv","12 dBm",15,"Train"
1677,"roadm_12dbm_injected_signal_no_added_fibre_full_sweep.csv","12 dBm",15,"Test"
1678,"roadm_12dbm_injected_signal_no_added_fibre_full_sweep.csv","12 dBm",15,"Train"
1679,"roadm_12dbm_injected_signal_no_added_fibre_full_sweep.csv","12 dBm",15,"Train"
1680,"roadm_12dbm_injected_signal_no_added_fibre_full_sweep.csv","12 dBm",15,"Train"
1681,"roadm_12dbm_injected_signal_no_added_fibre_full_sweep.csv","12 dBm",15,"Train"
1682,"roadm_12dbm_injected_signal_no_added_fibre_full_sweep.csv","12 dBm",15,"Train"
1683,"roadm_12dbm_injected_signal_no_added_fibre_full_sweep.csv","12 dBm",15,"Test"
1684,"roadm_12dbm_injected_signal_no_added_fibre_full_sweep.csv","12 dBm",15,"Test"
1685,"roadm_12dbm_injected_signal_no_added_fibre_full_sweep.csv","12 dBm",15,"Train"
1686,"roadm_12dbm_injected_signal_no_added_fibre_full_sweep.csv","12 dBm",15,"Test"
1687,"roadm_12dbm_injected_signal_no_added_fibre_full_sweep.csv","12 dBm",15,"Train"
1688,"roadm_12dbm_injected_signal_no_added_fibre_full_sweep.csv","12 dBm",15,"Train"
1689,"roadm_12dbm_injected_signal_no_added_fibre_full_sweep.csv","12 dBm",15,"Test"
1690,"roadm_12dbm_injected_signal_no_added_fibre_full_sweep.csv","12 dBm",15,"Train"
1691,"roadm_12dbm_injected_signal_no_added_fibre_full_sweep.csv","12 dBm",15,"Test"
1692,"roadm_12dbm_injected_signal_no_added_fibre_full_sweep.csv","12 dBm",15,"Train"
1693,"roadm_12dbm_injected_signal_no_added_fibre_full_sweep.csv","12 dBm",15,"Test"
1694,"roadm_12dbm_injected_signal_no_added_fibre_full_sweep.csv","12 dBm",15,"Train"
1695,"roadm_12dbm_injected_signal_no_added_fibre_full_sweep.csv","12 dBm",15,"Train"
1696,"roadm_12dbm_injected_signal_no_added_fibre_full_sweep.csv","12 dBm",15,"Train"
1697,"roadm_12dbm_injected_signal_no_added_fibre_full_sweep.csv","12 dBm",15,"Test"
1698,"roadm_12dbm_injected_signal_no_added_fibre_full_sweep.csv","12 dBm",15,"Test"
1699,"roadm_12dbm_injected_signal_no_added_fibre_full_sweep.csv","12 dBm",15,"Train"
1700,"roadm_12dbm_injected_signal_no_added_fibre_full_sweep.csv","12 dBm",15,"Train"
1701,"roadm_12dbm_injected_signal_no_added_fibre_full_sweep.csv","12 dBm",15,"Train"
1702,"roadm_12dbm_injected_signal_no_added_fibre_full_sweep.csv","12 dBm",15,"Train"
1703,"roadm_12dbm_injected_signal_no_added_fibre_full_sweep.csv","12 dBm",15,"Train"
1704,"roadm_12dbm_injected_signal_no_added_fibre_full_sweep.csv","12 dBm",15,"Train"
1705,"roadm_12dbm_injected_signal_no_added_fibre_full_sweep.csv","12 dBm",15,"Train"
1706,"roadm_12dbm_injected_signal_no_added_fibre_full_sweep.csv","12 dBm",15,"Train"
1707,"roadm_12dbm_injected_signal_no_added_fibre_full_sweep.csv","12 dBm",15,"Train"
1708,"roadm_12dbm_injected_signal_no_added_fibre_full_sweep.csv","12 dBm",15,"Train"
1709,"roadm_12dbm_injected_signal_no_added_fibre_full_sweep.csv","12 dBm",15,"Train"
1710,"roadm_12dbm_injected_signal_no_added_fibre_full_sweep.csv","12 dBm",15,"Train"
1711,"roadm_12dbm_injected_signal_no_added_fibre_full_sweep.csv","12 dBm",15,"Train"
1712,"roadm_12dbm_injected_signal_no_added_fibre_full_sweep.csv","12 dBm",15,"Train"
1713,"roadm_12dbm_injected_signal_no_added_fibre_full_sweep.csv","12 dBm",15,"Train"
1714,"roadm_12dbm_injected_signal_no_added_fibre_full_sweep.csv","12 dBm",15,"Train"
1715,"roadm_12dbm_injected_signal_no_added_fibre_full_sweep.csv","12 dBm",15,"Train"
1716,"roadm_12dbm_injected_signal_no_added_fibre_full_sweep.csv","12 dBm",15,"Train"
1717,"roadm_12dbm_injected_signal_no_added_fibre_full_sweep.csv","12 dBm",15,"Test"
1718,"roadm_12dbm_injected_signal_no_added_fibre_full_sweep.csv","12 dBm",15,"Test"
1719,"roadm_12dbm_injected_signal_no_added_fibre_full_sweep.csv","12 dBm",15,"Train"
1720,"roadm_12dbm_injected_signal_no_added_fibre_full_sweep.csv","12 dBm",15,"Train"
1721,"roadm_12dbm_injected_signal_no_added_fibre_full_sweep.csv","12 dBm",15,"Test"
1722,"roadm_12dbm_injected_signal_no_added_fibre_full_sweep.csv","12 dBm",15,"Train"
1723,"roadm_12dbm_injected_signal_no_added_fibre_full_sweep.csv","12 dBm",15,"Train"
1724,"roadm_12dbm_injected_signal_no_added_fibre_full_sweep.csv","12 dBm",15,"Test"
1725,"roadm_12dbm_injected_signal_no_added_fibre_full_sweep.csv","12 dBm",15,"Train"
1726,"roadm_12dbm_injected_signal_no_added_fibre_full_sweep.csv","12 dBm",15,"Train"
1727,"roadm_12dbm_injected_signal_no_added_fibre_full_sweep.csv","12 dBm",15,"Train"
1728,"roadm_12dbm_injected_signal_no_added_fibre_full_sweep.csv","12 dBm",15,"Train"
1729,"roadm_12dbm_injected_signal_no_added_fibre_full_sweep.csv","12 dBm",15,"Test"
1730,"roadm_12dbm_injected_signal_no_added_fibre_full_sweep.csv","12 dBm",15,"Test"
1731,"roadm_12dbm_injected_signal_no_added_fibre_full_sweep.csv","12 dBm",15,"Train"
1732,"roadm_12dbm_injected_signal_no_added_fibre_full_sweep.csv","12 dBm",15,"Test"
1733,"roadm_12dbm_injected_signal_no_added_fibre_full_sweep.csv","12 dBm",15,"Train"
1734,"roadm_12dbm_injected_signal_no_added_fibre_full_sweep.csv","12 dBm",15,"Train"
1735,"roadm_12dbm_injected_signal_no_added_fibre_full_sweep.csv","12 dBm",15,"Train"
1736,"roadm_12dbm_injected_signal_no_added_fibre_full_sweep.csv","12 dBm",15,"Test"
1737,"roadm_12dbm_injected_signal_no_added_fibre_full_sweep.csv","12 dBm",15,"Train"
1738,"roadm_12dbm_injected_signal_no_added_fibre_full_sweep.csv","12 dBm",15,"Train"
1739,"roadm_12dbm_injected_signal_no_added_fibre_full_sweep.csv","12 dBm",15,"Train"
1740,"roadm_12dbm_injected_signal_no_added_fibre_full_sweep.csv","12 dBm",15,"Test"
1741,"roadm_12dbm_injected_signal_no_added_fibre_full_sweep.csv","12 dBm",15,"Test"
1742,"roadm_12dbm_injected_signal_no_added_fibre_full_sweep.csv","12 dBm",15,"Train"
1743,"roadm_12dbm_injected_signal_no_added_fibre_full_sweep.csv","12 dBm",15,"Train"
1744,"roadm_12dbm_injected_signal_no_added_fibre_full_sweep.csv","12 dBm",15,"Test"
1745,"roadm_12dbm_injected_signal_no_added_fibre_full_sweep.csv","12 dBm",15,"Train"
1746,"roadm_12dbm_injected_signal_no_added_fibre_full_sweep.csv","12 dBm",15,"Test"
1747,"roadm_12dbm_injected_signal_no_added_fibre_full_sweep.csv","12 dBm",15,"Train"
1748,"roadm_12dbm_injected_signal_no_added_fibre_full_sweep.csv","12 dBm",15,"Test"
1749,"roadm_12dbm_injected_signal_no_added_fibre_full_sweep.csv","12 dBm",15,"Train"
1750,"roadm_12dbm_injected_signal_no_added_fibre_full_sweep.csv","12 dBm",15,"Train"
1751,"roadm_12dbm_injected_signal_no_added_fibre_full_sweep.csv","12 dBm",15,"Train"
1752,"roadm_12dbm_injected_signal_no_added_fibre_full_sweep.csv","12 dBm",15,"Test"
1753,"roadm_12dbm_injected_signal_no_added_fibre_full_sweep.csv","12 dBm",15,"Train"
1754,"roadm_12dbm_injected_signal_no_added_fibre_full_sweep.csv","12 dBm",15,"Train"
1755,"roadm_12dbm_injected_signal_no_added_fibre_full_sweep.csv","12 dBm",15,"Train"
1756,"roadm_12dbm_injected_signal_no_added_fibre_full_sweep.csv","12 dBm",15,"Train"
1757,"roadm_12dbm_injected_signal_no_added_fibre_full_sweep.csv","12 dBm",15,"Test"
1758,"roadm_12dbm_injected_signal_no_added_fibre_full_sweep.csv","12 dBm",15,"Test"
1759,"roadm_12dbm_injected_signal_no_added_fibre_full_sweep.csv","12 dBm",15,"Train"
1760,"roadm_12dbm_injected_signal_no_added_fibre_full_sweep.csv","12 dBm",15,"Train"
1761,"roadm_12dbm_injected_signal_no_added_fibre_full_sweep.csv","12 dBm",15,"Train"
1762,"roadm_12dbm_injected_signal_no_added_fibre_full_sweep.csv","12 dBm",15,"Train"
1763,"roadm_12dbm_injected_signal_no_added_fibre_full_sweep.csv","12 dBm",15,"Train"
1764,"roadm_12dbm_injected_signal_no_added_fibre_full_sweep.csv","12 dBm",15,"Train"
1765,"roadm_12dbm_injected_signal_no_added_fibre_full_sweep.csv","12 dBm",15,"Train"
1766,"roadm_12dbm_injected_signal_no_added_fibre_full_sweep.csv","12 dBm",15,"Train"
1767,"roadm_12dbm_injected_signal_no_added_fibre_full_sweep.csv","12 dBm",15,"Train"
1768,"roadm_12dbm_injected_signal_no_added_fibre_full_sweep.csv","12 dBm",15,"Test"
1769,"roadm_12dbm_injected_signal_no_added_fibre_full_sweep.csv","12 dBm",15,"Train"
1770,"roadm_12dbm_injected_signal_no_added_fibre_full_sweep.csv","12 dBm",15,"Test"
1771,"roadm_12dbm_injected_signal_no_added_fibre_full_sweep.csv","12 dBm",15,"Train"
1772,"roadm_12dbm_injected_signal_no_added_fibre_full_sweep.csv","12 dBm",15,"Train"
1773,"roadm_12dbm_injected_signal_no_added_fibre_full_sweep.csv","12 dBm",15,"Train"
1774,"roadm_12dbm_injected_signal_no_added_fibre_full_sweep.csv","12 dBm",15,"Train"
1775,"roadm_12dbm_injected_signal_no_added_fibre_full_sweep.csv","12 dBm",15,"Test"
1776,"roadm_12dbm_injected_signal_no_added_fibre_full_sweep.csv","12 dBm",15,"Train"
1777,"roadm_12dbm_injected_signal_no_added_fibre_full_sweep.csv","12 dBm",15,"Train"
1778,"roadm_12dbm_injected_signal_no_added_fibre_full_sweep.csv","12 dBm",15,"Train"
1779,"roadm_12dbm_injected_signal_no_added_fibre_full_sweep.csv","12 dBm",15,"Test"
1780,"roadm_12dbm_injected_signal_no_added_fibre_full_sweep.csv","12 dBm",15,"Train"
1781,"roadm_12dbm_injected_signal_no_added_fibre_full_sweep.csv","12 dBm",15,"Train"
1782,"roadm_12dbm_injected_signal_no_added_fibre_full_sweep.csv","12 dBm",15,"Train"
1783,"roadm_12dbm_injected_signal_no_added_fibre_full_sweep.csv","12 dBm",15,"Train"
1784,"roadm_12dbm_injected_signal_no_added_fibre_full_sweep.csv","12 dBm",15,"Train"
1785,"roadm_12dbm_injected_signal_no_added_fibre_full_sweep.csv","12 dBm",15,"Train"
1786,"roadm_12dbm_injected_signal_no_added_fibre_full_sweep.csv","12 dBm",15,"Test"
1787,"roadm_12dbm_injected_signal_no_added_fibre_full_sweep.csv","12 dBm",15,"Train"
1788,"roadm_12dbm_injected_signal_no_added_fibre_full_sweep.csv","12 dBm",15,"Train"
1789,"roadm_12dbm_injected_signal_no_added_fibre_full_sweep.csv","12 dBm",15,"Test"
1790,"roadm_12dbm_injected_signal_no_added_fibre_full_sweep.csv","12 dBm",15,"Train"
1791,"roadm_12dbm_injected_signal_no_added_fibre_full_sweep.csv","12 dBm",15,"Test"
1792,"roadm_12dbm_injected_signal_no_added_fibre_full_sweep.csv","12 dBm",15,"Train"
1793,"roadm_12dbm_injected_signal_no_added_fibre_full_sweep.csv","12 dBm",15,"Train"
1794,"roadm_12dbm_injected_signal_no_added_fibre_full_sweep.csv","12 dBm",15,"Test"
1795,"roadm_12dbm_injected_signal_no_added_fibre_full_sweep.csv","12 dBm",15,"Test"
1796,"roadm_12dbm_injected_signal_no_added_fibre_full_sweep.csv","12 dBm",15,"Test"
1797,"roadm_12dbm_injected_signal_no_added_fibre_full_sweep.csv","12 dBm",15,"Test"
1798,"roadm_12dbm_injected_signal_no_added_fibre_full_sweep.csv","12 dBm",15,"Train"
1799,"roadm_12dbm_injected_signal_no_added_fibre_full_sweep.csv","12 dBm",15,"Train"
1800,"roadm_12dbm_injected_signal_no_added_fibre_full_sweep.csv","12 dBm",15,"Train"
1801,"roadm_12dbm_injected_signal_no_added_fibre_full_sweep.csv","12 dBm",15,"Test"
1802,"roadm_12dbm_injected_signal_no_added_fibre_full_sweep.csv","12 dBm",15,"Test"
1803,"roadm_12dbm_injected_signal_no_added_fibre_full_sweep.csv","12 dBm",15,"Test"
1804,"roadm_12dbm_injected_signal_no_added_fibre_full_sweep.csv","12 dBm",15,"Train"
1805,"roadm_12dbm_injected_signal_no_added_fibre_full_sweep.csv","12 dBm",15,"Test"
1806,"roadm_12dbm_injected_signal_no_added_fibre_full_sweep.csv","12 dBm",15,"Test"
1807,"roadm_12dbm_injected_signal_no_added_fibre_full_sweep.csv","12 dBm",15,"Train"
1808,"roadm_12dbm_injected_signal_no_added_fibre_full_sweep.csv","12 dBm",15,"Train"
1809,"roadm_12dbm_injected_signal_no_added_fibre_full_sweep.csv","12 dBm",15,"Train"
1810,"roadm_12dbm_injected_signal_no_added_fibre_full_sweep.csv","12 dBm",15,"Train"
1811,"roadm_12dbm_injected_signal_no_added_fibre_full_sweep.csv","12 dBm",15,"Train"
1812,"roadm_12dbm_injected_signal_no_added_fibre_full_sweep.csv","12 dBm",15,"Train"
1813,"roadm_12dbm_injected_signal_no_added_fibre_full_sweep.csv","12 dBm",15,"Train"
1814,"roadm_12dbm_injected_signal_no_added_fibre_full_sweep.csv","12 dBm",15,"Test"
1815,"roadm_12dbm_injected_signal_no_added_fibre_full_sweep.csv","12 dBm",15,"Train"
1816,"roadm_12dbm_injected_signal_no_added_fibre_full_sweep.csv","12 dBm",15,"Train"
1817,"roadm_12dbm_injected_signal_no_added_fibre_full_sweep.csv","12 dBm",15,"Train"
1818,"roadm_12dbm_injected_signal_no_added_fibre_full_sweep.csv","12 dBm",15,"Train"
1819,"roadm_12dbm_injected_signal_no_added_fibre_full_sweep.csv","12 dBm",15,"Test"
1820,"roadm_12dbm_injected_signal_no_added_fibre_full_sweep.csv","12 dBm",15,"Test"
1821,"roadm_12dbm_injected_signal_no_added_fibre_full_sweep.csv","12 dBm",15,"Train"
1822,"roadm_12dbm_injected_signal_no_added_fibre_full_sweep.csv","12 dBm",15,"Test"
1823,"roadm_12dbm_injected_signal_no_added_fibre_full_sweep.csv","12 dBm",15,"Train"
1824,"roadm_12dbm_injected_signal_no_added_fibre_full_sweep.csv","12 dBm",15,"Test"
1825,"roadm_12dbm_injected_signal_no_added_fibre_full_sweep.csv","12 dBm",15,"Train"
1826,"roadm_12dbm_injected_signal_no_added_fibre_full_sweep.csv","12 dBm",15,"Test"
1827,"roadm_12dbm_injected_signal_no_added_fibre_full_sweep.csv","12 dBm",15,"Test"
1828,"roadm_12dbm_injected_signal_no_added_fibre_full_sweep.csv","12 dBm",15,"Train"
1829,"roadm_12dbm_injected_signal_no_added_fibre_full_sweep.csv","12 dBm",15,"Train"
1830,"roadm_12dbm_injected_signal_no_added_fibre_full_sweep.csv","12 dBm",15,"Train"
1831,"roadm_12dbm_injected_signal_no_added_fibre_full_sweep.csv","12 dBm",15,"Train"
1832,"roadm_12dbm_injected_signal_no_added_fibre_full_sweep.csv","12 dBm",15,"Test"
1833,"roadm_12dbm_injected_signal_no_added_fibre_full_sweep.csv","12 dBm",15,"Test"
1834,"roadm_12dbm_injected_signal_no_added_fibre_full_sweep.csv","12 dBm",15,"Test"
1835,"roadm_12dbm_injected_signal_no_added_fibre_full_sweep.csv","12 dBm",15,"Train"
1836,"roadm_12dbm_injected_signal_no_added_fibre_full_sweep.csv","12 dBm",15,"Test"
1837,"roadm_12dbm_injected_signal_no_added_fibre_full_sweep.csv","12 dBm",15,"Train"
1838,"roadm_12dbm_injected_signal_no_added_fibre_full_sweep.csv","12 dBm",15,"Train"
1839,"roadm_12dbm_injected_signal_no_added_fibre_full_sweep.csv","12 dBm",15,"Train"
1840,"roadm_12dbm_injected_signal_no_added_fibre_full_sweep.csv","12 dBm",15,"Train"
1841,"roadm_12dbm_injected_signal_no_added_fibre_full_sweep.csv","12 dBm",15,"Train"
1842,"roadm_12dbm_injected_signal_no_added_fibre_full_sweep.csv","12 dBm",15,"Train"
1843,"roadm_12dbm_injected_signal_no_added_fibre_full_sweep.csv","12 dBm",15,"Test"
1844,"roadm_12dbm_injected_signal_no_added_fibre_full_sweep.csv","12 dBm",15,"Train"
1845,"roadm_12dbm_injected_signal_no_added_fibre_full_sweep.csv","12 dBm",15,"Test"
1846,"roadm_12dbm_injected_signal_no_added_fibre_full_sweep.csv","12 dBm",15,"Test"
1847,"roadm_12dbm_injected_signal_no_added_fibre_full_sweep.csv","12 dBm",15,"Test"
1848,"roadm_12dbm_injected_signal_no_added_fibre_full_sweep.csv","12 dBm",20,"Train"
1849,"roadm_12dbm_injected_signal_no_added_fibre_full_sweep.csv","12 dBm",20,"Train"
1850,"roadm_12dbm_injected_signal_no_added_fibre_full_sweep.csv","12 dBm",20,"Train"
1851,"roadm_12dbm_injected_signal_no_added_fibre_full_sweep.csv","12 dBm",20,"Test"
1852,"roadm_12dbm_injected_signal_no_added_fibre_full_sweep.csv","12 dBm",20,"Train"
1853,"roadm_12dbm_injected_signal_no_added_fibre_full_sweep.csv","12 dBm",20,"Test"
1854,"roadm_12dbm_injected_signal_no_added_fibre_full_sweep.csv","12 dBm",20,"Test"
1855,"roadm_12dbm_injected_signal_no_added_fibre_full_sweep.csv","12 dBm",20,"Train"
1856,"roadm_12dbm_injected_signal_no_added_fibre_full_sweep.csv","12 dBm",20,"Train"
1857,"roadm_12dbm_injected_signal_no_added_fibre_full_sweep.csv","12 dBm",20,"Test"
1858,"roadm_12dbm_injected_signal_no_added_fibre_full_sweep.csv","12 dBm",20,"Train"
1859,"roadm_12dbm_injected_signal_no_added_fibre_full_sweep.csv","12 dBm",20,"Train"
1860,"roadm_12dbm_injected_signal_no_added_fibre_full_sweep.csv","12 dBm",20,"Train"
1861,"roadm_12dbm_injected_signal_no_added_fibre_full_sweep.csv","12 dBm",20,"Test"
1862,"roadm_12dbm_injected_signal_no_added_fibre_full_sweep.csv","12 dBm",20,"Test"
1863,"roadm_12dbm_injected_signal_no_added_fibre_full_sweep.csv","12 dBm",20,"Train"
1864,"roadm_12dbm_injected_signal_no_added_fibre_full_sweep.csv","12 dBm",20,"Test"
1865,"roadm_12dbm_injected_signal_no_added_fibre_full_sweep.csv","12 dBm",20,"Train"
1866,"roadm_12dbm_injected_signal_no_added_fibre_full_sweep.csv","12 dBm",20,"Train"
1867,"roadm_12dbm_injected_signal_no_added_fibre_full_sweep.csv","12 dBm",20,"Train"
1868,"roadm_12dbm_injected_signal_no_added_fibre_full_sweep.csv","12 dBm",20,"Test"
1869,"roadm_12dbm_injected_signal_no_added_fibre_full_sweep.csv","12 dBm",20,"Test"
1870,"roadm_12dbm_injected_signal_no_added_fibre_full_sweep.csv","12 dBm",20,"Train"
1871,"roadm_12dbm_injected_signal_no_added_fibre_full_sweep.csv","12 dBm",20,"Train"
1872,"roadm_12dbm_injected_signal_no_added_fibre_full_sweep.csv","12 dBm",20,"Test"
1873,"roadm_12dbm_injected_signal_no_added_fibre_full_sweep.csv","12 dBm",20,"Train"
1874,"roadm_12dbm_injected_signal_no_added_fibre_full_sweep.csv","12 dBm",20,"Train"
1875,"roadm_12dbm_injected_signal_no_added_fibre_full_sweep.csv","12 dBm",20,"Train"
1876,"roadm_12dbm_injected_signal_no_added_fibre_full_sweep.csv","12 dBm",20,"Train"
1877,"roadm_12dbm_injected_signal_no_added_fibre_full_sweep.csv","12 dBm",20,"Train"
1878,"roadm_12dbm_injected_signal_no_added_fibre_full_sweep.csv","12 dBm",20,"Train"
1879,"roadm_12dbm_injected_signal_no_added_fibre_full_sweep.csv","12 dBm",20,"Test"
1880,"roadm_12dbm_injected_signal_no_added_fibre_full_sweep.csv","12 dBm",20,"Train"
1881,"roadm_12dbm_injected_signal_no_added_fibre_full_sweep.csv","12 dBm",20,"Train"
1882,"roadm_12dbm_injected_signal_no_added_fibre_full_sweep.csv","12 dBm",20,"Test"
1883,"roadm_12dbm_injected_signal_no_added_fibre_full_sweep.csv","12 dBm",20,"Train"
1884,"roadm_12dbm_injected_signal_no_added_fibre_full_sweep.csv","12 dBm",20,"Train"
1885,"roadm_12dbm_injected_signal_no_added_fibre_full_sweep.csv","12 dBm",20,"Train"
1886,"roadm_12dbm_injected_signal_no_added_fibre_full_sweep.csv","12 dBm",20,"Train"
1887,"roadm_12dbm_injected_signal_no_added_fibre_full_sweep.csv","12 dBm",20,"Train"
1888,"roadm_12dbm_injected_signal_no_added_fibre_full_sweep.csv","12 dBm",20,"Train"
1889,"roadm_12dbm_injected_signal_no_added_fibre_full_sweep.csv","12 dBm",20,"Train"
1890,"roadm_12dbm_injected_signal_no_added_fibre_full_sweep.csv","12 dBm",20,"Train"
1891,"roadm_12dbm_injected_signal_no_added_fibre_full_sweep.csv","12 dBm",20,"Train"
1892,"roadm_12dbm_injected_signal_no_added_fibre_full_sweep.csv","12 dBm",20,"Train"
1893,"roadm_12dbm_injected_signal_no_added_fibre_full_sweep.csv","12 dBm",20,"Train"
1894,"roadm_12dbm_injected_signal_no_added_fibre_full_sweep.csv","12 dBm",20,"Train"
1895,"roadm_12dbm_injected_signal_no_added_fibre_full_sweep.csv","12 dBm",20,"Train"
1896,"roadm_12dbm_injected_signal_no_added_fibre_full_sweep.csv","12 dBm",20,"Train"
1897,"roadm_12dbm_injected_signal_no_added_fibre_full_sweep.csv","12 dBm",20,"Train"
1898,"roadm_12dbm_injected_signal_no_added_fibre_full_sweep.csv","12 dBm",20,"Train"
1899,"roadm_12dbm_injected_signal_no_added_fibre_full_sweep.csv","12 dBm",20,"Train"
1900,"roadm_12dbm_injected_signal_no_added_fibre_full_sweep.csv","12 dBm",20,"Train"
1901,"roadm_12dbm_injected_signal_no_added_fibre_full_sweep.csv","12 dBm",20,"Train"
1902,"roadm_12dbm_injected_signal_no_added_fibre_full_sweep.csv","12 dBm",20,"Test"
1903,"roadm_12dbm_injected_signal_no_added_fibre_full_sweep.csv","12 dBm",25,"Train"
1904,"roadm_12dbm_injected_signal_no_added_fibre_full_sweep.csv","12 dBm",25,"Train"
1905,"roadm_12dbm_injected_signal_no_added_fibre_full_sweep.csv","12 dBm",25,"Train"
1906,"roadm_12dbm_injected_signal_no_added_fibre_full_sweep.csv","12 dBm",25,"Train"
1907,"roadm_12dbm_injected_signal_no_added_fibre_full_sweep.csv","12 dBm",25,"Train"
1908,"roadm_12dbm_injected_signal_no_added_fibre_full_sweep.csv","12 dBm",25,"Test"
1909,"roadm_12dbm_injected_signal_no_added_fibre_full_sweep.csv","12 dBm",25,"Train"
1910,"roadm_12dbm_injected_signal_no_added_fibre_full_sweep.csv","12 dBm",25,"Test"
1911,"roadm_12dbm_injected_signal_no_added_fibre_full_sweep.csv","12 dBm",25,"Train"
1912,"roadm_12dbm_injected_signal_no_added_fibre_full_sweep.csv","12 dBm",25,"Train"
1913,"roadm_12dbm_injected_signal_no_added_fibre_full_sweep.csv","12 dBm",25,"Train"
1914,"roadm_12dbm_injected_signal_no_added_fibre_full_sweep.csv","12 dBm",25,"Train"
1915,"roadm_12dbm_injected_signal_no_added_fibre_full_sweep.csv","12 dBm",25,"Train"
1916,"roadm_12dbm_injected_signal_no_added_fibre_full_sweep.csv","12 dBm",25,"Train"
1917,"roadm_12dbm_injected_signal_no_added_fibre_full_sweep.csv","12 dBm",25,"Train"
1918,"roadm_12dbm_injected_signal_no_added_fibre_full_sweep.csv","12 dBm",25,"Test"
1919,"roadm_12dbm_injected_signal_no_added_fibre_full_sweep.csv","12 dBm",25,"Train"
1920,"roadm_12dbm_injected_signal_no_added_fibre_full_sweep.csv","12 dBm",25,"Train"
1921,"roadm_12dbm_injected_signal_no_added_fibre_full_sweep.csv","12 dBm",25,"Train"
1922,"roadm_12dbm_injected_signal_no_added_fibre_full_sweep.csv","12 dBm",25,"Train"
1923,"roadm_12dbm_injected_signal_no_added_fibre_full_sweep.csv","12 dBm",25,"Train"
1924,"roadm_12dbm_injected_signal_no_added_fibre_full_sweep.csv","12 dBm",25,"Train"
1925,"roadm_12dbm_injected_signal_no_added_fibre_full_sweep.csv","12 dBm",25,"Test"
1926,"roadm_12dbm_injected_signal_no_added_fibre_full_sweep.csv","12 dBm",25,"Train"
1927,"roadm_12dbm_injected_signal_no_added_fibre_full_sweep.csv","12 dBm",25,"Train"
1928,"roadm_12dbm_injected_signal_no_added_fibre_full_sweep.csv","12 dBm",25,"Train"
1929,"roadm_12dbm_injected_signal_no_added_fibre_full_sweep.csv","12 dBm",25,"Train"
1930,"roadm_12dbm_injected_signal_no_added_fibre_full_sweep.csv","12 dBm",25,"Train"
1931,"roadm_12dbm_injected_signal_no_added_fibre_full_sweep.csv","12 dBm",25,"Train"
1932,"roadm_12dbm_injected_signal_no_added_fibre_full_sweep.csv","12 dBm",25,"Train"
1933,"roadm_12dbm_injected_signal_no_added_fibre_full_sweep.csv","12 dBm",25,"Train"
1934,"roadm_12dbm_injected_signal_no_added_fibre_full_sweep.csv","12 dBm",25,"Train"
1935,"roadm_12dbm_injected_signal_no_added_fibre_full_sweep.csv","12 dBm",25,"Train"
1936,"roadm_12dbm_injected_signal_no_added_fibre_full_sweep.csv","12 dBm",25,"Train"
1937,"roadm_12dbm_injected_signal_no_added_fibre_full_sweep.csv","12 dBm",25,"Train"
1938,"roadm_12dbm_injected_signal_no_added_fibre_full_sweep.csv","12 dBm",25,"Test"
1939,"roadm_12dbm_injected_signal_no_added_fibre_full_sweep.csv","12 dBm",25,"Train"
1940,"roadm_12dbm_injected_signal_no_added_fibre_full_sweep.csv","12 dBm",25,"Test"
1941,"roadm_12dbm_injected_signal_no_added_fibre_full_sweep.csv","12 dBm",25,"Train"
1942,"roadm_12dbm_injected_signal_no_added_fibre_full_sweep.csv","12 dBm",25,"Test"
1943,"roadm_12dbm_injected_signal_no_added_fibre_full_sweep.csv","12 dBm",25,"Train"
1944,"roadm_12dbm_injected_signal_no_added_fibre_full_sweep.csv","12 dBm",25,"Train"
1945,"roadm_12dbm_injected_signal_no_added_fibre_full_sweep.csv","12 dBm",25,"Train"
1946,"roadm_12dbm_injected_signal_no_added_fibre_full_sweep.csv","12 dBm",25,"Train"
1947,"roadm_12dbm_injected_signal_no_added_fibre_full_sweep.csv","12 dBm",25,"Test"
1948,"roadm_12dbm_injected_signal_no_added_fibre_full_sweep.csv","12 dBm",25,"Train"
1949,"roadm_12dbm_injected_signal_no_added_fibre_full_sweep.csv","12 dBm",27,"Train"
1950,"roadm_12dbm_injected_signal_no_added_fibre_full_sweep.csv","12 dBm",27,"Train"
1951,"roadm_12dbm_injected_signal_no_added_fibre_full_sweep.csv","12 dBm",27,"Train"
1952,"roadm_12dbm_injected_signal_no_added_fibre_full_sweep.csv","12 dBm",27,"Train"
1953,"roadm_12dbm_injected_signal_no_added_fibre_full_sweep.csv","12 dBm",27,"Train"
1954,"roadm_12dbm_injected_signal_no_added_fibre_full_sweep.csv","12 dBm",27,"Train"
1955,"roadm_12dbm_injected_signal_no_added_fibre_full_sweep.csv","12 dBm",27,"Train"
1956,"roadm_12dbm_injected_signal_no_added_fibre_full_sweep.csv","12 dBm",27,"Train"
1957,"roadm_12dbm_injected_signal_no_added_fibre_full_sweep.csv","12 dBm",27,"Train"
1958,"roadm_12dbm_injected_signal_no_added_fibre_full_sweep.csv","12 dBm",27,"Test"
1959,"roadm_12dbm_injected_signal_no_added_fibre_full_sweep.csv","12 dBm",27,"Train"
1960,"roadm_12dbm_injected_signal_no_added_fibre_full_sweep.csv","12 dBm",27,"Test"
1961,"roadm_12dbm_injected_signal_no_added_fibre_full_sweep.csv","12 dBm",27,"Train"
1962,"roadm_12dbm_injected_signal_no_added_fibre_full_sweep.csv","12 dBm",27,"Train"
1963,"roadm_12dbm_injected_signal_no_added_fibre_full_sweep.csv","12 dBm",27,"Test"
1964,"roadm_12dbm_injected_signal_no_added_fibre_full_sweep.csv","12 dBm",27,"Test"
1965,"roadm_12dbm_injected_signal_no_added_fibre_full_sweep.csv","12 dBm",27,"Test"
1966,"roadm_12dbm_injected_signal_no_added_fibre_full_sweep.csv","12 dBm",27,"Test"
1967,"roadm_12dbm_injected_signal_no_added_fibre_full_sweep.csv","12 dBm",27,"Train"
1968,"roadm_12dbm_injected_signal_no_added_fibre_full_sweep.csv","12 dBm",27,"Train"
1969,"roadm_12dbm_injected_signal_no_added_fibre_full_sweep.csv","12 dBm",27,"Train"
1970,"roadm_12dbm_injected_signal_no_added_fibre_full_sweep.csv","12 dBm",27,"Train"
1971,"roadm_12dbm_injected_signal_no_added_fibre_full_sweep.csv","12 dBm",27,"Train"
1972,"roadm_12dbm_injected_signal_no_added_fibre_full_sweep.csv","12 dBm",27,"Test"
1973,"roadm_12dbm_injected_signal_no_added_fibre_full_sweep.csv","12 dBm",27,"Train"
1974,"roadm_12dbm_injected_signal_no_added_fibre_full_sweep.csv","12 dBm",27,"Train"
1975,"roadm_12dbm_injected_signal_no_added_fibre_full_sweep.csv","12 dBm",27,"Test"
1976,"roadm_12dbm_injected_signal_no_added_fibre_full_sweep.csv","12 dBm",27,"Train"
1977,"roadm_12dbm_injected_signal_no_added_fibre_full_sweep.csv","12 dBm",27,"Train"
1978,"roadm_12dbm_injected_signal_no_added_fibre_full_sweep.csv","12 dBm",27,"Train"
1979,"roadm_12dbm_injected_signal_no_added_fibre_full_sweep.csv","12 dBm",27,"Train"
1980,"roadm_12dbm_injected_signal_no_added_fibre_full_sweep.csv","12 dBm",27,"Train"
1981,"roadm_12dbm_injected_signal_no_added_fibre_full_sweep.csv","12 dBm",27,"Test"
1982,"roadm_12dbm_injected_signal_no_added_fibre_full_sweep.csv","12 dBm",27,"Test"
1983,"roadm_12dbm_injected_signal_no_added_fibre_full_sweep.csv","12 dBm",27,"Train"
1984,"roadm_12dbm_injected_signal_no_added_fibre_full_sweep.csv","12 dBm",27,"Train"
1985,"roadm_12dbm_injected_signal_no_added_fibre_full_sweep.csv","12 dBm",27,"Train"
1986,"roadm_12dbm_injected_signal_no_added_fibre_full_sweep.csv","12 dBm",28,"Train"
1987,"roadm_12dbm_injected_signal_no_added_fibre_full_sweep.csv","12 dBm",28,"Train"
1988,"roadm_12dbm_injected_signal_no_added_fibre_full_sweep.csv","12 dBm",28,"Test"
1989,"roadm_12dbm_injected_signal_no_added_fibre_full_sweep.csv","12 dBm",28,"Train"
1990,"roadm_12dbm_injected_signal_no_added_fibre_full_sweep.csv","12 dBm",28,"Train"
1991,"roadm_12dbm_injected_signal_no_added_fibre_full_sweep.csv","12 dBm",28,"Train"
1992,"roadm_12dbm_injected_signal_no_added_fibre_full_sweep.csv","12 dBm",28,"Train"
1993,"roadm_12dbm_injected_signal_no_added_fibre_full_sweep.csv","12 dBm",28,"Train"
1994,"roadm_12dbm_injected_signal_no_added_fibre_full_sweep.csv","12 dBm",28,"Train"
1995,"roadm_12dbm_injected_signal_no_added_fibre_full_sweep.csv","12 dBm",28,"Test"
1996,"roadm_12dbm_injected_signal_no_added_fibre_full_sweep.csv","12 dBm",28,"Train"
1997,"roadm_12dbm_injected_signal_no_added_fibre_full_sweep.csv","12 dBm",28,"Test"
1998,"roadm_12dbm_injected_signal_no_added_fibre_full_sweep.csv","12 dBm",28,"Train"
1999,"roadm_12dbm_injected_signal_no_added_fibre_full_sweep.csv","12 dBm",28,"Train"
2000,"roadm_12dbm_injected_signal_no_added_fibre_full_sweep.csv","12 dBm",28,"Train"
2001,"roadm_12dbm_injected_signal_no_added_fibre_full_sweep.csv","12 dBm",28,"Test"
2002,"roadm_12dbm_injected_signal_no_added_fibre_full_sweep.csv","12 dBm",28,"Train"
2003,"roadm_12dbm_injected_signal_no_added_fibre_full_sweep.csv","12 dBm",28,"Train"
2004,"roadm_12dbm_injected_signal_no_added_fibre_full_sweep.csv","12 dBm",28,"Train"
2005,"roadm_12dbm_injected_signal_no_added_fibre_full_sweep.csv","12 dBm",28,"Train"
2006,"roadm_12dbm_injected_signal_no_added_fibre_full_sweep.csv","12 dBm",28,"Train"
2007,"roadm_12dbm_injected_signal_no_added_fibre_full_sweep.csv","12 dBm",28,"Train"
2008,"roadm_12dbm_injected_signal_no_added_fibre_full_sweep.csv","12 dBm",28,"Train"
2009,"roadm_12dbm_injected_signal_no_added_fibre_full_sweep.csv","12 dBm",28,"Test"
2010,"roadm_12dbm_injected_signal_no_added_fibre_full_sweep.csv","12 dBm",28,"Train"
2011,"roadm_12dbm_injected_signal_no_added_fibre_full_sweep.csv","12 dBm",28,"Train"
2012,"roadm_12dbm_injected_signal_no_added_fibre_full_sweep.csv","12 dBm",28,"Train"
2013,"roadm_12dbm_injected_signal_no_added_fibre_full_sweep.csv","12 dBm",28,"Train"
2014,"roadm_12dbm_injected_signal_no_added_fibre_full_sweep.csv","12 dBm",28,"Test"
2015,"roadm_12dbm_injected_signal_no_added_fibre_full_sweep.csv","12 dBm",28,"Train"
2016,"roadm_12dbm_injected_signal_no_added_fibre_full_sweep.csv","12 dBm",28,"Test"
2017,"roadm_12dbm_injected_signal_no_added_fibre_full_sweep.csv","12 dBm",28,"Train"
2018,"roadm_12dbm_injected_signal_no_added_fibre_full_sweep.csv","12 dBm",28,"Train"
2019,"roadm_12dbm_injected_signal_no_added_fibre_full_sweep.csv","12 dBm",28,"Test"
2020,"roadm_12dbm_injected_signal_no_added_fibre_full_sweep.csv","12 dBm",28,"Train"
2021,"roadm_12dbm_injected_signal_no_added_fibre_full_sweep.csv","12 dBm",28,"Test"
2022,"roadm_12dbm_injected_signal_no_added_fibre_full_sweep.csv","12 dBm",29,"Train"
2023,"roadm_12dbm_injected_signal_no_added_fibre_full_sweep.csv","12 dBm",29,"Train"
2024,"roadm_12dbm_injected_signal_no_added_fibre_full_sweep.csv","12 dBm",29,"Train"
2025,"roadm_12dbm_injected_signal_no_added_fibre_full_sweep.csv","12 dBm",29,"Train"
2026,"roadm_12dbm_injected_signal_no_added_fibre_full_sweep.csv","12 dBm",29,"Train"
2027,"roadm_12dbm_injected_signal_no_added_fibre_full_sweep.csv","12 dBm",29,"Test"
2028,"roadm_12dbm_injected_signal_no_added_fibre_full_sweep.csv","12 dBm",29,"Train"
2029,"roadm_12dbm_injected_signal_no_added_fibre_full_sweep.csv","12 dBm",29,"Test"
2030,"roadm_12dbm_injected_signal_no_added_fibre_full_sweep.csv","12 dBm",29,"Test"
2031,"roadm_12dbm_injected_signal_no_added_fibre_full_sweep.csv","12 dBm",29,"Train"
2032,"roadm_12dbm_injected_signal_no_added_fibre_full_sweep.csv","12 dBm",29,"Test"
2033,"roadm_12dbm_injected_signal_no_added_fibre_full_sweep.csv","12 dBm",29,"Train"
2034,"roadm_12dbm_injected_signal_no_added_fibre_full_sweep.csv","12 dBm",29,"Train"
2035,"roadm_12dbm_injected_signal_no_added_fibre_full_sweep.csv","12 dBm",29,"Train"
2036,"roadm_12dbm_injected_signal_no_added_fibre_full_sweep.csv","12 dBm",29,"Train"
2037,"roadm_12dbm_injected_signal_no_added_fibre_full_sweep.csv","12 dBm",29,"Train"
2038,"roadm_12dbm_injected_signal_no_added_fibre_full_sweep.csv","12 dBm",29,"Train"
2039,"roadm_12dbm_injected_signal_no_added_fibre_full_sweep.csv","12 dBm",29,"Train"
2040,"roadm_12dbm_injected_signal_no_added_fibre_full_sweep.csv","12 dBm",29,"Train"
2041,"roadm_12dbm_injected_signal_no_added_fibre_full_sweep.csv","12 dBm",29,"Train"
2042,"roadm_12dbm_injected_signal_no_added_fibre_full_sweep.csv","12 dBm",29,"Test"
2043,"roadm_12dbm_injected_signal_no_added_fibre_full_sweep.csv","12 dBm",29,"Train"
2044,"roadm_12dbm_injected_signal_no_added_fibre_full_sweep.csv","12 dBm",29,"Train"
2045,"roadm_12dbm_injected_signal_no_added_fibre_full_sweep.csv","12 dBm",29,"Train"
2046,"roadm_12dbm_injected_signal_no_added_fibre_full_sweep.csv","12 dBm",29,"Train"
2047,"roadm_12dbm_injected_signal_no_added_fibre_full_sweep.csv","12 dBm",29,"Train"
2048,"roadm_12dbm_injected_signal_no_added_fibre_full_sweep.csv","12 dBm",29,"Train"
2049,"roadm_12dbm_injected_signal_no_added_fibre_full_sweep.csv","12 dBm",29,"Test"
2050,"roadm_12dbm_injected_signal_no_added_fibre_full_sweep.csv","12 dBm",29,"Train"
2051,"roadm_12dbm_injected_signal_no_added_fibre_full_sweep.csv","12 dBm",29,"Test"
2052,"roadm_12dbm_injected_signal_no_added_fibre_full_sweep.csv","12 dBm",29,"Test"
2053,"roadm_12dbm_injected_signal_no_added_fibre_full_sweep.csv","12 dBm",29,"Train"
2054,"roadm_12dbm_injected_signal_no_added_fibre_full_sweep.csv","12 dBm",29,"Test"
2055,"roadm_12dbm_injected_signal_no_added_fibre_full_sweep.csv","12 dBm",29,"Test"
2056,"roadm_12dbm_injected_signal_no_added_fibre_full_sweep.csv","12 dBm",29,"Train"
2057,"roadm_12dbm_injected_signal_no_added_fibre_full_sweep.csv","12 dBm",29,"Train"
2058,"roadm_12dbm_injected_signal_no_added_fibre_full_sweep.csv","12 dBm",29,"Train"
2059,"roadm_12dbm_injected_signal_no_added_fibre_full_sweep.csv","12 dBm",29,"Test"
2060,"roadm_12dbm_injected_signal_no_added_fibre_full_sweep.csv","12 dBm",29,"Train"
2061,"roadm_12dbm_injected_signal_no_added_fibre_full_sweep.csv","12 dBm",29,"Train"
2062,"roadm_12dbm_injected_signal_no_added_fibre_full_sweep.csv","12 dBm",29,"Train"
2063,"roadm_12dbm_injected_signal_no_added_fibre_full_sweep.csv","12 dBm",29,"Test"
2064,"roadm_12dbm_injected_signal_no_added_fibre_full_sweep.csv","12 dBm",29,"Train"
2065,"roadm_12dbm_injected_signal_no_added_fibre_full_sweep.csv","12 dBm",29,"Train"
2066,"roadm_12dbm_injected_signal_no_added_fibre_full_sweep.csv","12 dBm",29,"Train"
2067,"roadm_12dbm_injected_signal_no_added_fibre_full_sweep.csv","12 dBm",29,"Train"
2068,"roadm_12dbm_injected_signal_no_added_fibre_full_sweep.csv","12 dBm",29,"Train"
2069,"roadm_12dbm_injected_signal_no_added_fibre_full_sweep.csv","12 dBm",29,"Train"
2070,"roadm_12dbm_injected_signal_no_added_fibre_full_sweep.csv","12 dBm",30,"Train"
2071,"roadm_12dbm_injected_signal_no_added_fibre_full_sweep.csv","12 dBm",30,"Train"
2072,"roadm_12dbm_injected_signal_no_added_fibre_full_sweep.csv","12 dBm",30,"Test"
2073,"roadm_12dbm_injected_signal_no_added_fibre_full_sweep.csv","12 dBm",30,"Train"
2074,"roadm_12dbm_injected_signal_no_added_fibre_full_sweep.csv","12 dBm",30,"Train"
2075,"roadm_12dbm_injected_signal_no_added_fibre_full_sweep.csv","12 dBm",30,"Test"
2076,"roadm_12dbm_injected_signal_no_added_fibre_full_sweep.csv","12 dBm",30,"Train"
2077,"roadm_12dbm_injected_signal_no_added_fibre_full_sweep.csv","12 dBm",30,"Test"
2078,"roadm_12dbm_injected_signal_no_added_fibre_full_sweep.csv","12 dBm",30,"Train"
2079,"roadm_12dbm_injected_signal_no_added_fibre_full_sweep.csv","12 dBm",30,"Train"
2080,"roadm_12dbm_injected_signal_no_added_fibre_full_sweep.csv","12 dBm",30,"Test"
2081,"roadm_12dbm_injected_signal_no_added_fibre_full_sweep.csv","12 dBm",30,"Train"
2082,"roadm_12dbm_injected_signal_no_added_fibre_full_sweep.csv","12 dBm",30,"Test"
2083,"roadm_12dbm_injected_signal_no_added_fibre_full_sweep.csv","12 dBm",30,"Test"
2084,"roadm_12dbm_injected_signal_no_added_fibre_full_sweep.csv","12 dBm",30,"Train"
2085,"roadm_12dbm_injected_signal_no_added_fibre_full_sweep.csv","12 dBm",30,"Train"
2086,"roadm_12dbm_injected_signal_no_added_fibre_full_sweep.csv","12 dBm",30,"Train"
2087,"roadm_12dbm_injected_signal_no_added_fibre_full_sweep.csv","12 dBm",30,"Train"
2088,"roadm_12dbm_injected_signal_no_added_fibre_full_sweep.csv","12 dBm",30,"Train"
2089,"roadm_12dbm_injected_signal_no_added_fibre_full_sweep.csv","12 dBm",30,"Test"
2090,"roadm_12dbm_injected_signal_no_added_fibre_full_sweep.csv","12 dBm",30,"Train"
2091,"roadm_12dbm_injected_signal_no_added_fibre_full_sweep.csv","12 dBm",30,"Train"
2092,"roadm_12dbm_injected_signal_no_added_fibre_full_sweep.csv","12 dBm",30,"Train"
2093,"roadm_12dbm_injected_signal_no_added_fibre_full_sweep.csv","12 dBm",30,"Test"
2094,"roadm_12dbm_injected_signal_no_added_fibre_full_sweep.csv","12 dBm",30,"Test"
2095,"roadm_12dbm_injected_signal_no_added_fibre_full_sweep.csv","12 dBm",30,"Test"
2096,"roadm_12dbm_injected_signal_no_added_fibre_full_sweep.csv","12 dBm",30,"Train"
2097,"roadm_12dbm_injected_signal_no_added_fibre_full_sweep.csv","12 dBm",30,"Train"
2098,"roadm_12dbm_injected_signal_no_added_fibre_full_sweep.csv","12 dBm",30,"Train"
2099,"roadm_12dbm_injected_signal_no_added_fibre_full_sweep.csv","12 dBm",30,"Train"
2100,"roadm_12dbm_injected_signal_no_added_fibre_full_sweep.csv","12 dBm",30,"Train"
2101,"roadm_12dbm_injected_signal_no_added_fibre_full_sweep.csv","12 dBm",30,"Test"
2102,"roadm_12dbm_injected_signal_no_added_fibre_full_sweep.csv","12 dBm",30,"Test"
2103,"roadm_12dbm_injected_signal_no_added_fibre_full_sweep.csv","12 dBm",30,"Test"
2104,"roadm_12dbm_injected_signal_no_added_fibre_full_sweep.csv","12 dBm",30,"Train"
2105,"roadm_12dbm_injected_signal_no_added_fibre_full_sweep.csv","12 dBm",30,"Train"
2106,"roadm_12dbm_injected_signal_no_added_fibre_full_sweep.csv","12 dBm",30,"Train"
2107,"roadm_12dbm_injected_signal_no_added_fibre_full_sweep.csv","12 dBm",30,"Test"
2108,"roadm_12dbm_injected_signal_no_added_fibre_full_sweep.csv","12 dBm",30,"Train"
2109,"roadm_12dbm_injected_signal_no_added_fibre_full_sweep.csv","12 dBm",30,"Train"
2110,"roadm_12dbm_injected_signal_no_added_fibre_full_sweep.csv","12 dBm",30,"Train"
