"LD1","LD2","LD3","NoiseCondition","Split"
-0.724305162417619,-1.1788716469296,1.14548312666346,"Baseline","Train"
-0.738420266024633,-1.21552701710624,1.12440955361946,"Baseline","Test"
-0.731453324917415,-1.2487205264696,1.11303198692931,"Baseline","Test"
-0.70302525678614,-1.27865486589966,1.11141226398325,"Baseline","Test"
-0.689351274845318,-1.28596618420879,1.11364281744232,"Baseline","Train"
-0.678532455235418,-1.30648506428826,1.10915060494851,"Baseline","Train"
-0.747080404430886,-1.28456746080249,1.09171177445704,"Baseline","Train"
-0.664680228939328,-1.32862587146548,1.10515321362719,"Baseline","Train"
-0.689835717170716,-1.32990970964446,1.09479273122191,"Baseline","Train"
-0.65615638742017,-1.34791765358574,1.10028663532384,"Baseline","Train"
-0.637780134190069,-1.3724774050834,1.09702722098467,"Baseline","Train"
-0.645063199074685,-1.38331741911587,1.08958215823482,"Baseline","Train"
-0.618305453121732,-1.39762447310669,1.09394698649412,"Baseline","Train"
-0.567928037412085,-1.42456068842705,1.10216474774003,"Baseline","Train"
-0.664251276644074,-1.38779196202299,1.08019510321531,"Baseline","Train"
-0.648872438581787,-1.39601484697228,1.08270375947834,"Baseline","Train"
-0.617996296716736,-1.41252395911754,1.08774039659971,"Baseline","Test"
-0.604959904069462,-1.41949436588416,1.08986694399747,"Baseline","Train"
-0.600360767862142,-1.43668765394991,1.08436015240095,"Baseline","Train"
-0.591514579513959,-1.44141760745694,1.08580317727147,"Baseline","Train"
-0.565823482392628,-1.45515433678552,1.08999400959811,"Baseline","Train"
-0.577555140456043,-1.4636157400447,1.08182327491553,"Baseline","Train"
-0.584236068203128,-1.47477770976624,1.07447643513253,"Baseline","Train"
-0.570178108185557,-1.48229433666471,1.07676962459852,"Baseline","Train"
-0.568597129814258,-1.48313966731985,1.07702751997896,"Baseline","Train"
-0.559440808526608,-1.48803544528448,1.07852113494854,"Baseline","Train"
-0.532014309869996,-1.50270007352893,1.08299505276661,"Baseline","Train"
-0.510674582015297,-1.51411017657362,1.08647607270565,"Baseline","Train"
-0.544284806476341,-1.51087336611767,1.0747364206317,"Baseline","Train"
-0.523179370646345,-1.551626563345,1.06566518054389,"Baseline","Test"
-0.487542284393018,-1.57068129680419,1.07147844154992,"Baseline","Train"
-0.58885520969721,-1.53124464358156,1.04869485990168,"Baseline","Train"
-0.502718047743296,-1.57730117722449,1.06274589093148,"Baseline","Train"
-0.47686175085646,-1.59112623693667,1.06696367129052,"Baseline","Train"
-0.475224748684185,-1.59200152286333,1.06723070549268,"Baseline","Train"
-0.571316367522794,-1.55535664117621,1.04529884379317,"Baseline","Train"
-0.563204116157141,-1.55969416715765,1.04662214599021,"Baseline","Test"
-0.497918481424235,-1.60933581662298,1.051014773582,"Baseline","Train"
-0.473253375291676,-1.62252396056263,1.05503824224245,"Baseline","Train"
-0.459885121669456,-1.65914017690307,1.04470488270679,"Baseline","Train"
-0.45726654021589,-1.6605403017978,1.04513203596357,"Baseline","Test"
-0.446901187152619,-1.66608253492053,1.04682287292898,"Baseline","Train"
-0.428910986331552,-1.67570168501282,1.04975750490704,"Baseline","Train"
-0.431828987280159,-1.68887564770881,1.04302448847285,"Baseline","Test"
-0.419354452162125,-1.71027981951689,1.03880236277379,"Baseline","Train"
-0.405990246413702,-1.73215968781172,1.03472536363045,"Baseline","Train"
-0.352840705249425,-1.76057812620941,1.04339532483162,"Baseline","Train"
-0.395390218515192,-1.76729576621538,1.0239404402789,"Baseline","Train"
-0.393867424376235,-1.7681099864416,1.02418884441962,"Baseline","Test"
-0.392761171658482,-1.76870148683884,1.02436930069321,"Baseline","Train"
-0.369473000540173,-1.79588758341611,1.02191113762698,"Baseline","Train"
-0.36704316764558,-1.81192097035744,1.01605048078265,"Baseline","Train"
-0.340381155650935,-1.8409110202146,1.01414267184659,"Baseline","Train"
-0.327885097259451,-1.86232670026542,1.00992405710815,"Baseline","Test"
-0.316721876972823,-1.88302972736106,1.00548802460083,"Baseline","Train"
-0.271074360870447,-1.92217110434382,1.00667720541093,"Baseline","Train"
-0.268860756816124,-1.92335469255694,1.00703829716912,"Baseline","Train"
-0.228417005536362,-1.94497949362085,1.01363564018928,"Baseline","Train"
-0.340703326567822,-1.89967549397044,0.98906203527618,"Baseline","Train"
-0.242520627309627,-1.98164100299979,0.992563940106955,"Baseline","Train"
-0.176270833407234,-2.09073491188227,0.972085762327176,"Baseline","Train"
-0.305111910036157,-0.369982585791621,0.824593199094364,"Baseline","Train"
-0.292482439682056,-0.376735415964586,0.826653367734822,"Baseline","Train"
-0.292371596563142,-0.376794682484629,0.826671448898259,"Baseline","Train"
-0.291292133569808,-0.392106042424177,0.820590514429799,"Baseline","Test"
-0.282682888243195,-0.396709305267194,0.821994888227164,"Baseline","Train"
-0.281668831210396,-0.39725150970936,0.822160305179739,"Baseline","Train"
-0.279230581196502,-0.398555213491182,0.822558042066194,"Baseline","Train"
-0.277759936857545,-0.39934154982892,0.822797939327397,"Baseline","Train"
-0.274581707487935,-0.415775095617466,0.817059363845563,"Baseline","Train"
-0.266662335265349,-0.420009491375659,0.818351202841787,"Baseline","Train"
-0.265990455663789,-0.42036873754504,0.818460802472373,"Baseline","Test"
-0.263683008835488,-0.421602502392479,0.818837202231183,"Baseline","Test"
-0.261262690093765,-0.42289661853267,0.819232014098333,"Baseline","Test"
-0.277106156235295,-0.429159486075245,0.810390545186952,"Baseline","Test"
-0.273012715261911,-0.431348201115646,0.811058283301734,"Baseline","Train"
-0.263102316177251,-0.436647175663957,0.812674906393296,"Baseline","Train"
-0.252215971649564,-0.442467976832867,0.814450729525726,"Baseline","Train"
-0.238440305762546,-0.464567848054262,0.810440849370796,"Baseline","Train"
-0.263085488553909,-0.466124540587083,0.800163609986406,"Baseline","Train"
-0.22803062233343,-0.48486796780025,0.805881896981666,"Baseline","Test"
-0.226471070023446,-0.485701842190854,0.80613629725912,"Baseline","Train"
-0.241775140501426,-0.492253118289756,0.797382816679767,"Baseline","Train"
-0.230176097911814,-0.498454990781678,0.799274897909816,"Baseline","Test"
-0.22175479146863,-0.502957764900536,0.800648614380855,"Baseline","Train"
-0.212920534284968,-0.507681338953362,0.802089692993119,"Baseline","Train"
-0.207047678969433,-0.510821486043009,0.803047696140661,"Baseline","Test"
-0.193528196058089,-0.532784379221823,0.798996026415947,"Baseline","Train"
-0.18810621795048,-0.535683447538677,0.799880480708436,"Baseline","Train"
-0.218321385634293,-0.534261934256836,0.788694643585461,"Baseline","Train"
-0.181243867501423,-0.554086849804861,0.794742873478058,"Baseline","Train"
-0.175529225709718,-0.557142401972667,0.795675068216288,"Baseline","Train"
-0.162943143575868,-0.563872032971428,0.797728159200421,"Baseline","Train"
-0.174166131456586,-0.572605416231475,0.789640400789161,"Baseline","Test"
-0.166967781681612,-0.576454289714932,0.790814623781389,"Baseline","Test"
-0.16549950007391,-0.577239362727885,0.791054135624621,"Baseline","Train"
-0.159855643768542,-0.580257066723556,0.791974783557239,"Baseline","Train"
-0.15492119455387,-0.582895459040062,0.792779710228348,"Baseline","Test"
-0.153369012576197,-0.583725392600131,0.793032908228346,"Baseline","Train"
-0.147413607272598,-0.586909678203472,0.794004377253071,"Baseline","Train"
-0.136420270303217,-0.592787686980326,0.795797653411398,"Baseline","Train"
-0.145474849145045,-0.60268049320702,0.788063614370496,"Baseline","Train"
-0.113953126635392,-0.619534789776783,0.793205561133648,"Baseline","Test"
-0.140916763110434,-0.619851832225253,0.782550126509113,"Baseline","Train"
-0.135534416336172,-0.622729710131416,0.783428115983375,"Baseline","Train"
-0.118074830021687,-0.632065146849368,0.786276192046104,"Baseline","Train"
-0.141432054897281,-0.634310495424863,0.776209049398466,"Baseline","Train"
-0.133949201892426,-0.638311489459791,0.7774296816712,"Baseline","Train"
-0.122729558231351,-0.644310501779403,0.779259873862922,"Baseline","Train"
-0.111888277609072,-0.650107207804841,0.781028345994706,"Baseline","Train"
-0.110007366337256,-0.665847092770797,0.775078146906589,"Baseline","Train"
-0.0992993512652855,-0.701040910653845,0.764310838845479,"Baseline","Test"
-0.0849086524563585,-0.708735449094677,0.766658305965571,"Baseline","Train"
-0.0742839024009864,-0.72915056245182,0.762134436086363,"Baseline","Train"
-0.0662106712328381,-0.733467224789754,0.763451373156046,"Baseline","Train"
-0.017387833269889,-0.833243144034409,0.740130442108042,"Baseline","Test"
-0.208030801492805,0.920553931091722,0.58255651240355,"Baseline","Test"
-0.199109176561182,0.915783642525299,0.58401184278485,"Baseline","Test"
-0.136523262254756,0.852851318320269,0.581707060715652,"Baseline","Test"
-0.139070562302198,0.839479146185536,0.575034514463523,"Baseline","Test"
-0.105013055564932,0.806534811735138,0.574333087578518,"Baseline","Test"
-0.110357137718427,0.794658046301038,0.567204319281637,"Baseline","Test"
-0.0903790654035291,0.783976004557147,0.570463220639016,"Baseline","Train"
-0.0758039915051403,0.761448699216321,0.566583743048072,"Baseline","Test"
-0.064835269012503,0.740849667817653,0.562115983299263,"Baseline","Train"
-0.0521260303520701,0.719320002768888,0.557932143360752,"Baseline","Train"
0.00305925779894382,0.689813074253158,0.566934183579044,"Baseline","Train"
-0.0605003539077393,0.709063471992161,0.550309070224893,"Baseline","Train"
-0.034655477587694,0.695244518723554,0.554524987616375,"Baseline","Train"
-0.047537825158082,0.687398375693385,0.546166547957204,"Baseline","Train"
-0.0238206326233715,0.674717070074387,0.550035389241102,"Baseline","Train"
-0.0345447489483145,0.665716946024758,0.542029008710784,"Baseline","Train"
-0.0100344566157812,0.652611579214375,0.546027223538181,"Baseline","Train"
-0.02109277977523,0.643790151652625,0.537966325880811,"Baseline","Test"
-0.00849311565050254,0.637053258522101,0.540021632412461,"Baseline","Test"
0.0269891840835138,0.618081287605499,0.545809644035578,"Baseline","Test"
0.0281739467933876,0.617447808833174,0.546002907166401,"Baseline","Test"
0.0418398107667716,0.61014083110634,0.548232136390854,"Baseline","Test"
0.0184565887283224,0.607909382909944,0.538160752984248,"Baseline","Test"
0.0217806946504346,0.606132022328731,0.538702994154011,"Baseline","Test"
0.0252722458309857,0.604265130725092,0.539272549649771,"Baseline","Test"
0.0259430119624449,0.603906479915159,0.539381967646755,"Baseline","Train"
0.0284407205858627,0.602570984309833,0.539789403654339,"Baseline","Train"
0.055705112232155,0.58799303278894,0.544236877942333,"Baseline","Train"
0.0225819167980349,0.590969434517052,0.53257667194966,"Baseline","Train"
0.0320451571755822,0.585909550502614,0.534120352762578,"Baseline","Train"
0.0458097163871615,0.578549801585562,0.536365681540614,"Baseline","Train"
0.0597799614543874,0.57108007484575,0.538644562600552,"Baseline","Train"
0.0481861671653343,0.562544957437899,0.530496316796495,"Baseline","Test"
0.0489562308574968,0.547399029688132,0.524364911902928,"Baseline","Train"
0.0739815150868453,0.51928411903543,0.522190113527058,"Baseline","Test"
0.0847938852856929,0.498768687380656,0.517696848980067,"Baseline","Train"
0.0872429086674325,0.497459223204976,0.518096343260456,"Baseline","Train"
0.0958508682528645,0.478122464137927,0.513243486625347,"Baseline","Test"
0.0968440854700303,0.477591402501585,0.513405504105621,"Baseline","Train"
0.103284545123512,0.474147764007143,0.514456097094576,"Baseline","Train"
0.101648244232065,0.460288491272332,0.507932156590753,"Baseline","Test"
0.106671272652001,0.45760273669017,0.508751532648555,"Baseline","Train"
0.136345068022919,0.441736505161142,0.513592038303385,"Baseline","Train"
0.124828916952861,0.433159872831664,0.505456457965134,"Baseline","Train"
0.138570782215775,0.411078074408883,0.501441064120092,"Baseline","Train"
0.155210620680415,0.387446763589433,0.497898399007428,"Baseline","Test"
0.183625288235463,0.357519589290844,0.496276490106913,"Baseline","Train"
0.216694922222784,0.339837642547448,0.501670938249386,"Baseline","Train"
-0.408185586992614,2.6057659452585,0.392145874345474,"Baseline","Train"
-0.275231332054188,2.40206920598657,0.357520706565827,"Baseline","Test"
-0.11081933560244,2.16681819634092,0.321770028021428,"Baseline","Train"
-0.0730776048241143,2.14663813405533,0.327926606880719,"Baseline","Test"
-0.0340977010329279,2.12579603513271,0.334285161368524,"Baseline","Train"
-0.0635523372335939,2.11207671742552,0.316966364420735,"Baseline","Test"
-0.0281980882436418,2.07843903005018,0.316476467207904,"Baseline","Train"
0.00626244170434451,2.04527920379993,0.315840783046609,"Baseline","Train"
0.0385912804961614,2.02799335158845,0.321114389777052,"Baseline","Train"
0.0394081040806849,2.02755660556562,0.321247633237501,"Baseline","Train"
0.000553938083827754,2.03359729026454,0.308652568893551,"Baseline","Train"
-0.0501047485344932,2.04594971415719,0.294131904938681,"Baseline","Train"
-0.0226946951745792,2.03129387902066,0.298603140135574,"Baseline","Train"
0.0498878697860245,1.99248482995091,0.310443092246256,"Baseline","Train"
0.0333453413889452,1.97186155913026,0.29523056886603,"Baseline","Train"
-0.114308318597613,2.03607606151256,0.264887705182064,"Baseline","Test"
0.0158684585889045,1.96647206038205,0.286122650635532,"Baseline","Test"
0.0588192802119705,1.94350675811062,0.293128956783676,"Baseline","Train"
0.0975155686539184,1.90808212130526,0.293184226128201,"Baseline","Test"
0.125751811936506,1.89298453207438,0.297790232659285,"Baseline","Test"
0.0683376029469387,1.9089490548139,0.282167581451669,"Baseline","Train"
0.06952246514463,1.90831552284661,0.282360860811334,"Baseline","Train"
0.0707056410744602,1.90768289250702,0.282553865100385,"Baseline","Train"
0.125518329400798,1.86364100506743,0.285238104679447,"Baseline","Train"
0.145240829789794,1.83836143095014,0.282198295446532,"Baseline","Test"
0.158133693769852,1.80199939989455,0.271787388491595,"Baseline","Train"
0.16566220130631,1.79797399491522,0.273015468110233,"Baseline","Train"
0.14211394714461,1.79583078746608,0.262917164017686,"Baseline","Test"
0.167558841225304,1.78222570002547,0.267067834740612,"Baseline","Train"
0.202214976333068,1.76369546967752,0.272721079155988,"Baseline","Train"
0.129613454683245,1.7877804709726,0.254621014058619,"Baseline","Test"
0.193606680394667,1.75356404119895,0.265059839529205,"Baseline","Train"
0.205957376219371,1.74696026850827,0.267074533377204,"Baseline","Train"
0.234109762568003,1.73190751659977,0.271666860836975,"Baseline","Test"
0.221759266059992,1.72377699902333,0.263395178804956,"Baseline","Test"
0.208130587909977,1.71632991023026,0.25491499478023,"Baseline","Test"
0.212942202520868,1.71375719614059,0.255699884189952,"Baseline","Train"
0.22842163547351,1.69074634058447,0.251967929187925,"Baseline","Train"
0.240221882343145,1.68443688651589,0.253892831647717,"Baseline","Test"
0.235765684312354,1.67208537981982,0.24690889848443,"Baseline","Train"
0.244896616048587,1.66720317735155,0.248398371811001,"Baseline","Test"
0.258821715029601,1.64502340600151,0.244412867767299,"Baseline","Test"
0.265270293971642,1.64157542621839,0.245464785206386,"Baseline","Train"
0.29450891424101,1.6112076940346,0.243977282697879,"Baseline","Test"
0.236522622517478,1.62747810272493,0.228261311115361,"Baseline","Test"
0.245167049368399,1.6228560287321,0.229671423860684,"Baseline","Train"
0.248349580748146,1.62115436640383,0.230190570836923,"Baseline","Test"
0.302112798777114,1.59240780215984,0.238960637410412,"Baseline","Test"
0.289831362989571,1.58424035862341,0.230700220833445,"Baseline","Train"
0.305906897275512,1.56091077465218,0.22706550421426,"Baseline","Test"
0.342988637709284,1.54108360148922,0.233114422865108,"Baseline","Train"
0.287519041552305,1.55600836247766,0.21780898451466,"Baseline","Train"
0.310556368742661,1.54369057291137,0.221566923502349,"Baseline","Test"
0.277084646360886,1.54685332792448,0.209849864429714,"Baseline","Test"
0.326135261552849,1.52062653733201,0.217851192781606,"Baseline","Train"
0.324640097668156,1.50669180028943,0.211350275098786,"Baseline","Train"
0.337883413332963,1.49961075420404,0.213510576589138,"Baseline","Train"
0.394057915204411,1.46957490467488,0.222673981221646,"Baseline","Train"
0.513290117241193,1.2437468193033,0.173296377064946,"Baseline","Train"
0.630551949914596,1.18104828804169,0.192424586215689,"Baseline","Test"
0.666237106806244,1.13249948438447,0.185731647297736,"Baseline","Train"
0.65825606830905,1.12203266868407,0.178172728360074,"Baseline","Train"
0.828089369761594,0.721806929980987,0.0744791666376122,"Baseline","Train"
0.864541424963247,0.687582258456461,0.0741683478712426,"Baseline","Train"
1.14408409628579,0.692003143935971,-0.14606327033346,"Baseline","Test"
1.26856499184216,0.492837010880868,-0.18207064566329,"Baseline","Train"
1.28688590156678,0.438838483519056,-0.197853129246387,"Baseline","Train"
1.28209737181048,0.426664670712003,-0.204891273661603,"Baseline","Train"
1.14618936866049,0.484598907678301,-0.233318139825656,"Baseline","Train"
1.20303487268963,0.454204281138736,-0.224045278694641,"Baseline","Train"
1.31859128340916,0.392417619061249,-0.20519526464865,"Baseline","Test"
1.31273748429027,0.380813393330486,-0.212407179972141,"Baseline","Train"
1.24394497169792,0.402861762005881,-0.229885904602221,"Baseline","Test"
1.31808499010104,0.363219960785431,-0.217791894589562,"Baseline","Train"
1.26506423132418,0.376835357051086,-0.232697869000935,"Baseline","Train"
1.33837907352859,0.337634767898637,-0.220738464959847,"Baseline","Train"
1.35126483814662,0.330744900178562,-0.218636488595829,"Baseline","Train"
1.23925324498572,0.375902006047866,-0.243165278823302,"Baseline","Test"
1.29319540370113,0.347059764310464,-0.234366022744602,"Baseline","Test"
1.32125425139242,0.332057026428679,-0.229788953676762,"Baseline","Train"
1.34889302163092,0.302544715355816,-0.231537429984693,"Baseline","Train"
1.32643192708249,0.299820216369216,-0.241458392345588,"Baseline","Train"
1.34377763526203,0.290545668958901,-0.23862889252999,"Baseline","Train"
1.34372379366653,0.275840273735855,-0.244894696079144,"Baseline","Train"
1.3681695925701,0.262769390808075,-0.240907001672329,"Baseline","Train"
1.30323368111792,0.28275567993348,-0.257756622428299,"Baseline","Train"
1.33694028850989,0.264733150956177,-0.252258268690717,"Baseline","Test"
1.42058205906503,0.22001087392564,-0.23861429567374,"Baseline","Train"
1.30447275345338,0.267358978744369,-0.263811520796103,"Baseline","Train"
1.36580967808771,0.234562842107242,-0.253806001554931,"Baseline","Test"
1.39721578338494,0.203036181014704,-0.254939935421376,"Baseline","Train"
1.30506947275047,0.237571552521621,-0.276228223003267,"Baseline","Test"
1.36744724951499,0.204218884416957,-0.266052915888347,"Baseline","Train"
1.37960478908281,0.197718390119037,-0.264069730445055,"Baseline","Train"
1.41073117310392,0.181075476418003,-0.258992272843651,"Baseline","Train"
1.37844954500576,0.183601901928622,-0.270515199078284,"Baseline","Train"
1.37902329449537,0.183295124783062,-0.270421606815677,"Baseline","Train"
1.44276152842663,0.149215036133671,-0.260024376602399,"Baseline","Test"
1.49260896323416,0.10782801171194,-0.258150088613117,"Baseline","Train"
1.54889366319635,0.0777332405517554,-0.248968708036692,"Baseline","Test"
1.4061172204521,0.139339951884187,-0.278515980952907,"Baseline","Train"
1.51473953135341,0.0812608719270894,-0.260797084411828,"Baseline","Train"
1.53133214637738,0.072388994624183,-0.258090432099645,"Baseline","Test"
1.42254052037787,0.11582442169036,-0.282093968679642,"Baseline","Train"
1.43663985633178,0.0935514878675662,-0.286051050506299,"Baseline","Train"
1.44985069028737,0.0717536256776042,-0.290153068256839,"Baseline","Train"
1.48447793609527,0.0532388421006057,-0.284504536377139,"Baseline","Train"
1.62506680329945,-0.0661349329402792,-0.280342192135337,"Baseline","Test"
1.64311411107808,-0.0905188011500672,-0.283655265344162,"Baseline","Test"
0.688638728461747,1.57236798096802,-0.11550637150205,"Baseline","Train"
0.812395317995991,1.49146259543506,-0.101575732886687,"Baseline","Train"
0.944351370798062,1.39143886904117,-0.0925645864247631,"Baseline","Train"
0.942115966289797,1.36316574631256,-0.105443275753009,"Baseline","Train"
1.03587439199276,1.26883166094322,-0.108920096440104,"Baseline","Train"
0.796294810893248,1.38219787882622,-0.154258276207187,"Baseline","Train"
0.910583102975176,1.32108926496127,-0.135615122637234,"Baseline","Test"
1.02130385655082,1.24715398854,-0.123810940610396,"Baseline","Train"
1.07642932609167,1.2029448606411,-0.121075678935285,"Baseline","Train"
1.04217799052789,1.19179028201494,-0.139176932259195,"Baseline","Train"
1.04243064604646,1.19165519006244,-0.139135718102022,"Baseline","Train"
1.05397057090883,1.18548492712825,-0.137253280387047,"Baseline","Train"
1.06436893310566,1.17992504440765,-0.135557058842566,"Baseline","Train"
1.09124018780551,1.16555729861665,-0.131173714592154,"Baseline","Test"
1.09314490880523,1.1498046828675,-0.137120029744255,"Baseline","Test"
1.04455928681308,1.16104866333651,-0.151302527282583,"Baseline","Test"
1.10165469044332,1.13052041840129,-0.141988901550438,"Baseline","Train"
1.06421186386393,1.13580647641079,-0.15435374268412,"Baseline","Train"
1.08439533639632,1.12501460957152,-0.151061335639254,"Baseline","Train"
0.85119373510992,1.23497059620039,-0.195359114373512,"Baseline","Test"
1.05543005048919,1.12576782567719,-0.162043287154329,"Baseline","Train"
1.14440653551836,1.06345895547984,-0.153786115327692,"Baseline","Train"
1.16109817457874,1.05453413118215,-0.151063309827075,"Baseline","Train"
1.10607409592608,1.06922067916867,-0.166296073618303,"Baseline","Train"
1.10633915665762,1.0690789542938,-0.16625283587423,"Baseline","Train"
1.18275288895789,1.02822142482989,-0.153787928750533,"Baseline","Train"
0.938581389051378,1.14404288802424,-0.199875160287839,"Baseline","Test"
1.09861157908796,1.05847661599814,-0.173770409273256,"Baseline","Train"
1.16675422708321,1.00730735493695,-0.168911734494736,"Baseline","Test"
1.17034321868365,1.00538836307977,-0.168326284136266,"Baseline","Train"
1.13891104029499,1.0074605977599,-0.179710644809234,"Baseline","Test"
1.15289741831214,0.999982244920344,-0.177429132079354,"Baseline","Train"
1.16665238521955,0.992627624896208,-0.175185368035522,"Baseline","Test"
1.29992617853471,0.921367685442613,-0.153445225188313,"Baseline","Test"
1.1336579525694,0.995535178668835,-0.18682456973885,"Baseline","Train"
1.17018928489617,0.976002302286985,-0.180865435812911,"Baseline","Train"
1.17762407202749,0.972027008512796,-0.179652644233614,"Baseline","Test"
1.27645454842545,0.919183508008278,-0.16353103006549,"Baseline","Test"
1.17186571420089,0.960371751438658,-0.186848990799917,"Baseline","Test"
1.17728354358956,0.957474901393325,-0.185965213262701,"Baseline","Train"
1.23667325901435,0.925719914759686,-0.176277330409866,"Baseline","Test"
1.17490372855212,0.944013176981471,-0.192610438704401,"Baseline","Train"
1.18942931243547,0.936246517068009,-0.190240968602981,"Baseline","Train"
1.28238422268754,0.886544613102441,-0.175077799783656,"Baseline","Train"
1.15255893764859,0.941226491795413,-0.202512429159486,"Baseline","Test"
1.16092601377212,0.936752713994578,-0.201147558950465,"Baseline","Test"
1.17684863684358,0.928239073557171,-0.198550198348166,"Baseline","Train"
1.2067211790195,0.91226657443465,-0.193677272336537,"Baseline","Train"
1.18079752965812,0.91139346303287,-0.204163060192207,"Baseline","Test"
1.21472397715034,0.893253388123666,-0.19862884527694,"Baseline","Train"
1.18714267081665,0.893266606528693,-0.209385036626599,"Baseline","Train"
1.21480504391687,0.878475858976377,-0.204872642045998,"Baseline","Train"
1.19656806890009,0.873492772651768,-0.214104549494165,"Baseline","Train"
1.23880148697859,0.850911057669924,-0.207215269020387,"Baseline","Train"
1.29136015550518,0.82280855196492,-0.198641693276765,"Baseline","Train"
1.19311183248292,0.860606598169407,-0.220925365004827,"Baseline","Train"
1.21823938184031,0.847171191242927,-0.216826460795369,"Baseline","Train"
1.22606471428566,0.842987077454396,-0.215549961935714,"Baseline","Train"
1.241497815007,0.834735178895591,-0.213032454135333,"Baseline","Train"
1.20920230727197,0.837269025685804,-0.224557644470661,"Baseline","Test"
1.22468659256678,0.828989759333859,-0.222031787242301,"Baseline","Train"
1.18930633689901,0.833172984786215,-0.234060173735234,"Baseline","Train"
1.21438379252621,0.819764362391722,-0.229969441011129,"Baseline","Test"
1.24050205496693,0.80579923275999,-0.22570892780551,"Baseline","Train"
1.2410929313084,0.805483298086937,-0.225612541743787,"Baseline","Train"
1.23866066768192,0.792049617322573,-0.232266322804634,"Baseline","Test"
1.2876908022211,0.765833777495749,-0.224268335336993,"Baseline","Train"
1.40502334091167,0.703097440553235,-0.20512859234396,"Baseline","Train"
1.26077728761112,0.765489935471898,-0.234915593886703,"Baseline","Test"
1.32426787110765,0.716808078920378,-0.230815782079073,"Baseline","Test"
1.33808898192098,0.709418092522899,-0.228561228382395,"Baseline","Train"
1.2980626901714,0.716085499160868,-0.241347494467252,"Baseline","Train"
1.25346724178551,0.725195980443585,-0.254879099267948,"Baseline","Train"
1.29992769539156,0.700354118974807,-0.247300288212776,"Baseline","Train"
1.28611368984566,0.693006122574033,-0.255810703567757,"Baseline","Train"
1.28384317204189,0.679485958208906,-0.262438100016873,"Baseline","Train"
1.31910396427922,0.660632424761592,-0.256686221563676,"Baseline","Train"
1.37240892747643,0.632130884019617,-0.247990907312117,"Baseline","Train"
1.30372697518354,0.654120137395233,-0.265451596913377,"Baseline","Train"
1.30598830972023,0.652911028251113,-0.265082719172074,"Baseline","Test"
1.32354510107755,0.643523617132983,-0.262218786642262,"Baseline","Train"
1.34763931323067,0.601172356141364,-0.270802485837097,"Baseline","Test"
1.42019057534513,0.562380044337552,-0.258967639969209,"Baseline","Test"
1.35495534798395,0.582526374180808,-0.275866086307885,"Baseline","Train"
1.33329018570662,0.564642115817664,-0.291914233778493,"Baseline","Train"
1.35954414065187,0.550604432989861,-0.287631585880385,"Baseline","Train"
1.38140594078895,0.538915183998273,-0.284065403467064,"Baseline","Train"
1.63956233679561,0.400881976633259,-0.24195392163332,"Baseline","Test"
1.43452969158113,0.495776351716268,-0.281656669989683,"Baseline","Train"
1.63573831742092,0.388192451399283,-0.248834731339648,"Baseline","Test"
1.71022450151348,0.348365559431007,-0.236684253424711,"Baseline","Train"
1.38412593169282,0.493258285571399,-0.302392769995818,"Baseline","Train"
1.39720227459232,0.486266517871885,-0.300259705756535,"Baseline","Train"
1.49743359874653,0.43267400044655,-0.283909579818987,"Baseline","Train"
1.39724532790031,0.471509314076536,-0.306509703429748,"Baseline","Train"
1.54224406768449,0.379245999103574,-0.289113962116188,"Baseline","Train"
1.43588108985095,0.391914488994156,-0.325235369495427,"Baseline","Train"
1.4334125187923,0.378500221389375,-0.331895073166729,"Baseline","Test"
1.57833975020235,0.065262385686025,-0.408366307039157,"Baseline","Test"
1.62161704054385,-0.219819158437427,-0.678134078565332,"Baseline","Test"
1.84909484865119,-0.356183067148269,-0.64728402877411,"Baseline","Train"
-0.425740818599322,0.830676606278185,-1.03087816873703,"Baseline","Train"
1.65809821350828,-0.312996133668598,-0.703468230317618,"Baseline","Test"
1.75704383328831,-0.454306302162475,-0.724869957694334,"Baseline","Train"
1.59631897361436,-0.383102782096059,-0.757345046636691,"Baseline","Train"
1.82232351906034,-0.503944770787965,-0.720478300520332,"Baseline","Train"
1.66987368480407,-0.43716581008594,-0.751603534925128,"Baseline","Test"
1.74707960804594,-0.478446914786431,-0.739009402514116,"Baseline","Train"
1.76965193515651,-0.490516074245427,-0.73532731615962,"Baseline","Test"
1.43864556392945,-0.328265020365312,-0.795579391809702,"Baseline","Train"
1.70099886517797,-0.468542263905691,-0.752783294364707,"Baseline","Train"
1.66298789922855,-0.462952428416003,-0.76524081261633,"Baseline","Test"
1.54697682283394,-0.415656845611429,-0.790422014204306,"Baseline","Train"
1.62730879665393,-0.458609413015762,-0.777317948186503,"Baseline","Train"
-0.40885009480936,0.615366761975321,-1.11572117751878,"Baseline","Test"
1.3970559148885,-0.350230072247289,-0.82113472025015,"Baseline","Train"
1.51826666333918,-0.415040042616296,-0.801362348500338,"Baseline","Test"
0.746982763530912,-0.0173777405901631,-0.93343421801745,"Baseline","Train"
1.19390942767306,-0.256344203799136,-0.860529791130609,"Baseline","Train"
1.52087624143955,-0.431169537218123,-0.807193684603116,"Baseline","Train"
0.420110478283795,0.142662865839642,-0.993011925380182,"Baseline","Test"
0.886368801967842,-0.106640009759394,-0.916954042517787,"Baseline","Train"
1.00695813652497,-0.171117717383201,-0.897283038234729,"Baseline","Test"
1.51374212802145,-0.442089193858641,-0.814614449806706,"Baseline","Train"
1.56189687290227,-0.467836973067536,-0.806759259326727,"Baseline","Train"
1.41893062619233,-0.406128775773262,-0.836337493808786,"Baseline","Train"
1.49598305738693,-0.447327810070236,-0.823768399621349,"Baseline","Train"
1.29634747622541,-0.355319182050279,-0.86259075776334,"Baseline","Test"
1.60186161500131,-0.518674020911251,-0.812754095553812,"Baseline","Train"
0.762808364883613,-0.0847762394278796,-0.955880766767049,"Baseline","Train"
1.33655738453797,-0.39155313370781,-0.862288580820669,"Baseline","Train"
1.75872342371946,-0.617280380176272,-0.793423203999416,"Baseline","Train"
0.684680117917788,-0.0577361627080068,-0.97488237293156,"Baseline","Test"
1.08658313668929,-0.27262900901688,-0.909322379316347,"Baseline","Test"
1.40734719397852,-0.444137801051245,-0.856998090705249,"Baseline","Train"
1.32730718093006,-0.416075525353545,-0.876311551636499,"Baseline","Test"
1.47268164854911,-0.493805553913137,-0.85259749943044,"Baseline","Train"
1.74827369053002,-0.641161397376016,-0.807641846775977,"Baseline","Test"
0.730423253235546,-0.111662849862362,-0.979934615038094,"Baseline","Train"
1.24036651539415,-0.384323551432254,-0.896750674013141,"Baseline","Train"
0.90389641298171,-0.219151104352649,-0.957894014881197,"Baseline","Train"
1.17289271502717,-0.377714466464197,-0.920271305840445,"Baseline","Train"
1.23498795788879,-0.410916066993504,-0.910142086761706,"Baseline","Test"
2.26744223302056,-0.962957299589893,-0.741724104004227,"Baseline","Train"
1.29523802100975,-0.457865255178526,-0.906570881322302,"Baseline","Train"
1.31299021814746,-0.467357147483336,-0.903675073436705,"Baseline","Train"
0.428352986761064,-0.023820327739731,-1.06049460280396,"Baseline","Train"
0.566554959693662,-0.097715307229479,-1.03795055600688,"Baseline","Test"
1.14281186353471,-0.405833137869476,-0.943949274175204,"Baseline","Train"
1.11785448846032,-0.407222904837767,-0.954277439586835,"Baseline","Test"
1.46299023582765,-0.606497138371997,-0.904234566187961,"Baseline","Train"
-3.29689849110562,1.92382554207621,-1.68694326794194,"Baseline","Train"
1.52676791696233,-0.655332502674772,-0.90008792188979,"Baseline","Test"
1.12105103510919,-0.453134612051051,-0.972527068477054,"Baseline","Train"
0.790743804332806,-0.291257380397684,-1.03266509760014,"Baseline","Train"
0.873760234801923,-0.379847846478234,-1.03789419459781,"Baseline","Test"
1.50903490067178,-0.734255968313598,-0.940522725104555,"Baseline","Test"
-0.259987172644097,0.167416905175984,-1.24786359238557,"Baseline","Train"
-2.82246033567888,1.71762518080476,-1.75498095679232,"Baseline","Train"
-2.26912060498982,0.950267016537238,-1.86494267626613,"Baseline","Train"
-2.19995313865368,0.854347246003798,-1.87868789120036,"Baseline","Train"
-2.00974260622932,0.590567877036837,-1.91648723226948,"Baseline","Train"
-1.94057513989318,0.494648106503397,-1.9302324472037,"Baseline","Train"
-1.90599140672511,0.446688221236675,-1.93710505467082,"Baseline","Train"
-1.90599140672511,0.446688221236675,-1.93710505467082,"Baseline","Train"
-1.85411580697302,0.374748393336597,-1.94741396587149,"Baseline","Train"
-1.80224020722092,0.302808565436518,-1.95772287707216,"Baseline","Train"
-1.78494834063688,0.278828622803157,-1.96115918080571,"Baseline","Train"
-1.76765647405285,0.254848680169796,-1.96459548453927,"Baseline","Train"
-1.75036460746882,0.230868737536435,-1.96803178827283,"Baseline","Test"
-1.71578087430075,0.182908852269717,-1.97490439573994,"Baseline","Train"
-1.69848900771672,0.158928909636357,-1.9783406994735,"Baseline","Train"
-1.69848900771672,0.158928909636357,-1.9783406994735,"Baseline","Train"
-1.66390527454865,0.110969024369635,-1.98521330694061,"Baseline","Train"
-1.66390527454865,0.110969024369635,-1.98521330694061,"Baseline","Train"
-1.59473780821252,0.0150492538361957,-1.99895852187483,"Baseline","Train"
-1.59473780821252,0.0150492538361957,-1.99895852187483,"Baseline","Test"
-1.57744594162848,-0.00893068879716568,-2.00239482560839,"Baseline","Test"
-1.57744594162848,-0.00893068879716568,-2.00239482560839,"Baseline","Test"
-1.54286220846042,-0.0568905740638839,-2.0092674330755,"Baseline","Test"
-1.54286220846042,-0.0568905740638839,-2.0092674330755,"Baseline","Test"
-1.52557034187638,-0.0808705166972444,-2.01270373680906,"Baseline","Train"
-1.52557034187638,-0.0808705166972444,-2.01270373680906,"Baseline","Train"
-1.50827847529235,-0.104850459330605,-2.01614004054262,"Baseline","Train"
-1.50827847529235,-0.104850459330605,-2.01614004054262,"Baseline","Test"
-1.49098660870832,-0.128830401963966,-2.01957634427617,"Baseline","Train"
-1.47369474212428,-0.152810344597327,-2.02301264800973,"Baseline","Train"
-1.43911100895622,-0.200770229864045,-2.02988525547684,"Baseline","Train"
-1.43911100895622,-0.200770229864045,-2.02988525547684,"Baseline","Train"
-1.38723540920412,-0.272710057764124,-2.04019416667751,"Baseline","Test"
-1.35265167603605,-0.320669943030845,-2.04706677414463,"Baseline","Test"
-1.33535980945202,-0.344649885664206,-2.05050307787818,"Baseline","Train"
-1.26619234311588,-0.440569656197646,-2.06424829281241,"Baseline","Train"
-1.16244114361168,-0.584449311997808,-2.08486611521375,"Baseline","Test"
-1.11056554385958,-0.656389139897886,-2.09517502641442,"Baseline","Train"
-0.903063144851182,-0.944148451498209,-2.13641067121709,"Baseline","Test"
-0.67826887925875,-1.25588770573189,-2.18108261975333,"Baseline","Train"
-0.557225813170516,-1.42374730416541,-2.20513674588822,"Baseline","Test"
-0.601104966768304,-1.42155555579889,1.09049577645965,"3 dBm","Train"
-0.642660453412327,-1.41407050652555,1.07746006211779,"3 dBm","Train"
-0.587741488714079,-1.44343503500413,1.08641865861198,"3 dBm","Train"
-0.644747959888878,-1.42768852490813,1.07086251919275,"3 dBm","Test"
-0.578985151122161,-1.46285113005686,1.0815900059781,"3 dBm","Test"
-0.577364658078795,-1.46371758874527,1.08185434714653,"3 dBm","Train"
-0.560275723415151,-1.47285484235805,1.08464196106111,"3 dBm","Test"
-0.600496922968785,-1.46608322079552,1.07182390085231,"3 dBm","Train"
-0.565928867947617,-1.48456635575074,1.07746277729919,"3 dBm","Train"
-0.626259951703356,-1.46704221416897,1.06136431406201,"3 dBm","Train"
-0.550901806343415,-1.50733533363459,1.07365702971206,"3 dBm","Train"
-0.556274466925897,-1.51919681851677,1.06652359958998,"3 dBm","Test"
-0.547598783349852,-1.52383560511516,1.06793881105465,"3 dBm","Test"
-0.544653800253909,-1.52541025315277,1.06841920822499,"3 dBm","Train"
-0.534526684349672,-1.53082510365132,1.07007118301246,"3 dBm","Test"
-0.54174048167342,-1.54170215423891,1.06263741945827,"3 dBm","Train"
-0.520203122879141,-1.55321792823689,1.06615067772978,"3 dBm","Train"
-0.478906909593966,-1.57529853077069,1.07288707768911,"3 dBm","Train"
-0.553460445812876,-1.55016981010254,1.05446859233434,"3 dBm","Train"
-0.51333023314294,-1.57162696573671,1.06101478970917,"3 dBm","Test"
-0.50885282059108,-1.5740209858919,1.06174516277084,"3 dBm","Test"
-0.50881497927158,-1.57404121920311,1.061751335595,"3 dBm","Train"
-0.505117551474659,-1.57601819062704,1.0623544744903,"3 dBm","Test"
-0.569521305630636,-1.55631643978754,1.04559166131554,"3 dBm","Test"
-0.508275705640442,-1.58906374620494,1.05558228332328,"3 dBm","Test"
-0.496965588308614,-1.59511113373876,1.05742723393433,"3 dBm","Train"
-0.510708890242037,-1.60249693453468,1.04892835202937,"3 dBm","Train"
-0.482145013667293,-1.61776970545719,1.05358780338555,"3 dBm","Test"
-0.481177436926498,-1.63302124112534,1.04748861759361,"3 dBm","Test"
-0.465841538853329,-1.64122116656436,1.04999026931754,"3 dBm","Train"
-0.469077854695044,-1.65422493000777,1.04320532811199,"3 dBm","Train"
-0.449150926926676,-1.66487962536046,1.04645588657074,"3 dBm","Train"
-0.416051469373158,-1.6825775184161,1.05185519965007,"3 dBm","Train"
-0.415956893611534,-1.68262808697035,1.05187062721851,"3 dBm","Train"
-0.454709018961277,-1.67664196221269,1.03929220814434,"3 dBm","Train"
-0.450535201543082,-1.67887365359861,1.03997305757942,"3 dBm","Test"
-0.41935995168569,-1.71027687898593,1.03880146566998,"3 dBm","Train"
-0.41817839024384,-1.71090864607766,1.03899420659743,"3 dBm","Train"
-0.396975661422288,-1.7222454973407,1.04245287871792,"3 dBm","Train"
-0.428990634905158,-1.71986164893596,1.03097345022792,"3 dBm","Test"
-0.407298066765363,-1.73146041155675,1.03451202685541,"3 dBm","Test"
-0.389205680444809,-1.74113419904117,1.03746332773213,"3 dBm","Train"
-0.391465754886592,-1.75465994734988,1.03083763484511,"3 dBm","Train"
-0.39838712016566,-1.76569335793354,1.02345157395073,"3 dBm","Train"
-0.396072971761002,-1.76693070603552,1.02382906689691,"3 dBm","Train"
-0.384916842885416,-1.78762994143656,1.01939187761086,"3 dBm","Train"
-0.37817066769004,-1.80597122615257,1.01423531941835,"3 dBm","Train"
-0.362451164610659,-1.82911044439929,1.01054252559512,"3 dBm","Test"
-0.299372604143992,-1.90704036444249,1.00206108519863,"3 dBm","Train"
-0.218042794614906,-1.96526064663163,1.00907090138585,"3 dBm","Train"
-0.310717939664492,-0.366985107278005,0.823678721597371,"3 dBm","Train"
-0.281357675945416,-0.397417880792463,0.822211062044536,"3 dBm","Train"
-0.282373357561133,-0.411608991399612,0.815788359386298,"3 dBm","Test"
-0.277876129805414,-0.414013606512681,0.81652196478158,"3 dBm","Test"
-0.270303112683859,-0.418062810246883,0.817757304977966,"3 dBm","Train"
-0.266734354581485,-0.419970983489152,0.81833945476903,"3 dBm","Train"
-0.265790596302035,-0.420475600009621,0.818493404313783,"3 dBm","Train"
-0.294689453255294,-0.419757902689104,0.807522288949691,"3 dBm","Train"
-0.254032561848254,-0.441496667287677,0.814154400221727,"3 dBm","Train"
-0.252055402470788,-0.442553831295872,0.814476922198694,"3 dBm","Train"
-0.249306456748582,-0.444023660441219,0.814925340985264,"3 dBm","Train"
-0.243279461326479,-0.44724622444411,0.815908488070349,"3 dBm","Train"
-0.282933894390709,-0.440777646298554,0.803182881029835,"3 dBm","Train"
-0.257938378497325,-0.454142456475165,0.807260247423818,"3 dBm","Test"
-0.245842990490443,-0.46060971905994,0.809233294461207,"3 dBm","Train"
-0.245046104946351,-0.461035804445603,0.809363285550456,"3 dBm","Test"
-0.237553819370685,-0.465041841965887,0.810585456501064,"3 dBm","Train"
-0.225590520160719,-0.471438478214931,0.812536956696856,"3 dBm","Test"
-0.244377701064294,-0.476127375883204,0.803215297510732,"3 dBm","Test"
-0.234118052420828,-0.481613090088244,0.804888891557415,"3 dBm","Train"
-0.230620083630279,-0.483483413112934,0.805459493918839,"3 dBm","Train"
-0.223862120444161,-0.487096817034991,0.806561879326861,"3 dBm","Train"
-0.218244271862786,-0.504834798699458,0.801221264080399,"3 dBm","Train"
-0.208976351829368,-0.509790247208981,0.802733083474228,"3 dBm","Train"
-0.208205966795211,-0.510202163081745,0.802858751696564,"3 dBm","Train"
-0.20742009901873,-0.510622357395852,0.802986945524433,"3 dBm","Train"
-0.1998292130611,-0.529415299082648,0.797968179857965,"3 dBm","Train"
-0.197056432869677,-0.530897872240085,0.798420486616451,"3 dBm","Train"
-0.194805757814097,-0.532101281884253,0.79878762554147,"3 dBm","Train"
-0.188663802771502,-0.535385313452463,0.799789525289843,"3 dBm","Train"
-0.184390469940598,-0.537670214566331,0.800486608068584,"3 dBm","Train"
-0.193497705970858,-0.54753486560988,0.792743979380986,"3 dBm","Test"
-0.182693027057941,-0.553312001129158,0.794506480898666,"3 dBm","Test"
-0.181145710769711,-0.554139333061957,0.794758885188356,"3 dBm","Train"
-0.176220067459356,-0.556773016964357,0.795562375405883,"3 dBm","Train"
-0.170773961196863,-0.559684986323595,0.796450765577443,"3 dBm","Train"
-0.187480912114037,-0.565486158649872,0.787468441649469,"3 dBm","Train"
-0.171016915921143,-0.574289264967222,0.790154113154467,"3 dBm","Train"
-0.166508152218748,-0.576700048216135,0.790889600338527,"3 dBm","Test"
-0.153296158836539,-0.598498530337953,0.786787771718195,"3 dBm","Train"
-0.143744916332436,-0.603605468060807,0.788345807782469,"3 dBm","Train"
-0.141945934617707,-0.619301546250259,0.782382244024298,"3 dBm","Train"
-0.140021424815384,-0.620330559146044,0.782696177596478,"3 dBm","Train"
-0.122143901219512,-0.629889462043101,0.785612429224505,"3 dBm","Test"
-0.101029726449018,-0.641178964490143,0.789056656061554,"3 dBm","Train"
-0.10947915544518,-0.651395337265742,0.781421331432252,"3 dBm","Train"
-0.117640515724511,-0.661765737017009,0.773832997699644,"3 dBm","Train"
-0.102219672190376,-0.699479449190713,0.76383446466499,"3 dBm","Test"
-0.0367094838018689,-0.763975348565709,0.762006701630723,"3 dBm","Test"
-0.0299392550994241,-0.767595310715975,0.76311108783778,"3 dBm","Train"
-0.103771897782685,0.791136995482002,0.568278529396957,"3 dBm","Train"
-0.132870636992019,0.777227383813616,0.551017787759503,"3 dBm","Train"
-0.110819295203646,0.765436789116621,0.554614888948919,"3 dBm","Train"
-0.0585121249211068,0.737468756582961,0.563147439314515,"3 dBm","Train"
-0.0888982531676906,0.738981680479364,0.55193371443534,"3 dBm","Test"
-0.0689139981925633,0.728296332939317,0.555193624332456,"3 dBm","Train"
-0.0507485876958286,0.718583500281467,0.558156837198645,"3 dBm","Train"
-0.0486104250982541,0.717440249733441,0.5585056226511,"3 dBm","Train"
-0.0367766612326421,0.696378690824078,0.554178971837134,"3 dBm","Train"
-0.0348341637680377,0.695340060135528,0.554495839627195,"3 dBm","Test"
-0.0233238923335884,0.689185652542629,0.556373440158932,"3 dBm","Train"
-0.0324567701979517,0.679334711888049,0.548626628674983,"3 dBm","Train"
-0.0237691884862648,0.674689563495604,0.550043781010118,"3 dBm","Train"
-0.0661591115338851,0.682620776160248,0.536871950135821,"3 dBm","Train"
-0.0216097112651849,0.658800732572724,0.544139022690053,"3 dBm","Train"
-0.0120258700289212,0.65367636468883,0.54570237638712,"3 dBm","Train"
-0.00843444045834512,0.651756069277519,0.546288224436822,"3 dBm","Train"
-0.00444882367681359,0.634890822877336,0.540681353150025,"3 dBm","Test"
0.00624936818016739,0.629170624742143,0.542426484082313,"3 dBm","Train"
0.0167605657975139,0.623550410241115,0.544141111782269,"3 dBm","Train"
0.0181703022273971,0.608062456955597,0.538114052809588,"3 dBm","Train"
0.00933781409734136,0.598050901421328,0.530416242074934,"3 dBm","Train"
0.0188459240298974,0.592967026180305,0.5319672421853,"3 dBm","Train"
0.0321497015471168,0.585853651849169,0.534137406449687,"3 dBm","Test"
0.0479920759449832,0.577382919439508,0.536721676574228,"3 dBm","Train"
0.00999833958388369,0.582963542469717,0.524266968880494,"3 dBm","Train"
0.0466142453959542,0.563385445633856,0.530239898764405,"3 dBm","Test"
0.047714902631895,0.562796937075337,0.530419442281101,"3 dBm","Test"
0.0478720204937938,0.562712927991124,0.53044507196175,"3 dBm","Train"
0.054470277489797,0.559184917102122,0.531521405470893,"3 dBm","Train"
0.040233354829483,0.552063049538963,0.522942002220759,"3 dBm","Train"
0.0596997318085642,0.541654605309948,0.526117433831999,"3 dBm","Test"
0.0612006963679457,0.540852057104761,0.526362277046242,"3 dBm","Train"
0.0913752723794629,0.52471806402081,0.531284471999401,"3 dBm","Train"
0.0728697839910691,0.519878548657361,0.522008763598999,"3 dBm","Train"
0.0811717546707141,0.515439581976357,0.523363013553167,"3 dBm","Train"
0.0814863868092427,0.515271351849608,0.523414337579187,"3 dBm","Test"
0.0801958340098734,0.5012272116514,0.516946796857526,"3 dBm","Train"
0.0871897456684725,0.4974876488391,0.518087671103966,"3 dBm","Test"
0.0843563776480308,0.484268433905693,0.511368460324309,"3 dBm","Train"
0.0983450797436161,0.47678883840856,0.513650352166961,"3 dBm","Train"
0.106671272652001,0.45760273669017,0.508751532648555,"3 dBm","Train"
0.107401832019158,0.45721211513603,0.508870704352199,"3 dBm","Train"
0.121523294397184,0.434927350572895,0.504917231874454,"3 dBm","Train"
0.128363823852542,0.431269799431789,0.506033085815509,"3 dBm","Train"
0.153663054687303,0.417742596426136,0.510159995379579,"3 dBm","Test"
0.159623044582117,0.414555859495461,0.511132212260769,"3 dBm","Test"
0.137918754096382,0.411426706222792,0.501334702740984,"3 dBm","Test"
0.190878650461195,0.383109668682629,0.509973728340126,"3 dBm","Train"
0.155264975893081,0.387417700492576,0.497907265642484,"3 dBm","Train"
-0.276041676442955,2.38776830396434,0.351131499319812,"3 dBm","Train"
-0.213670986244315,2.31021687387919,0.342534588354347,"3 dBm","Train"
-0.178265367077421,2.23234916838627,0.323282008753842,"3 dBm","Test"
-0.0524274858338669,2.16506512419928,0.343809176517092,"3 dBm","Train"
-0.111266068605631,2.15232287556107,0.315440134487934,"3 dBm","Train"
-0.058111230602381,2.1239016050055,0.324110959730209,"3 dBm","Train"
-0.0239767091293481,2.10565027537092,0.329679116487705,"3 dBm","Test"
-0.0195185454389016,2.10326654735694,0.330406349599749,"3 dBm","Train"
-0.013599390042387,2.05589909307076,0.312600843305717,"3 dBm","Train"
0.0394081040806849,2.02755660556562,0.321247633237501,"3 dBm","Train"
-0.000582341198019283,2.03420484551462,0.30846721456929,"3 dBm","Train"
0.0884174998221594,1.9866176708367,0.322985217013943,"3 dBm","Train"
0.122050797181991,1.95390015618185,0.322214591434781,"3 dBm","Test"
0.0409076871904063,1.96781806122617,0.29646416831491,"3 dBm","Train"
0.0534770343761646,1.96109737820854,0.298514529428804,"3 dBm","Train"
0.068947512800327,1.95282549422894,0.301038134426379,"3 dBm","Train"
0.0790153254364363,1.93270816879986,0.296423414735288,"3 dBm","Test"
0.152576268383142,1.87864180876236,0.302165942995447,"3 dBm","Train"
0.180984066106146,1.86345249137747,0.306799934158378,"3 dBm","Test"
0.0618364660792973,1.9124251367055,0.281107090558028,"3 dBm","Train"
0.195619319411424,1.84089300881122,0.302930273267849,"3 dBm","Train"
0.127255221242109,1.86271230930234,0.285521433275422,"3 dBm","Train"
0.122303405620003,1.85062580353909,0.278456653030614,"3 dBm","Test"
0.139149620637509,1.82688414558915,0.274947652869085,"3 dBm","Train"
0.226171669823289,1.78035447308676,0.289143030167921,"3 dBm","Train"
0.153225724408124,1.80462363374321,0.27098678131775,"3 dBm","Train"
0.181296845296558,1.78961433352636,0.275565852437551,"3 dBm","Train"
0.186297826964278,1.7722061833901,0.270124611445494,"3 dBm","Train"
0.224904984358858,1.75156338760873,0.276422362082021,"3 dBm","Train"
0.200686671895212,1.74977845250135,0.266214755456412,"3 dBm","Train"
0.187371662619929,1.74216364862742,0.257785738326345,"3 dBm","Train"
0.194835229733183,1.7381729665333,0.259003224608949,"3 dBm","Train"
0.197007072860013,1.73701170739997,0.259357504161174,"3 dBm","Test"
0.212308300105521,1.71409613635242,0.255596479546638,"3 dBm","Train"
0.223645243657789,1.7080344051521,0.257445806155765,"3 dBm","Train"
0.224875984506686,1.69264215871146,0.251389548723261,"3 dBm","Train"
0.294910349352341,1.65519560245737,0.262813828456619,"3 dBm","Test"
0.204084091748198,1.6742909733442,0.235483852394859,"3 dBm","Train"
0.284550203405631,1.61653250031131,0.24235277880443,"3 dBm","Train"
0.318939263995047,1.59814507158649,0.247962456978947,"3 dBm","Train"
0.272445995536356,1.6082702950786,0.234121272339224,"3 dBm","Train"
0.245325592935838,1.59330288995017,0.217183244713322,"3 dBm","Train"
0.400501958694858,1.51033190102913,0.242496220912133,"3 dBm","Train"
0.310556368742661,1.54369057291137,0.221566923502349,"3 dBm","Train"
0.490938927250663,1.34410284149795,0.207192487647117,"3 dBm","Test"
0.470196231563235,1.34045953472667,0.197551837234861,"3 dBm","Test"
0.468510672510327,1.3118924160602,0.184762840849586,"3 dBm","Train"
0.510783443749155,1.27455547570871,0.18540152006758,"3 dBm","Test"
0.710849528777673,0.902367172101789,0.105410710436056,"3 dBm","Train"
0.752702522926114,0.850520497958963,0.0997238932745679,"3 dBm","Train"
1.23167831266561,0.542028254459281,-0.175573703763641,"3 dBm","Train"
1.12698023311785,0.583274910087006,-0.198909485022812,"3 dBm","Test"
1.06604771181879,0.571652265903385,-0.227620098500973,"3 dBm","Test"
1.18755749862397,0.491948219526863,-0.214055967141571,"3 dBm","Train"
1.28664641921529,0.438966531933098,-0.197892194544982,"3 dBm","Train"
1.30979381552947,0.426589889692892,-0.194116300650964,"3 dBm","Test"
1.25052283105769,0.443547208578982,-0.210041836343326,"3 dBm","Train"
1.32099060102672,0.391134731976665,-0.204803878567079,"3 dBm","Train"
1.2957652099311,0.3898882700421,-0.215175763801205,"3 dBm","Train"
1.31224321377782,0.381077673995984,-0.212487807312885,"3 dBm","Train"
1.21437980469901,0.418669911214148,-0.234708690371798,"3 dBm","Train"
1.26424623220994,0.392006915310724,-0.226574283521053,"3 dBm","Train"
1.28144837179852,0.382809132347831,-0.223768203175993,"3 dBm","Train"
1.34617757972383,0.348199181487279,-0.213209321405777,"3 dBm","Test"
1.33912793679266,0.337234359464771,-0.220616307452891,"3 dBm","Train"
1.23493297035373,0.378212006394076,-0.243870018932384,"3 dBm","Train"
1.3189083439581,0.333311355712588,-0.230171627280174,"3 dBm","Train"
1.34258230318876,0.320653166435918,-0.226309838382065,"3 dBm","Test"
1.35965710526775,0.311523469350956,-0.223524529830013,"3 dBm","Test"
1.26852379051722,0.345517203799597,-0.244647573558085,"3 dBm","Test"
1.28894180494,0.334599930153084,-0.241316907121976,"3 dBm","Test"
1.34062582632165,0.306965088052768,-0.232886007244322,"3 dBm","Train"
1.34760667915326,0.303232507642613,-0.231747263204856,"3 dBm","Train"
1.39374361175984,0.263829445375817,-0.230478246858835,"3 dBm","Train"
1.34372379366653,0.275840273735855,-0.244894696079144,"3 dBm","Train"
1.3665970265701,0.263610223466612,-0.241163524793838,"3 dBm","Test"
1.35451848896741,0.255334292642421,-0.249390843824678,"3 dBm","Train"
1.47850895174204,0.189038041516368,-0.22916503419354,"3 dBm","Train"
1.33086744581434,0.253246045265465,-0.259505915259849,"3 dBm","Train"
1.36635698750672,0.234270202158375,-0.253716722300136,"3 dBm","Train"
1.50839703290452,0.143588866489747,-0.236803614796277,"3 dBm","Train"
1.36830124340359,0.203762263867023,-0.265913609062399,"3 dBm","Train"
1.39847498586448,0.187628716472852,-0.260991550081281,"3 dBm","Test"
1.41692635760584,0.177762983680088,-0.257981690097513,"3 dBm","Train"
1.45032736972174,0.159903852924808,-0.252533186257574,"3 dBm","Test"
1.38188611749457,0.181764406788814,-0.269954611921927,"3 dBm","Train"
1.39941891170467,0.1723898266648,-0.267094593900702,"3 dBm","Train"
1.4414324106736,0.149925699860215,-0.26024118749292,"3 dBm","Train"
1.47429482418508,0.132354551483061,-0.254880541965602,"3 dBm","Test"
1.4090059063933,0.137795405277161,-0.278044767194821,"3 dBm","Train"
1.42216609067532,0.130758808570429,-0.275898026421034,"3 dBm","Train"
1.43567990766918,0.123533128586279,-0.273693599695049,"3 dBm","Train"
1.42456576614787,0.114741546450159,-0.281763602662099,"3 dBm","Train"
1.42975099903238,0.111969063036788,-0.280917767177107,"3 dBm","Train"
1.52489081312976,0.0610989165243856,-0.265398188290035,"3 dBm","Train"
1.43693059351867,0.0933960340921493,-0.286003624318323,"3 dBm","Test"
1.44985069028737,0.0717536256776042,-0.290153068256839,"3 dBm","Test"
1.59359682659501,-0.00510575316327184,-0.266704635828174,"3 dBm","Train"
1.66166563417749,-0.0562355326188799,-0.261858006186822,"3 dBm","Train"
1.66399374860717,-0.131151266665252,-0.292763338534671,"3 dBm","Train"
0.69946972508347,1.4781716715086,-0.151281701120728,"3 dBm","Train"
1.1023614750195,1.15961087633961,-0.129359566689083,"3 dBm","Test"
0.620344271866897,1.40260565689076,-0.214245120353661,"3 dBm","Train"
1.08555929761669,1.1391264368073,-0.144614445031485,"3 dBm","Train"
0.938932934698395,1.20279165545523,-0.174789731996464,"3 dBm","Test"
1.09228284844453,1.12079724907615,-0.149774693799385,"3 dBm","Test"
1.13377318639497,1.09861285035295,-0.14300662746478,"3 dBm","Test"
1.07581768472914,1.04119587748527,-0.19000267993926,"3 dBm","Train"
1.04822179232773,1.01174852750058,-0.21327529202006,"3 dBm","Train"
1.18534398245809,0.938430895253656,-0.190907383620344,"3 dBm","Test"
1.18998084063964,0.921217437689217,-0.196408021860775,"3 dBm","Train"
1.16752774864509,0.918488659830601,-0.206327678813757,"3 dBm","Test"
1.11698976461028,0.930776545462738,-0.220828653290731,"3 dBm","Train"
1.22953950008745,0.870597517492434,-0.202469099879483,"3 dBm","Train"
0.991307931511489,0.968508785141136,-0.253844407264458,"3 dBm","Train"
1.23723950121972,0.837012049502391,-0.213727086948888,"3 dBm","Train"
1.0831984030221,0.904641840433632,-0.245111894556576,"3 dBm","Train"
0.727669275683651,1.080004925361,-0.309364218174451,"3 dBm","Test"
1.22649417385601,0.813289083052443,-0.227993948204218,"3 dBm","Train"
1.01635677284231,0.910912911392014,-0.268529404308404,"3 dBm","Test"
1.03973309200262,0.898413866781853,-0.264716167623639,"3 dBm","Test"
1.13987028911416,0.844871677985985,-0.248381396057739,"3 dBm","Train"
1.25720262495602,0.782135449504307,-0.229241686154182,"3 dBm","Test"
0.972159585999339,0.919810446882994,-0.28199604312728,"3 dBm","Test"
1.12734360662664,0.836835364993365,-0.256681818236392,"3 dBm","Test"
1.30269870314487,0.743075044603748,-0.228077208489316,"3 dBm","Train"
1.12209229406026,0.824908996745416,-0.263795453595088,"3 dBm","Train"
1.27324440084999,0.744089732055853,-0.239138930271747,"3 dBm","Test"
1.35089304825531,0.687837724225336,-0.23272959965955,"3 dBm","Train"
1.32291312614978,0.643861526739733,-0.262321876866257,"3 dBm","Train"
1.33639583086325,0.636652482128233,-0.260122525297232,"3 dBm","Train"
1.48781569740713,0.555690049427961,-0.235422323954686,"3 dBm","Train"
1.31842690520996,0.631526072942187,-0.269310707483986,"3 dBm","Train"
1.35887260347687,0.550963496067764,-0.28774112965301,"3 dBm","Train"
1.49573211864943,0.448317945660752,-0.277930111215294,"3 dBm","Test"
1.37716013495067,0.496982815666511,-0.303529058027036,"3 dBm","Test"
1.39720227459232,0.486266517871885,-0.300259705756535,"3 dBm","Test"
1.40141779827686,0.469278342938039,-0.305829073729374,"3 dBm","Train"
1.17687811234537,0.574602904675422,-0.348713886925082,"3 dBm","Test"
1.41858922326692,0.415894431627516,-0.32179906576187,"3 dBm","Test"
1.51284524054601,0.365496840943186,-0.306423655271296,"3 dBm","Test"
1.41612065220827,0.402480164022736,-0.328458769433173,"3 dBm","Test"
1.43334589257286,0.393270029344934,-0.325648920799105,"3 dBm","Test"
1.29075085506805,0.454779745416275,-0.355166602182577,"3 dBm","Test"
1.47881016321648,0.354226631567008,-0.324489631705522,"3 dBm","Train"
1.75240703093221,0.207937584462211,-0.279859439687026,"3 dBm","Train"
1.56532723617731,0.249030229170198,-0.335404710894516,"3 dBm","Test"
1.59511624102806,0.174165661699738,-0.355573494607723,"3 dBm","Train"
1.54236560712931,0.128699890571301,-0.395463487980969,"3 dBm","Train"
1.77218387343896,-0.0973205359516657,-0.401773777670425,"3 dBm","Train"
1.63890890712789,-0.243799101070788,-0.681570382298889,"3 dBm","Test"
1.86638671523522,-0.380163009781628,-0.650720332507666,"3 dBm","Train"
1.68610213494532,-0.342703686819084,-0.70515714173271,"3 dBm","Test"
1.62546648463825,-0.413421799231256,-0.758847411241955,"3 dBm","Train"
1.48438663583836,-0.352722236849454,-0.788117929112886,"3 dBm","Train"
1.69825055531165,-0.467072774745057,-0.753231609427975,"3 dBm","Test"
1.76437147462997,-0.50242685741979,-0.742445706247672,"3 dBm","Test"
1.78694380174054,-0.514496016878786,-0.738763619893176,"3 dBm","Test"
1.47269559433613,-0.361205357309136,-0.796282038263019,"3 dBm","Test"
1.7291940090569,-0.498352061460665,-0.754441012826564,"3 dBm","Test"
1.65700929624247,-0.489224106672619,-0.778730107132505,"3 dBm","Train"
0.993166750807,-0.149009440951945,-0.893275722360157,"3 dBm","Test"
1.54998601524921,-0.446734193011172,-0.802445184353142,"3 dBm","Test"
0.996367382124841,-0.165454964800355,-0.899010643548506,"3 dBm","Train"
1.52885823495139,-0.450171599542512,-0.812148651274406,"3 dBm","Train"
1.57616954923803,-0.475468406271525,-0.804431044494441,"3 dBm","Train"
1.28163348140438,-0.332717597315955,-0.858733941497085,"3 dBm","Train"
1.33404191218786,-0.390208140045465,-0.862698914516883,"3 dBm","Test"
-0.234301846210288,0.433632751567996,-1.12479030814661,"3 dBm","Train"
1.08658313668929,-0.27262900901688,-0.909322379316347,"3 dBm","Train"
1.14670785723124,-0.304776994295219,-0.899514599551726,"3 dBm","Train"
1.72938458430493,-0.61632742937665,-0.804466091024842,"3 dBm","Test"
1.87292742159094,-0.693078106607023,-0.781050821528368,"3 dBm","Train"
1.34822307597751,-0.427259009950361,-0.87289966896401,"3 dBm","Train"
1.49027728899889,-0.503213737186896,-0.849727229684597,"3 dBm","Train"
1.76094232389919,-0.647935167555366,-0.805575289711203,"3 dBm","Train"
1.26403681113136,-0.396979781881804,-0.892889482718422,"3 dBm","Train"
1.61702612347516,-0.615187408503757,-0.847822525756245,"3 dBm","Test"
1.9840653378603,-0.811438986128851,-0.787949652382026,"3 dBm","Test"
1.33608511927576,-0.47970572116127,-0.899907742762892,"3 dBm","Train"
1.4004217172541,-0.528839931767187,-0.895669925761384,"3 dBm","Test"
-3.34877409085773,1.99576536997629,-1.67663435674127,"3 dBm","Train"
1.14879249471551,-0.423765095149303,-0.949230710903986,"3 dBm","Train"
1.24206018136331,-0.473634236997638,-0.934016520774671,"3 dBm","Train"
1.52933043820329,-0.641968469134289,-0.893412892696995,"3 dBm","Train"
0.376761993466935,-0.0404377777548448,-1.08768138966785,"3 dBm","Train"
0.721065289196749,-0.23926690912899,-1.0377743090386,"3 dBm","Train"
0.994982098856071,-0.38572702545124,-0.993091926837898,"3 dBm","Train"
1.24141118135134,-0.517489775361812,-0.952893450289061,"3 dBm","Test"
1.43412246139164,-0.620530244204944,-0.921457631947511,"3 dBm","Train"
0.790743804332806,-0.291257380397684,-1.03266509760014,"3 dBm","Train"
0.530536007296386,-0.196329863965238,-1.0938822740918,"3 dBm","Train"
0.873760234801923,-0.379847846478234,-1.03789419459781,"3 dBm","Train"
1.08810981078447,-0.494458059232516,-1.00292865272208,"3 dBm","Train"
1.49069147031489,-0.739182134212202,-0.949771997964505,"3 dBm","Train"
2.32500293594788,-1.21474709004256,-0.826189887289485,"3 dBm","Train"
-3.10668795868126,1.66004617310925,-1.72474260901106,"3 dBm","Train"
0.99565098251324,-0.533426506672289,-1.05555302289088,"3 dBm","Train"
2.05016042279636,-1.11199456196798,-0.889794335959391,"3 dBm","Train"
1.83964385857935,-1.04363636688525,-0.942905684044161,"3 dBm","Train"
-2.42474740424612,1.16608650023748,-1.83401594266412,"3 dBm","Train"
-1.90599140672511,0.446688221236675,-1.93710505467082,"3 dBm","Test"
-1.87140767355705,0.398728335969957,-1.94397766213793,"3 dBm","Train"
-1.85411580697302,0.374748393336597,-1.94741396587149,"3 dBm","Test"
-1.83682394038898,0.350768450703236,-1.95085026960504,"3 dBm","Train"
-1.81953207380495,0.326788508069875,-1.9542865733386,"3 dBm","Train"
-1.78494834063688,0.278828622803157,-1.96115918080571,"3 dBm","Test"
-1.78494834063688,0.278828622803157,-1.96115918080571,"3 dBm","Train"
-1.76765647405285,0.254848680169796,-1.96459548453927,"3 dBm","Test"
-1.71578087430075,0.182908852269717,-1.97490439573994,"3 dBm","Train"
-1.68119714113268,0.134948967002995,-1.98177700320705,"3 dBm","Train"
-1.64661340796461,0.0869890817362744,-1.98864961067417,"3 dBm","Test"
-1.62932154138058,0.0630091391029166,-1.99208591440772,"3 dBm","Train"
-1.61202967479655,0.0390291964695561,-1.99552221814128,"3 dBm","Train"
-1.59473780821252,0.0150492538361957,-1.99895852187483,"3 dBm","Train"
-1.57744594162848,-0.00893068879716568,-2.00239482560839,"3 dBm","Train"
-1.57744594162848,-0.00893068879716568,-2.00239482560839,"3 dBm","Train"
-1.54286220846042,-0.0568905740638839,-2.0092674330755,"3 dBm","Train"
-1.54286220846042,-0.0568905740638839,-2.0092674330755,"3 dBm","Train"
-1.52557034187638,-0.0808705166972444,-2.01270373680906,"3 dBm","Test"
-1.49098660870832,-0.128830401963966,-2.01957634427617,"3 dBm","Train"
-1.49098660870832,-0.128830401963966,-2.01957634427617,"3 dBm","Test"
-1.47369474212428,-0.152810344597327,-2.02301264800973,"3 dBm","Train"
-1.47369474212428,-0.152810344597327,-2.02301264800973,"3 dBm","Train"
-1.45640287554025,-0.176790287230684,-2.02644895174329,"3 dBm","Train"
-1.42181914237218,-0.224750172497406,-2.0333215592104,"3 dBm","Train"
-1.42181914237218,-0.224750172497406,-2.0333215592104,"3 dBm","Train"
-1.42181914237218,-0.224750172497406,-2.0333215592104,"3 dBm","Train"
-1.40452727578815,-0.248730115130766,-2.03675786294396,"3 dBm","Train"
-1.36994354262008,-0.296690000397485,-2.04363047041107,"3 dBm","Test"
-1.36994354262008,-0.296690000397485,-2.04363047041107,"3 dBm","Train"
-1.36994354262008,-0.296690000397485,-2.04363047041107,"3 dBm","Train"
-1.35265167603605,-0.320669943030845,-2.04706677414463,"3 dBm","Test"
-1.35265167603605,-0.320669943030845,-2.04706677414463,"3 dBm","Train"
-1.33535980945202,-0.344649885664206,-2.05050307787818,"3 dBm","Train"
-1.33535980945202,-0.344649885664206,-2.05050307787818,"3 dBm","Test"
-1.31806794286798,-0.368629828297567,-2.05393938161174,"3 dBm","Test"
-1.30077607628395,-0.392609770930924,-2.05737568534529,"3 dBm","Test"
-1.24890047653185,-0.464549598831007,-2.06768459654596,"3 dBm","Train"
-1.24890047653185,-0.464549598831007,-2.06768459654596,"3 dBm","Train"
-1.23160860994782,-0.488529541464368,-2.07112090027952,"3 dBm","Test"
-1.21431674336378,-0.512509484097724,-2.07455720401308,"3 dBm","Train"
-1.16244114361168,-0.584449311997808,-2.08486611521375,"3 dBm","Train"
-1.11056554385958,-0.656389139897886,-2.09517502641442,"3 dBm","Train"
-1.11056554385958,-0.656389139897886,-2.09517502641442,"3 dBm","Train"
-1.09327367727555,-0.680369082531247,-2.09861133014797,"3 dBm","Test"
-1.05868994410748,-0.728328967797969,-2.10548393761509,"3 dBm","Train"
-1.05868994410748,-0.728328967797969,-2.10548393761509,"3 dBm","Test"
-0.868479411683118,-0.992108336764927,-2.14328327868421,"3 dBm","Test"
-0.816603811931016,-1.06404816466501,-2.15359218988488,"3 dBm","Train"
-1.11639608168062,-0.674541541638448,1.20666413507495,"7 dBm","Train"
-1.04343334958025,-0.816693147497755,1.17476695665621,"7 dBm","Train"
-0.953845352597869,-0.908797353378168,1.17060983931165,"7 dBm","Test"
-0.945415399670502,-0.957507301755484,1.15321390413902,"7 dBm","Train"
-0.866298096496109,-1.04401295004829,1.14734876623443,"7 dBm","Test"
-0.877852013202441,-1.0673035732283,1.13295000472043,"7 dBm","Test"
-0.868400144942568,-1.07235737670435,1.13449183046899,"7 dBm","Train"
-0.834616534949145,-1.09042107807257,1.14000274517234,"7 dBm","Train"
-0.811373893366006,-1.11758283053958,1.13753715515012,"7 dBm","Test"
-0.795563804263485,-1.14077048407402,1.13385913807356,"7 dBm","Train"
-0.784855537320779,-1.14649606923978,1.13560591249327,"7 dBm","Test"
-0.802852277523583,-1.15160760631133,1.12641319308833,"7 dBm","Train"
-0.784790157795373,-1.16126521060261,1.12935955676004,"7 dBm","Train"
-0.781483373585382,-1.16303330946682,1.12989897234432,"7 dBm","Test"
-0.778526738659984,-1.17934837129626,1.12412424950934,"7 dBm","Test"
-0.774279550702209,-1.18161929305207,1.12481706743404,"7 dBm","Train"
-0.773013786384815,-1.18229608243711,1.12502354386415,"7 dBm","Train"
-0.766542911283749,-1.18575598371585,1.12607909833997,"7 dBm","Train"
-0.755349082639761,-1.20647537674239,1.12164805878772,"7 dBm","Test"
-0.754434645146699,-1.20696431578111,1.12179722541102,"7 dBm","Train"
-0.77185534012624,-1.21238385750016,1.11269847275774,"7 dBm","Train"
-0.771483492539779,-1.21258268005813,1.11275912999159,"7 dBm","Train"
-0.741015829518845,-1.22887338334014,1.11772913444498,"7 dBm","Train"
-0.728706574890411,-1.25018918160239,1.11348004754549,"7 dBm","Train"
-0.727854345368565,-1.25064485876604,1.11361906656102,"7 dBm","Test"
-0.71468970530359,-1.27241802162265,1.10950951348223,"7 dBm","Train"
-0.696753422446056,-1.29674252610489,1.10617832945368,"7 dBm","Train"
-0.68724104002418,-1.31656286949082,1.10147300581189,"7 dBm","Train"
-0.67564744621417,-1.33749601227879,1.09710717751834,"7 dBm","Train"
-0.668527361640399,-1.34130303827401,1.09826863358459,"7 dBm","Test"
-0.653842645715297,-1.3491547842301,1.10066406192756,"7 dBm","Train"
-0.653262447309018,-1.36419919323084,1.09450168546536,"7 dBm","Train"
-0.629723115184521,-1.3767853989675,1.09834151346293,"7 dBm","Test"
-0.639375029033846,-1.38635881714791,1.09051003479742,"7 dBm","Test"
-0.637403880389232,-1.38741276728751,1.09083157628012,"7 dBm","Train"
-0.620763159359824,-1.39631036630921,1.09354607583221,"7 dBm","Train"
-0.596034159254736,-1.40953267360911,1.09757996712757,"7 dBm","Train"
-0.625716738297699,-1.40839592924813,1.08648100794844,"7 dBm","Train"
-0.621852909527201,-1.41046187332757,1.0871112908219,"7 dBm","Train"
-0.593942583446319,-1.42538519844034,1.09166413246328,"7 dBm","Train"
-0.609708734628463,-1.43168940538797,1.08283527547072,"7 dBm","Train"
-0.59096398268804,-1.44171200514386,1.08589299278095,"7 dBm","Test"
-0.562523720399855,-1.45691868095227,1.09053227969083,"7 dBm","Train"
-0.59624251032699,-1.45362382181062,1.07877491799309,"7 dBm","Train"
-0.595463536015907,-1.45404033026936,1.0789019873319,"7 dBm","Test"
-0.586799917636737,-1.47340684944282,1.07405820997709,"7 dBm","Train"
-0.583680700943626,-1.47507465814823,1.07456702881381,"7 dBm","Train"
-0.558246905727564,-1.48867381115565,1.07871588904649,"7 dBm","Train"
-0.573764002536606,-1.49511118456539,1.06992765877815,"7 dBm","Train"
-0.572850177012751,-1.49559979639132,1.07007672557465,"7 dBm","Train"
-0.544211913057657,-1.54038070876622,1.0622342698968,"7 dBm","Train"
-0.541354983321429,-1.54190827570164,1.06270030345843,"7 dBm","Test"
-0.53296955532452,-1.56112604972947,1.05781114659953,"7 dBm","Test"
-0.518222066614722,-1.58374554325461,1.05395979398752,"7 dBm","Train"
-0.520818343157233,-1.59709152822991,1.0472792584978,"7 dBm","Train"
-0.505848685441146,-1.60509562923098,1.04972116766109,"7 dBm","Train"
-0.487339185347918,-1.62972662626883,1.0464834890718,"7 dBm","Train"
-0.421709906516347,-1.69428620191169,1.04467515253677,"7 dBm","Train"
-0.381997020857938,-1.74498858506054,1.03863923250124,"7 dBm","Train"
-0.343841960850613,-1.7801238333483,1.03860621454494,"7 dBm","Train"
-0.329346752196495,-1.84681098676099,1.01594264693071,"7 dBm","Train"
-0.1229465565525,-2.10451259571636,0.987041247795491,"7 dBm","Train"
0.11843520280292,-2.54299445853305,0.895018950592586,"7 dBm","Test"
-0.751957161719692,0.281497490582087,0.926898632051953,"7 dBm","Test"
-0.722345808267552,0.265664646017149,0.931728951936571,"7 dBm","Test"
-0.722562356238602,0.236312064296426,0.919179586389208,"7 dBm","Test"
-0.701711289366291,0.166226507787838,0.89755281124665,"7 dBm","Train"
-0.624475057286357,0.110195013611101,0.903894867056627,"7 dBm","Train"
-0.596701632695973,0.0806107044302566,0.90216835609366,"7 dBm","Train"
-0.551105119231333,0.0267624142669044,0.897092196456514,"7 dBm","Train"
-0.558746769782467,0.0161141317988381,0.8895886398091,"7 dBm","Test"
-0.536872485768199,-0.0103159758707754,0.886899837943996,"7 dBm","Train"
-0.52402447713054,-0.0171856559094748,0.888995655404706,"7 dBm","Train"
-0.50887243212421,-0.054755644652337,0.878953274902022,"7 dBm","Test"
-0.572991789399598,-0.0352059575005914,0.862236853659657,"7 dBm","Train"
-0.569392667045608,-0.0518645498480845,0.856566935888962,"7 dBm","Train"
-0.543579709632983,-0.0656664364499923,0.860777646543325,"7 dBm","Test"
-0.437971792644714,-0.151602122606542,0.865490781955206,"7 dBm","Train"
-0.45131423778242,-0.159202256845528,0.857057289379867,"7 dBm","Train"
-0.441351146855052,-0.164529405106221,0.858682507771066,"7 dBm","Train"
-0.402537147713364,-0.214751164141628,0.852499957848355,"7 dBm","Train"
-0.469567047603404,-0.193645243875044,0.835308757501776,"7 dBm","Test"
-0.334771006295816,-0.339390030010755,0.82601211191344,"7 dBm","Train"
-0.303291142298774,-0.356221945323107,0.831147230552166,"7 dBm","Train"
-0.316867396564857,-0.363697064554135,0.822675598116594,"7 dBm","Test"
-0.25383771289212,-0.456335034441753,0.807929164048822,"7 dBm","Train"
-0.24292791149539,-0.476902561419165,0.80345179286021,"7 dBm","Train"
-0.237770633170108,-0.479660097856474,0.804293068288075,"7 dBm","Train"
-0.27032989390906,-0.47698522541806,0.792724853530322,"7 dBm","Train"
-0.227915422208956,-0.499663747655049,0.799643668179565,"7 dBm","Train"
-0.211299935235137,-0.50854785432219,0.802354051453736,"7 dBm","Train"
-0.213417049597138,-0.522150041714504,0.795751678774519,"7 dBm","Test"
-0.209570121065915,-0.524206949433556,0.796379204814797,"7 dBm","Train"
-0.20099461283533,-0.54352635714049,0.791521054587659,"7 dBm","Train"
-0.198928095164628,-0.544631299983572,0.791858153039198,"7 dBm","Train"
-0.187817581509659,-0.565306145459348,0.78741352281981,"7 dBm","Test"
-0.176205839386824,-0.57151480824324,0.789307675647429,"7 dBm","Train"
-0.157013889704702,-0.611244886793965,0.779924300209103,"7 dBm","Train"
-0.150292603566428,-0.614838679927256,0.781020702713514,"7 dBm","Train"
-0.145637410146699,-0.632061941129228,0.775523055388905,"7 dBm","Train"
-0.155581940503106,-0.641478900683685,0.767643843973354,"7 dBm","Train"
-0.122407616105604,-0.673951007860494,0.766798348927992,"7 dBm","Test"
-0.117509154331923,-0.676570158112958,0.767597405186859,"7 dBm","Test"
-0.0937492327438042,-0.689274310457356,0.771473216601206,"7 dBm","Test"
-0.0936030063465251,-0.718820863392371,0.758983028228834,"7 dBm","Test"
-0.0807921867723664,-0.740404842568329,0.754815758566595,"7 dBm","Test"
-0.0654519698181677,-0.763341260957371,0.75106109410596,"7 dBm","Train"
-0.0360363658523631,-0.808537807949696,0.743345441173454,"7 dBm","Train"
0.0532282991661366,-0.871000764618815,0.75164962204799,"7 dBm","Train"
0.0485718226890861,-0.883245184770714,0.744633018680588,"7 dBm","Test"
0.120428654681161,-0.965868743989688,0.737583524296644,"7 dBm","Train"
0.151247857664539,-0.982347411580474,0.742610873324756,"7 dBm","Train"
0.152161096060214,-0.982835709475835,0.742759844346603,"7 dBm","Train"
0.0144113151670085,-0.923916695478706,0.714032540187696,"7 dBm","Train"
0.164626520566148,-1.07790592842018,0.707251129002137,"7 dBm","Test"
0.359629089117923,-1.2853108083113,0.695261566413231,"7 dBm","Train"
-0.578339731104071,1.53111093068338,0.697346849808305,"7 dBm","Train"
-0.221368744085449,0.942419756784146,0.586637795695665,"7 dBm","Train"
-0.194966312721832,0.913568501656168,0.584687642950987,"7 dBm","Test"
-0.244150544554996,0.925132551810038,0.570407497832219,"7 dBm","Train"
-0.192200397073715,0.897355415194986,0.578881809240958,"7 dBm","Train"
-0.166677429532161,0.854240215397835,0.570531174217747,"7 dBm","Train"
-0.193610646754348,0.853906908130433,0.55988070170081,"7 dBm","Train"
-0.158039036051655,0.834887183682832,0.565683282078733,"7 dBm","Train"
-0.145644559331885,0.8135258181645,0.561448096940369,"7 dBm","Train"
-0.134522040776641,0.792844553808872,0.557005425007306,"7 dBm","Train"
-0.124372441749812,0.77268349815267,0.55240404663241,"7 dBm","Train"
-0.193667911648913,0.795000792220942,0.534843277637695,"7 dBm","Train"
-0.12472172197523,0.758136070511666,0.546090049977492,"7 dBm","Train"
-0.114945267023469,0.752908714325549,0.54768482357779,"7 dBm","Train"
-0.0890798894729375,0.724344615593829,0.545647064512899,"7 dBm","Train"
-0.0965422630750412,0.713600475836676,0.538172752223166,"7 dBm","Test"
-0.072439873889154,0.671244842681219,0.529590386897923,"7 dBm","Train"
-0.0624582461428337,0.651173599305295,0.524961608390251,"7 dBm","Train"
-0.0705088016424486,0.626009769838696,0.5111343288697,"7 dBm","Train"
-0.0657522942283052,0.623466520922978,0.511910228977779,"7 dBm","Train"
-0.03684266799167,0.608008881697709,0.516626080372191,"7 dBm","Test"
-0.0344108492118916,0.606708616621594,0.517022768170563,"7 dBm","Test"
0.0609178849881497,0.526269089348955,0.520059123049604,"7 dBm","Train"
0.0898069980868252,0.510822418258776,0.524771628260656,"7 dBm","Test"
-0.00664376703982102,0.547659331268062,0.502781181212816,"7 dBm","Test"
0.0182737786292358,0.534336210859008,0.506845828798603,"7 dBm","Train"
-0.00258007891039824,0.530752341030735,0.497187045229887,"7 dBm","Train"
0.081929038763233,0.485566303634327,0.510972503303942,"7 dBm","Train"
-0.0542526763838732,0.51417852381645,0.469986946772834,"7 dBm","Train"
0.0305821841599777,0.468818315514931,0.483825541298954,"7 dBm","Train"
0.0688677493783212,0.448347471311117,0.490070832560865,"7 dBm","Train"
0.0761011292544373,0.444479867642045,0.491250769800312,"7 dBm","Test"
0.123194274317476,0.41929971344672,0.49893278796253,"7 dBm","Train"
0.120290381452882,0.391384023628308,0.485945052196896,"7 dBm","Train"
0.189007621762578,0.325173351078153,0.48464043602557,"7 dBm","Train"
0.228769385206302,0.289179017243638,0.484869509823037,"7 dBm","Test"
0.143559227148939,0.320005709043983,0.464712674600124,"7 dBm","Test"
0.204922320098001,0.242993029430414,0.45595140042721,"7 dBm","Train"
0.37687676473631,0.151050997850909,0.484001282528255,"7 dBm","Test"
0.240352224308531,0.194580706398148,0.449216823692762,"7 dBm","Train"
0.368213920476978,0.126214552027112,0.470074124068501,"7 dBm","Train"
0.313273346974505,0.0671855323118564,0.423569878477543,"7 dBm","Train"
0.204114774743477,1.71847711858971,0.254259919617172,"7 dBm","Train"
0.236522622517478,1.62747810272493,0.228261311115361,"7 dBm","Train"
0.26049984996614,1.57045520839254,0.213401508220275,"7 dBm","Test"
0.281732382707078,1.55910242132218,0.216865042072759,"7 dBm","Test"
0.285463996950317,1.55710717080501,0.217473757594999,"7 dBm","Train"
0.339608691334447,1.52815663561298,0.226306052084778,"7 dBm","Test"
0.330411096337993,1.51834029845245,0.218548683688917,"7 dBm","Train"
0.314641271365264,1.51203805583771,0.20971922741325,"7 dBm","Train"
0.289445492534059,1.51077576057149,0.199352172647608,"7 dBm","Test"
0.390679134510271,1.44191313182798,0.209608779894374,"7 dBm","Train"
0.403687561874931,1.40548931038146,0.19921672409109,"7 dBm","Train"
0.414308767001244,1.38507609245644,0.194692275949178,"7 dBm","Test"
0.343414413973108,1.40824829064453,0.17687069087985,"7 dBm","Train"
0.391736872903182,1.3824108366939,0.184753239532037,"7 dBm","Train"
0.434507500104296,1.35954188227361,0.191730151660726,"7 dBm","Train"
0.39423395103426,1.36634149451065,0.178903551993903,"7 dBm","Test"
0.451315594211804,1.33582060712865,0.188214933067139,"7 dBm","Test"
0.403665996773824,1.33182992251489,0.167928102820686,"7 dBm","Train"
0.455944161761644,1.30387739877327,0.176455921729071,"7 dBm","Train"
0.457047097791703,1.30328767177017,0.176635836971583,"7 dBm","Train"
0.480559167265821,1.290716043054,0.180471217778912,"7 dBm","Train"
0.425752050281587,1.30528658417247,0.165273845624304,"7 dBm","Train"
0.451482534293892,1.29152879513368,0.169471102894775,"7 dBm","Train"
0.472734209668372,1.28016577272093,0.172937759368574,"7 dBm","Train"
0.431814169661374,1.28731105610515,0.160005701569514,"7 dBm","Train"
0.48976578743429,1.2415908197813,0.163201975606803,"7 dBm","Train"
0.493755109899366,1.23945777569025,0.163852729502951,"7 dBm","Train"
0.4594354104856,1.22833975041558,0.145740324400231,"7 dBm","Test"
0.539085879993671,1.18575157540075,0.15873322076702,"7 dBm","Train"
0.555839353276644,1.17679368906702,0.161466112908069,"7 dBm","Train"
0.49947280985296,1.19219803727459,0.146014361008501,"7 dBm","Train"
0.548279662556001,1.16610158363562,0.153975925869025,"7 dBm","Train"
0.571854409433076,1.1387622583499,0.151564510162327,"7 dBm","Train"
0.566219142034204,1.12704118626286,0.144388242588417,"7 dBm","Test"
0.593375602610756,1.11252094422335,0.148818110737834,"7 dBm","Train"
0.596083137769197,1.1110732568224,0.149259774471147,"7 dBm","Test"
0.603657343393769,1.10702341760953,0.150495308540797,"7 dBm","Train"
0.666775978001776,1.07327462147581,0.16079146728713,"7 dBm","Test"
0.605832192882298,1.09112636731493,0.14459305780517,"7 dBm","Train"
0.639005961780624,1.07338874085185,0.150004492841948,"7 dBm","Test"
0.555374720967754,1.10337120405746,0.130105216780407,"7 dBm","Test"
0.604427182394685,1.07714342630473,0.138106846297374,"7 dBm","Train"
0.649459122294981,1.03833119072177,0.139195611907807,"7 dBm","Train"
0.668037839073513,1.02839736802616,0.142226244912512,"7 dBm","Train"
0.717178998199243,1.00212216465067,0.150242343145302,"7 dBm","Train"
0.636423737967728,1.03056687465666,0.130812208293816,"7 dBm","Test"
0.707661590076779,0.933540093051093,0.117404722791104,"7 dBm","Train"
0.724480481130186,0.895078861210555,0.107634244740256,"7 dBm","Test"
0.707266532277947,0.889548774753879,0.0985692173245418,"7 dBm","Train"
0.685332699217574,0.886542355212755,0.0887342639214701,"7 dBm","Train"
0.711575890352152,0.872510427668704,0.0930151559846469,"7 dBm","Test"
0.766474597447,0.828422546999059,0.0957134272819365,"7 dBm","Train"
0.807529154749199,0.718066052925775,0.0648682831873621,"7 dBm","Train"
0.996137141536465,0.543548648547751,0.0643496527850128,"7 dBm","Train"
1.05313661206842,0.498337514224024,0.0673906088373082,"7 dBm","Train"
0.773782303128751,1.44989816469709,0.0312984381710372,"7 dBm","Train"
0.855780825138989,1.37658614606603,0.032160316658424,"7 dBm","Train"
0.807955748486063,1.35795510444251,0.0055878408582014,"7 dBm","Test"
0.972649384093894,1.19622442410624,0.00116820788207619,"7 dBm","Train"
0.922826251280133,1.20813008714635,-0.0132161572655353,"7 dBm","Train"
0.876590432462961,1.21811765532445,-0.0270153457119834,"7 dBm","Test"
0.964485717375173,1.17112107388634,-0.012677522783293,"7 dBm","Test"
0.844203823817182,1.22070021270676,-0.0385553967844762,"7 dBm","Train"
0.851805371149585,1.2019015705075,-0.0435724233257595,"7 dBm","Train"
0.946022644396853,1.15152469580411,-0.0282033329133148,"7 dBm","Train"
0.812557792275206,1.20815260847344,-0.0562316627182504,"7 dBm","Test"
0.981408622031203,1.07366749240905,-0.0474591165174924,"7 dBm","Train"
1.1334305290424,0.977648972013316,-0.0289177286746535,"7 dBm","Train"
0.974451997141841,1.04791875103206,-0.0611079497948599,"7 dBm","Test"
1.1210304519288,0.969544964607141,-0.0371974984891323,"7 dBm","Train"
0.961495311918787,1.04011235547584,-0.0694785157029178,"7 dBm","Train"
0.989184164581958,1.01057326591592,-0.0712188223696959,"7 dBm","Test"
1.15008966919976,0.895070606025138,-0.0574853280090062,"7 dBm","Train"
1.06880916474628,0.909061974282238,-0.0832581634513138,"7 dBm","Test"
1.24504407060325,0.800097046428439,-0.0607670564583506,"7 dBm","Train"
1.26813042013215,0.787753045190748,-0.0570011207549071,"7 dBm","Train"
1.25459631107981,0.765521207711756,-0.0717228989955829,"7 dBm","Test"
1.15184237063868,0.805728354884135,-0.0947415446736216,"7 dBm","Test"
1.31955052011351,0.716056767693769,-0.0673843348611715,"7 dBm","Train"
1.35246194902346,0.668991043966365,-0.0745297351448693,"7 dBm","Test"
1.15570317755258,0.74472729177684,-0.119139837526593,"7 dBm","Train"
1.40409724891412,0.582445517898531,-0.0911348656968966,"7 dBm","Train"
1.42980682205092,0.568698909660451,-0.0869410194902899,"7 dBm","Train"
1.18711275873912,0.654262037387674,-0.145301287181726,"7 dBm","Train"
1.26808596026408,0.610966613024777,-0.132092621590692,"7 dBm","Train"
1.30037781530743,0.593700535591297,-0.126825047794067,"7 dBm","Train"
1.27493572753991,0.430493918191309,-0.206059509108275,"7 dBm","Test"
1.45760727322188,0.247690099448901,-0.378004495695906,"7 dBm","Train"
1.48322168100131,0.204526007625402,-0.386340214629585,"7 dBm","Test"
1.55304185596949,0.00511795555220837,-0.443778102058191,"7 dBm","Train"
1.42681607177807,0.0284068558268009,-0.483139608160706,"7 dBm","Train"
1.44068721257587,-0.0379466157978185,-0.505904976166485,"7 dBm","Train"
1.55873536099769,-0.101065580898899,-0.486648500112937,"7 dBm","Test"
1.59741757011539,-0.136482689654159,-0.486595527442894,"7 dBm","Train"
1.69212606646542,-0.201856399303521,-0.477403327492441,"7 dBm","Train"
1.6358476534512,-0.201233357090548,-0.499097723911984,"7 dBm","Train"
1.20148010813739,0.0162837083891377,-0.57621047887197,"7 dBm","Test"
1.64233875508233,-0.219438256953298,-0.504295890702744,"7 dBm","Train"
1.64868768808068,-0.237567140909909,-0.50951724859738,"7 dBm","Train"
1.65619049409242,-0.241578803584388,-0.50829336151206,"7 dBm","Train"
1.51440416235527,-0.180501493034079,-0.537679123645146,"7 dBm","Test"
1.65312618163303,-0.254674535225788,-0.515050244852598,"7 dBm","Test"
1.65616576241838,-0.271033947236987,-0.520811437234217,"7 dBm","Test"
1.66272840342251,-0.27454291467145,-0.519740913545082,"7 dBm","Train"
1.67883090932093,-0.297886920048602,-0.523371230449261,"7 dBm","Train"
1.67929055714187,-0.312866872060465,-0.529553271594822,"7 dBm","Train"
1.67442784317329,-0.325001019436347,-0.536603517229131,"7 dBm","Train"
1.68041701784653,-0.342937544821715,-0.541883560309984,"7 dBm","Train"
1.70713843327907,-0.371959357002752,-0.543781679124722,"7 dBm","Train"
1.7708894484017,-0.40604627960577,-0.533382363993477,"7 dBm","Train"
1.68145789672876,-0.372962457982872,-0.554227809467019,"7 dBm","Test"
1.71569034743014,-0.406000332925973,-0.554900698807804,"7 dBm","Train"
1.71671233156577,-0.436015143286986,-0.567248030149865,"7 dBm","Train"
1.67631024269548,-0.429146802321247,-0.580095597732058,"7 dBm","Train"
1.61752583418443,-0.41244964991379,-0.595941761249072,"7 dBm","Test"
1.64544736439869,-0.427378965745711,-0.591387091945593,"7 dBm","Train"
1.71842075760932,-0.466396986112371,-0.579483386400925,"7 dBm","Train"
1.86366816142678,-0.558793258837308,-0.562047082036895,"7 dBm","Test"
1.65604408949714,-0.462513278180782,-0.602172554062813,"7 dBm","Test"
1.82842240717345,-0.554681949719069,-0.574053528132617,"7 dBm","Train"
1.52786147667546,-0.408709717121253,-0.629339224316552,"7 dBm","Train"
1.76116426832286,-0.533453992748156,-0.591281959711851,"7 dBm","Train"
1.76492616042404,-0.550199616176864,-0.596925325844245,"7 dBm","Train"
1.89246573212391,-0.61839353435985,-0.576120571672732,"7 dBm","Train"
1.64516089847883,-0.500896714240909,-0.622718924874469,"7 dBm","Train"
1.86289000341372,-0.617313921622832,-0.587202101007333,"7 dBm","Train"
1.98787451812214,-0.684141680698447,-0.566814137733678,"7 dBm","Train"
1.98987402593897,-0.714679161545566,-0.579002011586481,"7 dBm","Train"
1.94739241983022,-0.736167294409438,-0.60470283955527,"7 dBm","Train"
2.14565374153124,-0.871643673043968,-0.584875718087839,"7 dBm","Train"
2.08365684729504,-0.867963025764704,-0.607502935548506,"7 dBm","Test"
1.72277884959624,-0.185504093092546,-0.624090044104905,"7 dBm","Train"
1.76042756993477,-0.249836974867609,-0.636719699564648,"7 dBm","Train"
1.63966065886827,-0.214732686549552,-0.668933712217691,"7 dBm","Test"
1.81626135397683,-0.309159013945663,-0.64012591555284,"7 dBm","Test"
1.65587072571938,-0.238134203510829,-0.672546483358237,"7 dBm","Train"
1.76140467305266,-0.309296155262678,-0.66158839346868,"7 dBm","Test"
0.911733827123599,0.130278730592381,-0.806447048471764,"7 dBm","Test"
1.34258512661992,-0.114826606739574,-0.742421918688058,"7 dBm","Train"
1.64596914534821,-0.277042495309976,-0.692932729998753,"7 dBm","Test"
1.52945095476351,-0.2294757644756,-0.718196654038443,"7 dBm","Test"
1.74324004030968,-0.343786289545099,-0.683322541556651,"7 dBm","Train"
0.361811535660764,0.350644833343917,-0.927437628735843,"7 dBm","Train"
1.65807398530236,-0.35718573021453,-0.722243244609424,"7 dBm","Train"
1.7296580929413,-0.410195099520125,-0.716823185462712,"7 dBm","Train"
1.76359598785109,-0.428341295229698,-0.711287103199881,"7 dBm","Train"
1.40627007364597,-0.252017489367296,-0.775832525724718,"7 dBm","Train"
1.5282528139981,-0.331974418477037,-0.762191244331427,"7 dBm","Test"
1.91162596658742,-0.536959561933161,-0.699653915020423,"7 dBm","Test"
1.9859424064007,-0.59142987731425,-0.693788147154102,"7 dBm","Train"
0.948037045644882,-0.0954107477314478,-0.888123415125447,"7 dBm","Test"
1.00939493770211,-0.128218095404512,-0.878114475596178,"7 dBm","Train"
1.24774125094659,-0.255659083075847,-0.839234492006402,"7 dBm","Test"
1.34319108628389,-0.306694994321412,-0.823664341241138,"7 dBm","Train"
1.77444467138779,-0.537281245370628,-0.753316568357094,"7 dBm","Train"
2.06069575922096,-0.690336356057552,-0.706622170419864,"7 dBm","Train"
0.757405562558051,-0.0082165057034835,-0.925476989544213,"7 dBm","Train"
1.07457122654876,-0.177801278902607,-0.873739684933376,"7 dBm","Train"
1.80472684878733,-0.568206955353816,-0.75463384174167,"7 dBm","Test"
-3.53898462328209,2.25954473894325,-1.63883501567215,"7 dBm","Test"
1.69619893026321,-0.539646713287076,-0.784851382023374,"7 dBm","Test"
1.82239598215987,-0.621856985518758,-0.770522645634605,"7 dBm","Train"
0.526972261173995,0.0413225685469063,-0.994351275151635,"7 dBm","Train"
1.29272344776199,-0.368115640086823,-0.869438944169386,"7 dBm","Train"
1.83149614105168,-0.700393652580874,-0.80032329558157,"7 dBm","Train"
2.08263163133491,-0.893609598501904,-0.784385174161144,"7 dBm","Train"
0.314380517867956,-0.00708313192663454,-1.09785730015112,"7 dBm","Train"
1.78025424020005,-0.790868676718524,-0.858738240606464,"7 dBm","Test"
-2.83975220226291,1.74160512343812,-1.75154465305877,"7 dBm","Train"
-2.75329286934275,1.62170541027132,-1.76872617172655,"7 dBm","Test"
-2.75329286934275,1.62170541027132,-1.76872617172655,"7 dBm","Train"
-2.61495793667048,1.42986586920444,-1.796216601595,"7 dBm","Test"
-2.56308233691838,1.35792604130436,-1.80652551279567,"7 dBm","Train"
-2.44203927083015,1.19006644287084,-1.83057963893057,"7 dBm","Test"
-2.39016367107805,1.11812661497076,-1.84088855013124,"7 dBm","Test"
-2.35557993790998,1.07016672970404,-1.84776115759835,"7 dBm","Train"
-2.30370433815788,0.99822690180396,-1.85807006879902,"7 dBm","Test"
-2.25182873840578,0.926287073903878,-1.86837897999969,"7 dBm","Test"
-2.23453687182175,0.902307131270517,-1.87181528373324,"7 dBm","Test"
-2.14807753890158,0.782407418103716,-1.88899680240103,"7 dBm","Test"
-2.14807753890158,0.782407418103716,-1.88899680240103,"7 dBm","Test"
-2.11349380573352,0.734447532836999,-1.89586940986814,"7 dBm","Train"
-2.00974260622932,0.590567877036837,-1.91648723226948,"7 dBm","Train"
-1.99245073964528,0.566587934403476,-1.91992353600304,"7 dBm","Train"
-1.97515887306125,0.542607991770119,-1.92335983973659,"7 dBm","Test"
-1.95786700647722,0.518628049136758,-1.92679614347015,"7 dBm","Train"
-1.90599140672511,0.446688221236675,-1.93710505467082,"7 dBm","Train"
-1.85411580697302,0.374748393336597,-1.94741396587149,"7 dBm","Train"
-1.66390527454865,0.110969024369635,-1.98521330694061,"7 dBm","Train"
-1.62932154138058,0.0630091391029166,-1.99208591440772,"7 dBm","Train"
-1.38723540920412,-0.272710057764124,-2.04019416667751,"7 dBm","Train"
-1.36994354262008,-0.296690000397485,-2.04363047041107,"7 dBm","Train"
-1.07598181069152,-0.704349025164608,-2.10204763388153,"7 dBm","Train"
-0.954938744603285,-0.872208623598127,-2.12610176001642,"7 dBm","Train"
-0.920355011435216,-0.920168508864849,-2.13297436748354,"7 dBm","Test"
-0.401599013914217,-1.63956678786565,-2.23606347949023,"7 dBm","Train"
-1.8507772582132,0.174883183840598,1.28083664454398,"9 dBm","Train"
-1.72803777389899,0.0503190814954457,1.27583030688252,"9 dBm","Train"
-1.58719411264659,-0.0249883778603098,1.29880527621884,"9 dBm","Train"
-1.5589493380457,-0.0842930797718043,1.28464161231995,"9 dBm","Train"
-1.7565010024585,0.00660130232143264,1.24615919083521,"9 dBm","Train"
-1.47757431363494,-0.157271721524469,1.28540178343831,"9 dBm","Train"
-1.44987958074118,-0.201548138869765,1.27740541528043,"9 dBm","Test"
-1.42720867443075,-0.257872558559073,1.26233252016786,"9 dBm","Train"
-1.37685034971796,-0.358469484620624,1.23926206372894,"9 dBm","Train"
-1.24731153590881,-0.457200741580008,1.24787890070439,"9 dBm","Test"
-1.28800997322332,-0.464908130259961,1.22872597090662,"9 dBm","Train"
-1.40633488203533,-0.416375368308098,1.20316732791755,"9 dBm","Train"
-1.25980093583309,-0.494725356513024,1.22707051880871,"9 dBm","Train"
-1.25751092142865,-0.49594980044719,1.22744407492231,"9 dBm","Test"
-1.38145244048108,-0.459148086346921,1.19471220778804,"9 dBm","Test"
-1.30281738586268,-0.501193330889384,1.20753946570333,"9 dBm","Test"
-1.26497002085269,-0.521429874563895,1.21371327603198,"9 dBm","Test"
-1.32483622349863,-0.50415429947756,1.19769064602115,"9 dBm","Test"
-1.2422098155217,-0.563067857700872,1.20491196842253,"9 dBm","Train"
-1.18593488153427,-0.593157407108505,1.21409175593493,"9 dBm","Train"
-1.18593488153427,-0.593157407108505,1.21409175593493,"9 dBm","Test"
-1.18567012727683,-0.62276733550488,1.20162090229107,"9 dBm","Test"
-1.13551138095996,-0.70852336563619,1.18477491054032,"9 dBm","Test"
-1.10261633431717,-0.740846146262019,1.18388385861442,"9 dBm","Train"
-1.18536111311769,-0.71133766393259,1.16412918570626,"9 dBm","Test"
-1.13903717092153,-0.736106534346178,1.1716857284859,"9 dBm","Train"
-1.19374704594598,-0.721587987366947,1.15650421882041,"9 dBm","Train"
-1.03731292025005,-0.834699853213971,1.16950832434878,"9 dBm","Test"
-1.02730508670204,-0.840050924830926,1.17114084133139,"9 dBm","Train"
-1.18450287687281,-0.770733287600083,1.13924110177261,"9 dBm","Train"
-1.0006418211428,-0.898510012344047,1.15671919548703,"9 dBm","Train"
-1.0603882667103,-0.881298469967716,1.1407161007196,"9 dBm","Train"
-1.05757803837262,-0.897535249906043,1.13491749546895,"9 dBm","Train"
-1.12151329569428,-0.878083998847615,1.11823110533167,"9 dBm","Test"
-1.02599327840314,-0.943891619258354,1.12755568375462,"9 dBm","Train"
-0.955016173850394,-0.981842247414184,1.13913374687923,"9 dBm","Train"
-0.667229609807145,-1.25359182884101,1.13602245212754,"9 dBm","Train"
-0.760150305639399,-1.23337658631541,1.10835082310362,"9 dBm","Train"
-0.683276707796381,-1.28921418420449,1.11463372459739,"9 dBm","Train"
-0.684182689947429,-1.4066032356968,1.06442977166386,"9 dBm","Train"
-0.809103363504809,-1.41348053021247,1.01276711892196,"9 dBm","Train"
-0.52570385364406,-1.59447930287914,1.04648231490354,"9 dBm","Train"
-0.429484989874226,-1.71959732311249,1.03089280911028,"9 dBm","Test"
-0.473873150809676,-1.75480022709099,0.998623955757878,"9 dBm","Train"
-0.466400612156022,-1.75879570616289,0.99984290551327,"9 dBm","Test"
-0.388547873965652,-1.82989102264537,1.00002850751587,"9 dBm","Test"
-0.255885190085537,-1.94502676011172,1.00289790170791,"9 dBm","Train"
-0.39808033318127,-1.88373086290656,0.973445452665781,"9 dBm","Train"
-0.306322454338068,-2.02119783033873,0.950871232852042,"9 dBm","Train"
-0.253998511642818,-2.04917483088542,0.959406519199253,"9 dBm","Test"
-0.124840203582841,-2.11823426847881,0.980475327982145,"9 dBm","Train"
-0.122192168747467,-2.237523611311,0.930851120211138,"9 dBm","Test"
-0.0454947057248872,-2.27853284827561,0.943362310600883,"9 dBm","Test"
0.141667245064893,-2.46701125780325,0.936350776448978,"9 dBm","Train"
-0.0785696768216574,-2.36398733370586,0.894167846966849,"9 dBm","Train"
0.273054071175478,-2.66986991120255,0.901469923543453,"9 dBm","Train"
0.0719901836153429,-2.63603431922591,0.837386491681456,"9 dBm","Train"
-1.77919735808829,1.47905489878268,1.03464010091504,"9 dBm","Train"
-1.25258392591989,0.976468096743326,1.02668803486495,"9 dBm","Train"
-1.35064063079108,0.984695319572628,0.991921579245073,"9 dBm","Train"
-1.02751736244997,0.694051615407055,0.99457454601904,"9 dBm","Train"
-1.15517259006545,0.74757318976141,0.967493904904513,"9 dBm","Test"
-0.919887826442292,0.503895707327769,0.955818310957337,"9 dBm","Train"
-0.804292194293224,0.412619706620741,0.962160681561762,"9 dBm","Test"
-0.986001417556111,0.465574953223158,0.91374849969574,"9 dBm","Train"
-0.94631695336299,0.444356134089205,0.920221984834211,"9 dBm","Train"
-0.858765224551452,0.397543248082319,0.934503765546957,"9 dBm","Train"
-0.894575393248327,0.372487975616478,0.909891208563203,"9 dBm","Train"
-0.842946699421849,0.285945981733942,0.893285000404128,"9 dBm","Test"
-0.868729256064403,0.152389776451331,0.826509041868986,"9 dBm","Test"
-0.527602151070065,-0.0594752665577328,0.869640989135367,"9 dBm","Train"
-0.486388534904167,-0.155182623851393,0.845078812042593,"9 dBm","Train"
-0.459064501441424,-0.243463383628448,0.81825091185045,"9 dBm","Test"
-0.448708082452628,-0.32267175828005,0.78865518796796,"9 dBm","Train"
-0.444811010467951,-0.339489660812351,0.783033872907305,"9 dBm","Train"
-0.463122153206853,-0.344433090522884,0.773789866929986,"9 dBm","Test"
-0.458612454760036,-0.346844373568713,0.774525506593215,"9 dBm","Test"
-0.37972797796408,-0.40375716492884,0.781136430533093,"9 dBm","Train"
-0.342238043341987,-0.423802594752933,0.787251935417759,"9 dBm","Train"
-0.419172351367509,-0.426869270618159,0.75593104785202,"9 dBm","Train"
-0.184859189887495,-0.552153779184386,0.794153127938768,"9 dBm","Train"
-0.516777668780856,-0.404149215691502,0.7274952450185,"9 dBm","Train"
-0.516777668780856,-0.404149215691502,0.7274952450185,"9 dBm","Train"
-0.182029630542404,-0.597869262576036,0.775843634643035,"9 dBm","Train"
-0.224531593065063,-0.589878143713714,0.762653527451007,"9 dBm","Train"
-0.209883363707394,-0.597710380728695,0.765043003962277,"9 dBm","Train"
-0.205890324290666,-0.599845412230342,0.765694364182128,"9 dBm","Train"
-0.248350098253934,-0.591876851097588,0.752511138953048,"9 dBm","Test"
-0.284600263081845,-0.631431046470071,0.721569787380758,"9 dBm","Test"
-0.158780210724119,-0.728173925149831,0.729580005431684,"9 dBm","Test"
-0.200725219513146,-0.749948970328297,0.703966709318124,"9 dBm","Train"
-0.13990010285538,-0.782471449222858,0.713888740438758,"9 dBm","Test"
-0.156598638257187,-0.788277121226834,0.704907789282593,"9 dBm","Train"
-0.141922261089131,-0.869795327021068,0.676016753888177,"9 dBm","Train"
-0.0582261732518815,-0.914546646867435,0.689669587352829,"9 dBm","Train"
-0.0211223079072493,-0.934385649961618,0.695722115105741,"9 dBm","Test"
-0.142623766937472,-0.884154423738645,0.669645300810909,"9 dBm","Train"
-0.142623766937472,-0.884154423738645,0.669645300810909,"9 dBm","Train"
-0.0953414449282897,-0.953638279720226,0.658587116165071,"9 dBm","Train"
0.285943502420483,-1.23117780271723,0.689498705776552,"9 dBm","Train"
0.0845611539630463,-1.13823519864204,0.650391408115773,"9 dBm","Train"
-0.142952327209136,-1.06078895073965,0.59450745640522,"9 dBm","Test"
0.546951831676802,-1.51807774240282,0.669505199152081,"9 dBm","Train"
0.16062489705057,-1.41465253208189,0.562686892471673,"9 dBm","Train"
0.356384860056444,-1.53405727976559,0.588363003214872,"9 dBm","Test"
0.532500848718649,-1.74609790984904,0.567035567088163,"9 dBm","Train"
0.310762325437888,-1.64227109703833,0.524607690508802,"9 dBm","Train"
-0.397467417779571,1.12498276136694,0.595454014913065,"9 dBm","Train"
-0.246895202867043,0.911865904832477,0.563702757727437,"9 dBm","Train"
-0.318749096519849,0.876614423397297,0.520696565846068,"9 dBm","Test"
-0.220411276788809,0.794565973264312,0.524223774535571,"9 dBm","Train"
-0.0612544935605891,0.650529966870184,0.525157969223388,"9 dBm","Train"
-0.249784296988644,0.736600465351052,0.488147229017293,"9 dBm","Test"
-0.0679034444670273,0.639350899505726,0.517816345627801,"9 dBm","Train"
-0.00151142269036113,0.544915126736173,0.503618389312945,"9 dBm","Test"
-0.15369601436406,0.611552265329706,0.472536422316474,"9 dBm","Test"
0.0301491342679708,0.469049862230284,0.483754900505456,"9 dBm","Train"
0.104012406435195,0.400087666597669,0.483289725194152,"9 dBm","Train"
-0.114114512730597,0.501983396904006,0.441450987615145,"9 dBm","Train"
0.0973591091454244,0.359442555803949,0.463433351204824,"9 dBm","Train"
0.0447641931309823,0.328627707837764,0.429825779839742,"9 dBm","Test"
0.0875963138031417,0.305725873577299,0.436812723024135,"9 dBm","Train"
0.120479064459793,0.273409667471528,0.435919665328841,"9 dBm","Train"
0.255467514886171,0.186498737208309,0.451682489058479,"9 dBm","Train"
0.0707826452661975,0.25577921083046,0.409041928808276,"9 dBm","Train"
0.259263470813659,0.140266532860222,0.433530638156092,"9 dBm","Test"
0.226658910118027,0.142965626655964,0.421955033892084,"9 dBm","Test"
0.133359957437092,0.163383118697125,0.394221702130378,"9 dBm","Train"
0.191452036777415,0.132321962909837,0.403697909505699,"9 dBm","Test"
0.291872942648099,0.0786280783567191,0.420078960754928,"9 dBm","Train"
0.29698249929868,0.0611618744462448,0.414655430939077,"9 dBm","Train"
0.268553895727335,0.0616281327802254,0.403761025147383,"9 dBm","Train"
0.443650242640804,-0.0319938372202383,0.432323426646091,"9 dBm","Train"
0.355061137738953,-0.0877655642073899,0.374073280203453,"9 dBm","Test"
0.568534823422481,-0.290312550825902,0.371353819241026,"9 dBm","Train"
0.65307032469094,-0.409183613696126,0.353858477623647,"9 dBm","Train"
0.833874214589165,-0.564794074994543,0.358323833086049,"9 dBm","Train"
0.714769113468414,-0.66318599028295,0.270067715100224,"9 dBm","Test"
0.990455976244025,-0.943200186569706,0.258725649017827,"9 dBm","Train"
1.08942977607981,0.0516406565069353,-0.108142708407478,"9 dBm","Train"
1.25116530185872,-0.46212876575652,-0.26321337657415,"9 dBm","Train"
1.33977104440736,-0.524239404283121,-0.255016681712158,"9 dBm","Test"
1.34227402253279,-0.555046084819205,-0.267122427517457,"9 dBm","Train"
1.44044366955393,-0.622270431275157,-0.257365631121343,"9 dBm","Train"
1.25989561888519,-0.540467682696307,-0.293074356573883,"9 dBm","Train"
1.45529589379716,-0.644945925665772,-0.261199898863171,"9 dBm","Train"
1.46567363540524,-0.665228966493418,-0.265764061727181,"9 dBm","Test"
1.09829155828763,-0.48352824786779,-0.331949884909749,"9 dBm","Test"
1.46370701634126,-0.678911621962448,-0.272341885024293,"9 dBm","Train"
1.47327873529925,-0.684029508205851,-0.270780508760708,"9 dBm","Train"
1.47085174696868,-0.697466009609271,-0.277433429294638,"9 dBm","Train"
1.47528301009744,-0.714569537902176,-0.282967605004853,"9 dBm","Train"
1.47374716212049,-0.728482521636179,-0.289475159236055,"9 dBm","Test"
1.47791964459591,-0.745447682938615,-0.295051548259405,"9 dBm","Train"
1.48213057104673,-0.762433399785334,-0.300621666151002,"9 dBm","Train"
1.24973999758317,-0.652911060253261,-0.344787146852144,"9 dBm","Test"
1.49393157843232,-0.783477444187719,-0.30495366033021,"9 dBm","Test"
1.49767927663804,-0.785481294611623,-0.304342321129052,"9 dBm","Train"
1.58132405786709,-0.830205181414308,-0.290697856999162,"9 dBm","Train"
1.49809904530604,-0.800439923706552,-0.310530867518142,"9 dBm","Train"
1.57761387571655,-0.842955574081394,-0.297560097131887,"9 dBm","Test"
1.49138900992668,-0.811586329917355,-0.317882455452059,"9 dBm","Train"
1.50231446285997,-0.817428041893606,-0.316100252803421,"9 dBm","Test"
1.38648314305249,-0.770228572835002,-0.341252131793272,"9 dBm","Test"
1.5123386704956,-0.837522052238628,-0.320722085512876,"9 dBm","Train"
1.52270169626194,-0.843063040982895,-0.319031628185255,"9 dBm","Test"
1.60499961606356,-0.887066776723742,-0.305606869363508,"9 dBm","Train"
1.57503268953889,-0.885777995088016,-0.316752212416898,"9 dBm","Train"
1.51563608376352,-0.883487691654086,-0.338955260645369,"9 dBm","Train"
1.60533198529088,-0.97564959283341,-0.343094776178172,"9 dBm","Train"
1.51259642266078,-0.955533338866989,-0.370736205549473,"9 dBm","Train"
1.6372549499992,-1.09585771478038,-0.381686522098341,"9 dBm","Test"
1.77781605997798,-1.18574828096767,-0.365014664329119,"9 dBm","Train"
1.82081322704292,-1.22347254729995,-0.364257818828422,"9 dBm","Train"
1.64382030861202,-1.18777323745731,-0.418157679286276,"9 dBm","Train"
1.78926015294462,-1.26553822218145,-0.394432962574795,"9 dBm","Train"
1.83168879925411,-1.30295850711121,-0.393768856405122,"9 dBm","Test"
1.87056760417722,-1.35321491704042,-0.399940834955095,"9 dBm","Train"
2.00773894625716,-1.42655883026026,-0.377564908696964,"9 dBm","Test"
1.41093077379422,-0.261056758582329,-0.446670334117921,"9 dBm","Train"
1.41704960385119,-0.279062609185843,-0.451929227305063,"9 dBm","Train"
1.52524577982755,-0.336913839779648,-0.434279843560987,"9 dBm","Train"
1.33277004516047,-0.248733497989102,-0.471934259516588,"9 dBm","Train"
1.33680439681547,-0.250890618661657,-0.471276160282719,"9 dBm","Test"
1.52667578383987,-0.352412629904586,-0.440303596406286,"9 dBm","Test"
1.53713331766806,-0.358004151004822,-0.438597722553678,"9 dBm","Train"
1.41237377760925,-0.306030866939442,-0.465206007779197,"9 dBm","Train"
1.32832103619776,-0.275823032290654,-0.485174040668288,"9 dBm","Train"
1.55066876260781,-0.394709762588459,-0.448903809187176,"9 dBm","Train"
1.36358254279312,-0.309411131391668,-0.485679066383552,"9 dBm","Train"
1.54588982726884,-0.406888705418308,-0.455940388523483,"9 dBm","Train"
1.39904379824637,-0.343106033872141,-0.486151508283228,"9 dBm","Train"
1.53658741480742,-0.416648997905525,-0.463714855154522,"9 dBm","Train"
1.56698004644507,-0.432899582783923,-0.45875709011408,"9 dBm","Train"
1.57452508271226,-0.436933825482364,-0.457526314264186,"9 dBm","Train"
1.38080192391068,-0.348086500588193,-0.495384214927474,"9 dBm","Train"
1.56752446658304,-0.447924861562804,-0.464925302867457,"9 dBm","Train"
1.5184328906385,-0.436410353429528,-0.479190333594985,"9 dBm","Train"
1.5272855709774,-0.441143778128115,-0.477746249725523,"9 dBm","Train"
1.55679849413045,-0.456923993162676,-0.472931986176584,"9 dBm","Train"
1.53624812077614,-0.460670132437425,-0.482541264217043,"9 dBm","Train"
1.58698765840046,-0.487799970112733,-0.474264432226934,"9 dBm","Train"
1.50617446601977,-0.459324284463753,-0.49370401719736,"9 dBm","Train"
1.50783442592723,-0.460211845623063,-0.493433238039575,"9 dBm","Train"
1.53609261999334,-0.475321171681318,-0.488823650810759,"9 dBm","Train"
1.57929678645827,-0.498421934478348,-0.481776018060328,"9 dBm","Train"
1.53063567634143,-0.487137591391446,-0.495970829517042,"9 dBm","Train"
1.57396513520622,-0.510305346570145,-0.488902758579905,"9 dBm","Test"
1.57604744807304,-0.511418734919965,-0.488563083554146,"9 dBm","Test"
1.58432493253205,-0.515844609105014,-0.487212827888136,"9 dBm","Train"
1.62940987487963,-0.539951000782185,-0.479858395613691,"9 dBm","Train"
1.63427166053312,-0.542550540741887,-0.479065322107114,"9 dBm","Test"
1.57706329605322,-0.526696080655571,-0.494654395152564,"9 dBm","Test"
1.60315969404228,-0.540649519620576,-0.490397448561884,"9 dBm","Train"
1.57232745590479,-0.538898065980065,-0.501683944632699,"9 dBm","Train"
1.57423344822175,-0.554651361487688,-0.507630052402555,"9 dBm","Test"
1.58743869703548,-0.561712053672762,-0.505475960525959,"9 dBm","Test"
1.5752839587122,-0.569947240862366,-0.513715709716617,"9 dBm","Train"
1.62094752080901,-0.594363013755987,-0.506266890723752,"9 dBm","Train"
1.69513342680272,-0.648763534229556,-0.500422416045035,"9 dBm","Test"
1.01937929153217,0.42306874404986,-0.474518042240687,"9 dBm","Train"
0.985526275396159,0.411701188681614,-0.492554320140372,"9 dBm","Train"
1.39213510026968,0.150089651771536,-0.444997759105596,"9 dBm","Train"
0.775095244074502,0.450545282935371,-0.558165757159125,"9 dBm","Train"
1.24090287530026,0.15728083624122,-0.500952455106716,"9 dBm","Test"
1.30661659091036,0.0926761132398603,-0.502747017983919,"9 dBm","Train"
1.37414441448905,0.0565697753023547,-0.491731615073534,"9 dBm","Train"
1.37623001342366,0.0407204462356878,-0.497648424708874,"9 dBm","Train"
1.52769419404444,-0.0402656806835155,-0.472940994680643,"9 dBm","Train"
1.29808319486472,0.0530362692745081,-0.522910081041688,"9 dBm","Test"
1.16685054587486,0.108470649021408,-0.55057428513412,"9 dBm","Test"
1.41803649964942,-0.0258355443593204,-0.509599849122098,"9 dBm","Train"
1.13522459916521,0.110646489357825,-0.561990254054086,"9 dBm","Test"
1.33919168604015,-0.0131465115259273,-0.534975365139726,"9 dBm","Train"
1.7765075563024,-0.261708379282318,-0.469895709268023,"9 dBm","Train"
1.48151234105396,-0.177648804350259,-0.549301586983594,"9 dBm","Train"
1.78773655977374,-0.341383314657129,-0.499349093754111,"9 dBm","Train"
0.980348698250831,0.0755833536800627,-0.637310382830027,"9 dBm","Test"
1.45237950751155,-0.191540186177281,-0.566567890222115,"9 dBm","Train"
1.54156651637389,-0.239227437312606,-0.552019356226408,"9 dBm","Train"
1.31873401940567,-0.134815689558623,-0.594625686075874,"9 dBm","Train"
1.43296964802483,-0.195896144885613,-0.575991123176111,"9 dBm","Train"
1.49249299293415,-0.227722581642634,-0.566281442158688,"9 dBm","Test"
1.77366391075525,-0.378061384806012,-0.520415741439442,"9 dBm","Train"
1.30405197946439,-0.156433741809416,-0.609534719296569,"9 dBm","Train"
1.83278949418916,-0.439143510541174,-0.523284986225547,"9 dBm","Train"
1.41241055932313,-0.24384017525042,-0.604372884990171,"9 dBm","Test"
1.50597893264368,-0.308604274442772,-0.595366666371139,"9 dBm","Train"
1.43401704182332,-0.299595459970403,-0.6196194130812,"9 dBm","Test"
1.82442250436895,-0.537809064749395,-0.568448987237809,"9 dBm","Test"
1.46218354503306,-0.403060862168394,-0.652566907007823,"9 dBm","Train"
1.39945615969672,-0.457926364615809,-0.700341367825509,"9 dBm","Train"
1.54255878106675,0.146604410082013,-0.553375915972279,"9 dBm","Test"
0.558911556545254,0.539941429967443,-0.770145487861887,"9 dBm","Train"
0.927487641724521,0.313399738103525,-0.722535955502543,"9 dBm","Train"
1.62582200115305,-0.0747256647754342,-0.614877941957635,"9 dBm","Train"
1.59535507476922,-0.102637906449116,-0.638618888339909,"9 dBm","Train"
0.0880994567746486,0.688539870547374,-0.890745345386019,"9 dBm","Train"
0.053414213227473,0.692351481142818,-0.902660358781312,"9 dBm","Train"
0.518658060913217,0.443591034001906,-0.826767961214784,"9 dBm","Test"
1.60852913610083,-0.139150290441676,-0.648983925282154,"9 dBm","Train"
1.48308014501913,-0.0868083649733236,-0.675704676457285,"9 dBm","Train"
1.60399512596728,-0.166194375610749,-0.662237572157567,"9 dBm","Train"
1.48799073096464,-0.177839100047615,-0.712445766640087,"9 dBm","Train"
1.52439523187009,-0.212038344845822,-0.712764342649398,"9 dBm","Train"
1.50017949445801,-0.213824656803172,-0.722971529222518,"9 dBm","Train"
1.30228771556044,-0.166950970554951,-0.780280493605361,"9 dBm","Train"
1.35967603822062,-0.212370019566357,-0.777176106471803,"9 dBm","Train"
1.51094069870905,-0.293249465402981,-0.752501222948553,"9 dBm","Test"
1.60765164714608,-0.344959679081868,-0.736725354478011,"9 dBm","Test"
1.40085400903506,-0.249121582928002,-0.776716015384479,"9 dBm","Train"
-3.67731955595436,2.45138428001013,-1.61134458580369,"9 dBm","Train"
1.54554468058213,-0.355954361110396,-0.765627548064984,"9 dBm","Train"
-3.62544395620226,2.37944445211005,-1.62165349700436,"9 dBm","Train"
1.04714924198013,-0.118936513203797,-0.859441804303721,"9 dBm","Train"
0.775381678619832,-0.0178281248396188,-0.922544655127221,"9 dBm","Test"
1.5745325602463,-0.445124760002724,-0.792184035151858,"9 dBm","Train"
1.50404267016409,-0.422168823424072,-0.809939642642232,"9 dBm","Train"
1.21394054872028,-0.28178879377493,-0.8635192569537,"9 dBm","Test"
1.65809885050469,-0.534009229685309,-0.797323436868361,"9 dBm","Test"
0.245760700080227,0.20641728688791,-1.03396658506327,"9 dBm","Train"
1.56942259930025,-0.516063442089059,-0.824302695470302,"9 dBm","Train"
1.52159227143431,-0.505223308560734,-0.838361986474269,"9 dBm","Train"
1.96970119752679,-0.759556097109948,-0.77152172508763,"9 dBm","Test"
0.443233089155696,0.0271601902220253,-1.0330392194659,"9 dBm","Train"
1.33771387334595,-0.451108229534531,-0.887128012628755,"9 dBm","Test"
1.28516995307465,-0.467216160633682,-0.91447024467126,"9 dBm","Train"
1.38958947309805,-0.523048057434614,-0.897436923829425,"9 dBm","Test"
1.81948206697095,-0.767640786075994,-0.83356818185973,"9 dBm","Train"
0.287322511097874,-0.00734971568143877,-1.10852812882758,"9 dBm","Test"
-3.26231475793756,1.87586565680949,-1.69381587540905,"9 dBm","Test"
1.39428671830317,-0.687635640182811,-0.965497918475587,"9 dBm","Train"
-2.85704406884695,1.76558506607148,-1.74810834932521,"9 dBm","Train"
-2.80516846909485,1.6936452381714,-1.75841726052588,"9 dBm","Test"
-2.63224980325452,1.4538458118378,-1.79278029786145,"9 dBm","Test"
-2.59766607008645,1.40588592657108,-1.79965290532856,"9 dBm","Train"
-2.59766607008645,1.40588592657108,-1.79965290532856,"9 dBm","Train"
-2.58037420350241,1.38190598393772,-1.80308920906211,"9 dBm","Train"
-2.56308233691838,1.35792604130436,-1.80652551279567,"9 dBm","Test"
-2.51120673716628,1.28598621340428,-1.81683442399634,"9 dBm","Train"
-2.49391487058225,1.26200627077092,-1.8202707277299,"9 dBm","Train"
-2.45933113741418,1.2140463855042,-1.82714333519701,"9 dBm","Test"
-2.44203927083015,1.19006644287084,-1.83057963893057,"9 dBm","Train"
-2.42474740424612,1.16608650023748,-1.83401594266412,"9 dBm","Train"
-2.35557993790998,1.07016672970404,-1.84776115759835,"9 dBm","Train"
-2.28641247157385,0.974246959170599,-1.86150637253258,"9 dBm","Test"
-2.26912060498982,0.950267016537238,-1.86494267626613,"9 dBm","Test"
-2.23453687182175,0.902307131270517,-1.87181528373324,"9 dBm","Train"
-2.23453687182175,0.902307131270517,-1.87181528373324,"9 dBm","Test"
-2.18266127206965,0.830367303370438,-1.88212419493391,"9 dBm","Train"
-2.16536940548561,0.806387360737077,-1.88556049866747,"9 dBm","Test"
-2.13078567231755,0.758427475470359,-1.89243310613458,"9 dBm","Test"
-2.07891007256545,0.686487647570277,-1.90274201733525,"9 dBm","Train"
-2.07891007256545,0.686487647570277,-1.90274201733525,"9 dBm","Train"
-2.00974260622932,0.590567877036837,-1.91648723226948,"9 dBm","Train"
-1.92328327330915,0.470668163870037,-1.93366875093726,"9 dBm","Train"
-1.88869954014108,0.422708278603318,-1.94054135840437,"9 dBm","Train"
-1.83682394038898,0.350768450703236,-1.95085026960504,"9 dBm","Test"
-1.76765647405285,0.254848680169796,-1.96459548453927,"9 dBm","Train"
-1.72529067566415,0.0930527912644322,1.29504948639174,"12 dBm","Train"
-1.72341867582864,0.0625834874444924,1.28284081293791,"12 dBm","Train"
-1.50666948537759,-0.244854159149651,1.23685652025329,"12 dBm","Train"
-1.65434303281321,-0.210097390570425,1.19399637105611,"12 dBm","Test"
-1.37325092808696,-0.360394053293224,1.23984921547482,"12 dBm","Test"
-1.35628941925849,-0.428399908580661,1.21758796039902,"12 dBm","Train"
-1.23770622414824,-0.580210059060772,1.19938959117871,"12 dBm","Train"
-1.16790312710751,-0.647001326512479,1.19826210420779,"12 dBm","Test"
-1.19324660303547,-0.677653017257106,1.1753569151189,"12 dBm","Train"
-1.124351000855,-0.714490690425077,1.18659543542879,"12 dBm","Train"
-1.10833871583211,-0.75252063944948,1.1766933806449,"12 dBm","Test"
-1.06967835902046,-0.802660247726933,1.1704857679839,"12 dBm","Train"
-1.10916914101524,-0.811013355590112,1.15152983564908,"12 dBm","Test"
-1.06953179540648,-0.84694116466259,1.1517386139223,"12 dBm","Test"
-1.04568987514227,-0.889157528130238,1.14311375988698,"12 dBm","Train"
-1.02842265949152,-0.898390106502903,1.14593045569403,"12 dBm","Test"
-0.996783966358826,-0.930041129592351,1.14483446246574,"12 dBm","Train"
-1.03950084474251,-0.921935097731281,1.1316092973572,"12 dBm","Train"
-0.968299843861057,-0.974739624331767,1.13696686263002,"12 dBm","Test"
-1.04297850305105,-0.949544001873538,1.11852796672643,"12 dBm","Train"
-0.995770239861651,-0.974785708385417,1.12622876340803,"12 dBm","Test"
-0.964797498630751,-1.00608065477726,1.12502413749875,"12 dBm","Test"
-0.925685447492439,-1.02699341134172,1.13140424837909,"12 dBm","Train"
-0.924308462478053,-1.02772966913339,1.13162886756465,"12 dBm","Test"
-0.922465530937504,-1.04344924678098,1.1256724730741,"12 dBm","Test"
-0.897539562348588,-1.08624523821645,1.11722445324487,"12 dBm","Train"
-0.826351805065824,-1.12430849992471,1.12883687886736,"12 dBm","Test"
-0.800201837967005,-1.18249313275097,1.11433150176889,"12 dBm","Train"
-0.938853561354952,-1.12309186064467,1.08545706921972,"12 dBm","Train"
-0.884424669953773,-1.15219435265976,1.09433572303937,"12 dBm","Train"
-0.846770278989758,-1.17232771536755,1.10047805468627,"12 dBm","Test"
-0.80736331929742,-1.20813233978349,1.10064925150698,"12 dBm","Train"
-0.772175156282965,-1.22694703923429,1.10638928239704,"12 dBm","Test"
-0.815613010202962,-1.21845551018141,1.09304650893687,"12 dBm","Train"
-0.77713443687623,-1.28323210464915,1.0805522223449,"12 dBm","Train"
-0.783631772551429,-1.29449223890553,1.07323533081931,"12 dBm","Train"
-0.777338564663828,-1.29785714360198,1.07426190352382,"12 dBm","Train"
-0.753128088306192,-1.32553638600993,1.07195419049846,"12 dBm","Test"
-0.753128088306192,-1.32553638600993,1.07195419049846,"12 dBm","Train"
-0.746565469032369,-1.34377952552026,1.06676768994553,"12 dBm","Train"
-0.734152297382565,-1.35041670330435,1.06879257509467,"12 dBm","Train"
-0.677718419942998,-1.4395279726972,1.05297020729578,"12 dBm","Test"
-0.67226233952126,-1.45717945881761,1.0476032037939,"12 dBm","Train"
-0.596736751051635,-1.49756210815675,1.05992323341943,"12 dBm","Train"
-0.738356069915136,-1.43657409743778,1.03056471508004,"12 dBm","Train"
-0.65975618344368,-1.47860053798315,1.04338623622954,"12 dBm","Train"
-0.600593697695652,-1.56917076234395,1.02800896969868,"12 dBm","Test"
-0.468561579460124,-1.63976679264635,1.04954656564654,"12 dBm","Train"
-0.604846755132698,-1.58163088594099,1.02105817362421,"12 dBm","Train"
-0.558051820675191,-1.63611995780093,1.01617750511047,"12 dBm","Train"
-0.552575862993925,-1.63904788836485,1.01707076476231,"12 dBm","Train"
-0.493755612102765,-1.6704983889688,1.02666575433133,"12 dBm","Train"
-0.538232840448487,-1.66145111855969,1.01315343404634,"12 dBm","Test"
-0.495564821337774,-1.71373357702305,1.007599566947,"12 dBm","Test"
-0.513137478056103,-1.71907186657665,0.998476025700058,"12 dBm","Train"
-0.48629694507759,-1.76289155321198,0.99034031710835,"12 dBm","Test"
-0.425047976228117,-1.81037484461386,0.994074467960266,"12 dBm","Train"
-0.348774495784039,-1.85115738304966,1.00651649665219,"12 dBm","Test"
-0.442022644421076,-1.83076705533693,0.978791452244986,"12 dBm","Train"
-0.348131277101286,-1.91043803934002,0.981593338212148,"12 dBm","Train"
-0.387003468700643,-1.91912190025695,0.96273831276402,"12 dBm","Test"
-0.333755197538937,-1.97706149581984,0.958910337794155,"12 dBm","Train"
-0.152974289826728,-2.10319130142241,0.975885985707093,"12 dBm","Train"
-0.136901110175941,-2.15598799378737,0.959736843595927,"12 dBm","Train"
-0.206062994442466,-2.25161559595385,0.892141700033785,"12 dBm","Train"
-1.4032142081163,1.20435018487054,1.06468684058527,"12 dBm","Test"
-1.28655572107297,1.03883496960116,1.03991748475375,"12 dBm","Train"
-1.20776670631593,0.923036485898143,1.02148475376281,"12 dBm","Test"
-1.14779259488322,0.817298111075997,0.999982862093296,"12 dBm","Train"
-1.16385093055242,0.811150131758268,0.991106342823485,"12 dBm","Train"
-1.13725402955508,0.796929079685096,0.995444933424024,"12 dBm","Train"
-1.10818221492682,0.781384720222641,1.00018724162374,"12 dBm","Test"
-1.11054606243258,0.753180274463429,0.987287600170972,"12 dBm","Test"
-1.11002027659594,0.752899142922465,0.987373368414761,"12 dBm","Train"
-1.08327002395155,0.709127728126514,0.979222932941561,"12 dBm","Test"
-1.06609181779171,0.699942742088211,0.982025109172041,"12 dBm","Test"
-1.0570768416658,0.695122539729381,0.983495667365564,"12 dBm","Test"
-1.0369059740601,0.684337412597077,0.986786018245447,"12 dBm","Train"
-1.0785824168835,0.691887135725671,0.973730573058144,"12 dBm","Test"
-1.06734596769828,0.685879137688736,0.975563506632747,"12 dBm","Train"
-1.06363398163745,0.683894382131265,0.976169020329041,"12 dBm","Train"
-1.05963526787843,0.681756316625123,0.976821306169818,"12 dBm","Test"
-1.05509213731065,0.679327157815001,0.977562399411485,"12 dBm","Train"
-1.05400578723538,0.678746299128054,0.977739609088129,"12 dBm","Train"
-1.03647304637017,0.669371747526932,0.980599618407526,"12 dBm","Train"
-1.03490121436044,0.653797123629598,0.97459900110033,"12 dBm","Test"
-1.03362124601779,0.653112739518281,0.97480779454664,"12 dBm","Train"
-1.04749124355466,0.645794681380592,0.966288245558918,"12 dBm","Train"
-1.04515851632284,0.644547399396894,0.966668769156107,"12 dBm","Train"
-1.06993632543533,0.643061620607713,0.956369895247068,"12 dBm","Train"
-1.03469499665324,0.624218494042406,0.96211859874526,"12 dBm","Train"
-1.02232714206378,0.61760554676078,0.964136091598131,"12 dBm","Test"
-1.02017831896267,0.61645659616612,0.964486616033652,"12 dBm","Train"
-1.00264543207601,0.607081966489035,0.967346649172639,"12 dBm","Train"
-0.995201530715544,0.603101799443058,0.96856092750067,"12 dBm","Train"
-0.994745855894394,0.602858155442554,0.968635258961172,"12 dBm","Test"
-0.978744523168441,0.594302429872923,0.97124545899041,"12 dBm","Train"
-1.01308785298432,0.597931223192856,0.959386219901339,"12 dBm","Test"
-1.00144620393588,0.591706569525425,0.961285251263729,"12 dBm","Test"
-0.994001677169299,0.587726068082109,0.962499631610453,"12 dBm","Test"
-0.981185292989025,0.580873297271116,0.964590290365884,"12 dBm","Train"
-1.03148400533886,0.593033247130134,0.950128346822759,"12 dBm","Test"
-0.998818440908397,0.575567351655635,0.955456881557444,"12 dBm","Test"
-0.990557428175845,0.571150284710186,0.956804450290958,"12 dBm","Test"
-0.988775194254806,0.570197345065067,0.957095175264463,"12 dBm","Train"
-0.978570724574232,0.564741134406501,0.958759768302729,"12 dBm","Train"
-0.967261225424693,0.558694077407524,0.960604618073456,"12 dBm","Train"
-0.996588030087977,0.559640593366328,0.949563694203763,"12 dBm","Test"
-0.972483838001117,0.546752363610417,0.953495664369463,"12 dBm","Train"
-0.960789162178662,0.540499357146746,0.955403345666796,"12 dBm","Train"
-0.963346543276874,0.527132575232024,0.948729154954206,"12 dBm","Train"
-0.928284672127475,0.508385402565244,0.954448584620891,"12 dBm","Train"
-0.951861332930184,0.506257383815,0.944345646725869,"12 dBm","Test"
-0.947173260988195,0.503750726546302,0.945110383371849,"12 dBm","Train"
-0.944092568356516,0.502103516206236,0.945612918012869,"12 dBm","Train"
-0.927177074387773,0.493058999305679,0.948372239602388,"12 dBm","Test"
-0.918178738749799,0.488247694421239,0.949840083334382,"12 dBm","Train"
-0.948474526167946,0.489712314132667,0.938641095204767,"12 dBm","Test"
-0.935190470436643,0.482609484809934,0.940808042374237,"12 dBm","Test"
-0.929173879408458,0.479392483914854,0.94178949225386,"12 dBm","Train"
-0.934851950542666,0.467694298484758,0.934606242367093,"12 dBm","Test"
-0.950031483126757,0.461076433429713,0.925873076896477,"12 dBm","Train"
-0.90160960278182,0.43518582001069,0.933771843559028,"12 dBm","Train"
-0.89596459271395,0.432167499111696,0.934692679697902,"12 dBm","Test"
-0.893497150328554,0.43084818651006,0.935095178558266,"12 dBm","Train"
-0.89260245693235,0.430369804409145,0.935241124447207,"12 dBm","Train"
-0.906070815181432,0.422836994439019,0.926787092432271,"12 dBm","Train"
-0.900496501143111,0.419856473880662,0.927696396358075,"12 dBm","Train"
-0.896540012552842,0.417740985678681,0.928341794264042,"12 dBm","Train"
-0.877117384123107,0.407355933287626,0.931510089440665,"12 dBm","Train"
-0.870370214751126,0.40374830069182,0.932610714119474,"12 dBm","Train"
-0.866067282022634,0.401447572858703,0.933312625349375,"12 dBm","Train"
-0.841108575644864,0.388102444299826,0.937383987231085,"12 dBm","Test"
-0.927213205763724,0.419407399856004,0.917081242224214,"12 dBm","Train"
-0.903933169668119,0.406959836675092,0.920878772838578,"12 dBm","Train"
-0.891798027366049,0.400471317933366,0.92285830475221,"12 dBm","Train"
-0.864508568263739,0.385879963136752,0.927309868141753,"12 dBm","Train"
-0.861397333759985,0.38421642241469,0.927817384892499,"12 dBm","Train"
-0.860096875601429,0.383521082638314,0.928029520717784,"12 dBm","Test"
-0.858896992093514,0.382879518952021,0.928225250412371,"12 dBm","Test"
-0.857452855488465,0.382107355989756,0.928460823628258,"12 dBm","Train"
-0.850293946380216,0.378279570969777,0.929628612904545,"12 dBm","Test"
-0.843760465262535,0.374786194985751,0.93069437991886,"12 dBm","Train"
-0.914579498187481,0.397918120395075,0.912885081359595,"12 dBm","Train"
-0.872995250932585,0.375683509464479,0.919668466547538,"12 dBm","Test"
-0.862975235690661,0.370325924438177,0.92130297065575,"12 dBm","Train"
-0.851045353737249,0.363947156005599,0.923249019697847,"12 dBm","Test"
-0.840915565562114,0.358530876675042,0.924901430396615,"12 dBm","Train"
-0.895067056896289,0.372750862422007,0.909811006464399,"12 dBm","Test"
-0.872650430674606,0.360764954408317,0.913467694280431,"12 dBm","Train"
-0.858839236497592,0.353380270320361,0.915720630336575,"12 dBm","Train"
-0.835041951852754,0.340656140386271,0.919602536558987,"12 dBm","Train"
-0.827068992664294,0.336393092303801,0.920903116870843,"12 dBm","Test"
-0.825792816136475,0.335710735631553,0.921111291781475,"12 dBm","Test"
-0.873022723024638,0.346229831081356,0.907149943797668,"12 dBm","Train"
-0.828568473431516,0.322460663447852,0.914401495001246,"12 dBm","Train"
-0.811790052556049,0.313489437928028,0.917138456691236,"12 dBm","Train"
-0.811492756735932,0.31333047732809,0.917186952749137,"12 dBm","Train"
-0.809884249334895,0.312470427222534,0.917449338772671,"12 dBm","Train"
-0.801904389438589,0.308203689412242,0.918751044755003,"12 dBm","Train"
-0.858866398227334,0.323926425990139,0.90320215821422,"12 dBm","Train"
-0.837014168498199,0.312242294183806,0.906766779465137,"12 dBm","Train"
-0.829080586770535,0.308000300769342,0.90806093637145,"12 dBm","Train"
-0.823151906959552,0.304830304974511,0.909028045829206,"12 dBm","Train"
-0.818310011833456,0.302241400247304,0.909817874715097,"12 dBm","Train"
-0.779973117644887,0.281743111043093,0.916071538959552,"12 dBm","Train"
-0.771871730129175,0.277411393835236,0.917393069002864,"12 dBm","Train"
-0.813978674227223,0.285191300963271,0.904267398762502,"12 dBm","Train"
-0.808308752872409,0.282159660290335,0.905192298528014,"12 dBm","Train"
-0.804570092063734,0.280160642056993,0.90580216351359,"12 dBm","Train"
-0.803265096586461,0.279462876229335,0.906015039484066,"12 dBm","Train"
-0.802694272275482,0.279157663142596,0.906108154580085,"12 dBm","Train"
-0.7999648514606,0.27769827373697,0.906553388387344,"12 dBm","Test"
-0.78698526703177,0.270758241660715,0.908670669006145,"12 dBm","Test"
-0.784840179171877,0.269611288255877,0.909020584134497,"12 dBm","Train"
-0.771075508602058,0.262251479796876,0.911265931077725,"12 dBm","Train"
-0.767492077208781,0.260335460917476,0.911850474433438,"12 dBm","Test"
-0.760816516952106,0.256766116878588,0.912939417953055,"12 dBm","Train"
-0.827358412950746,0.277611107168698,0.895827822711464,"12 dBm","Train"
-0.794574351899187,0.260081852936002,0.90117568707882,"12 dBm","Test"
-0.785811314634189,0.255396359341199,0.902605148019171,"12 dBm","Train"
-0.785317241637506,0.255132184285072,0.90268574314037,"12 dBm","Train"
-0.782554148404941,0.253654790631305,0.903136469724208,"12 dBm","Train"
-0.769651614384535,0.246755956507796,0.905241181578783,"12 dBm","Train"
-0.769484491131126,0.246666597657695,0.90526844337806,"12 dBm","Test"
-0.763996487047901,0.243732226023454,0.906163668086141,"12 dBm","Test"
-0.763473729435678,0.243452713638691,0.906248942354108,"12 dBm","Train"
-0.759575874304676,0.241368576062017,0.906884775740686,"12 dBm","Test"
-0.815323378449768,0.256441931203249,0.891534003951385,"12 dBm","Train"
-0.804735933179321,0.250780947973364,0.893261069466975,"12 dBm","Train"
-0.794949874537755,0.245548456806565,0.894857409658746,"12 dBm","Train"
-0.779075572824806,0.237060653234726,0.897446887891899,"12 dBm","Test"
-0.778523441571239,0.236765435107284,0.897536953703221,"12 dBm","Train"
-0.775991789257843,0.235411790207693,0.897949926738381,"12 dBm","Train"
-0.768246819742509,0.231270645538482,0.899213316482324,"12 dBm","Train"
-0.767216751359927,0.230719880014743,0.899381345268949,"12 dBm","Test"
-0.742399604388565,0.217450441615791,0.903429615426172,"12 dBm","Test"
-0.741739268390824,0.217097367676439,0.903537332018916,"12 dBm","Train"
-0.781104488084366,0.223411306813292,0.890858902595514,"12 dBm","Train"
-0.776278137485193,0.220830713562933,0.891646195797326,"12 dBm","Test"
-0.752131301834558,0.20791968279193,0.895585122148072,"12 dBm","Train"
-0.740484109690196,0.201692065295901,0.897485057721966,"12 dBm","Test"
-0.737201652806055,0.199936973968457,0.898020504937626,"12 dBm","Train"
-0.731931571528929,0.197119123111347,0.898880181224548,"12 dBm","Test"
-0.725215091961504,0.193527899995305,0.899975799662307,"12 dBm","Train"
-0.808782717734087,0.223476348982472,0.88008690073515,"12 dBm","Train"
-0.764563750682463,0.199832984173699,0.887300071729579,"12 dBm","Train"
-0.757582385856295,0.19610013000604,0.8884388992876,"12 dBm","Test"
-0.752730951827954,0.193506124939303,0.889230284196564,"12 dBm","Train"
-0.743499991185678,0.188570438184207,0.890736074629838,"12 dBm","Train"
-0.743094967415285,0.188353876708484,0.890802143692673,"12 dBm","Train"
-0.74024814042004,0.186831711590573,0.891266529255644,"12 dBm","Train"
-0.734421555620916,0.183716304805197,0.892216984575429,"12 dBm","Test"
-0.731629716393448,0.182223541003967,0.892672400318478,"12 dBm","Test"
-0.727045270652583,0.179772291453728,0.8934202330529,"12 dBm","Train"
-0.725905208186105,0.179162713379047,0.893606204505047,"12 dBm","Train"
-0.725120740299808,0.178743267569858,0.89373416997735,"12 dBm","Train"
-0.723604514947008,0.177932559596813,0.893981502591951,"12 dBm","Train"
-0.720865481952201,0.176468030670936,0.894428304375626,"12 dBm","Train"
-0.706578171159456,0.168828772593858,0.89675890643782,"12 dBm","Train"
-0.703672700424998,0.167275251354074,0.897232858197084,"12 dBm","Train"
-0.743531807313077,0.173853266200817,0.884473863961257,"12 dBm","Train"
-0.709145176204158,0.155467136490829,0.890083145829406,"12 dBm","Train"
-0.698314161833459,0.149675919710108,0.891849943290047,"12 dBm","Test"
-0.714260326512801,0.143467963875263,0.88299172179118,"12 dBm","Train"
-0.686315301926202,0.128526085877079,0.88755022358864,"12 dBm","Test"
-0.726532560303857,0.13529560013888,0.874732806279899,"12 dBm","Train"
-0.707910189632947,0.125338436217288,0.877770560278405,"12 dBm","Train"
-0.702382029711031,0.122382593725479,0.878672335364078,"12 dBm","Train"
-0.700707195538416,0.12148707947045,0.878945540870219,"12 dBm","Train"
-0.667129802803333,0.103533640059797,0.884422816607178,"12 dBm","Test"
-0.645445476601615,0.0919392843069571,0.887960048777467,"12 dBm","Train"
-0.69148020371206,0.101819331100023,0.874193663197365,"12 dBm","Train"
-0.689704650379734,0.1008699634876,0.874483298407089,"12 dBm","Train"
-0.688011740941601,0.0999647845993807,0.874759452421295,"12 dBm","Test"
-0.658596424321261,0.0842367586369401,0.879557794010551,"12 dBm","Train"
-0.68108912109011,0.0815291569882026,0.869631676571759,"12 dBm","Train"
-0.680317562696947,0.0811166137340935,0.869757536197009,"12 dBm","Train"
-0.680255514399465,0.08108343723471,0.869767657758174,"12 dBm","Train"
-0.658006617391074,0.0691872120707871,0.873396984928381,"12 dBm","Train"
-0.647876966944839,0.0637710063822624,0.875049373160272,"12 dBm","Train"
-0.644193752984321,0.0618016349305136,0.875650193438938,"12 dBm","Test"
-0.643854324172417,0.0616201463123583,0.875705562395383,"12 dBm","Train"
-0.666107338007351,0.0587843890005002,0.865818542974976,"12 dBm","Train"
-0.634567337149606,0.0419203192116675,0.870963471373817,"12 dBm","Test"
-0.627997489409989,0.038407498419981,0.872035170653854,"12 dBm","Train"
-0.673082131699021,0.0477795459645422,0.858423766628796,"12 dBm","Test"
-0.666076222451666,0.044033568181773,0.859566597968877,"12 dBm","Train"
-0.645928868617643,0.0332610135883309,0.862853113190284,"12 dBm","Train"
-0.643379243713043,0.0318977589543044,0.863269017984873,"12 dBm","Test"
-0.639208731482305,0.0296678348134787,0.863949328264839,"12 dBm","Test"
-0.633031213963823,0.0263647884051009,0.864957029103482,"12 dBm","Test"
-0.626925258515987,0.023100005399411,0.865953056457043,"12 dBm","Test"
-0.626673980196807,0.0229656498193276,0.865994045960061,"12 dBm","Train"
-0.623664549472921,0.0213565423883807,0.866484956079738,"12 dBm","Train"
-0.620683175567968,0.0197624366105621,0.866971289461285,"12 dBm","Train"
-0.614701072975224,0.0165638762787788,0.867947113452318,"12 dBm","Test"
-0.660890131921482,0.0265264425004757,0.854155552659048,"12 dBm","Test"
-0.633706304188003,0.0119915675620551,0.858589885046228,"12 dBm","Test"
-0.631683771525293,0.010910142988607,0.858919808491091,"12 dBm","Train"
-0.613881941974205,0.00139171281251132,0.861823712610239,"12 dBm","Test"
-0.674001977289188,0.0188030092599419,0.845759676420842,"12 dBm","Test"
-0.663447529422498,0.0131596693561402,0.847481359270768,"12 dBm","Train"
-0.62750512923026,-0.00605831189737677,0.853344424281628,"12 dBm","Train"
-0.593946297845809,-0.0240018267708102,0.858818672218416,"12 dBm","Train"
-0.586314501607731,-0.0280824590115507,0.860063600694371,"12 dBm","Train"
-0.557715135629876,-0.0433742057030692,0.864728841220901,"12 dBm","Train"
-0.622893834399596,-0.0232581010369041,0.847839616047336,"12 dBm","Train"
-0.600720908591838,-0.0351137052878724,0.851456550497918,"12 dBm","Train"
-0.595030502070103,-0.0528904828349231,0.846127771186705,"12 dBm","Test"
-0.574538895940441,-0.0638471051068921,0.849470442190104,"12 dBm","Train"
-0.568082273945499,-0.0672993854163926,0.850523671643463,"12 dBm","Train"
-0.553504977356801,-0.0750936955089348,0.852901577323802,"12 dBm","Train"
-0.599436259609287,-0.0652689594722555,0.839152066073852,"12 dBm","Train"
-0.581217203745468,-0.0750104756808274,0.842124029782306,"12 dBm","Test"
-0.564619127868588,-0.0838852728379526,0.844831572890191,"12 dBm","Test"
-0.528600480108222,-0.103144022774893,0.850707075702826,"12 dBm","Train"
-0.568461109232555,-0.0965651940062171,0.837947833153862,"12 dBm","Test"
-0.560664320137632,-0.100734045998918,0.839219675910468,"12 dBm","Train"
-0.556991720767031,-0.102697741953512,0.839818764695677,"12 dBm","Test"
-0.546052458410044,-0.108546837667194,0.841603219991563,"12 dBm","Train"
-0.543846235609219,-0.109726479210346,0.841963107690784,"12 dBm","Test"
-0.543047035915423,-0.110153801944805,0.842093476273191,"12 dBm","Test"
-0.517430998636546,-0.123850397652989,0.84627206454452,"12 dBm","Train"
-0.482933440357331,-0.157030022519124,0.845642420589557,"12 dBm","Train"
-0.568359948322769,-0.126087650951837,0.825450293522768,"12 dBm","Train"
-0.543569916862228,-0.139342591004106,0.829494140491725,"12 dBm","Train"
-0.506831770447037,-0.15898604846159,0.835487010741312,"12 dBm","Test"
-0.504408124692771,-0.160281943516498,0.83588236532377,"12 dBm","Test"
-0.452120595302237,-0.188239474294785,0.844411711790181,"12 dBm","Test"
-0.481234484674926,-0.202140985347915,0.827148498798778,"12 dBm","Train"
-0.46127444456595,-0.212813385482078,0.830404458672142,"12 dBm","Test"
-0.494086463389822,-0.210003366250136,0.81879501302619,"12 dBm","Train"
-0.456800747804053,-0.229939602542614,0.824877204902264,"12 dBm","Train"
-0.461951676367524,-0.271388012333158,0.805265903180382,"12 dBm","Train"
-0.412998818734373,-0.297562533101617,0.813251284936622,"12 dBm","Train"
-0.43647550064486,-0.299744009396883,0.803164655989854,"12 dBm","Train"
-0.415363897545314,-0.311032136801529,0.806608463325872,"12 dBm","Train"
-0.468603743557359,-0.297299597152123,0.79166675054711,"12 dBm","Test"
-0.430339855402667,-0.317758850883385,0.797908505761547,"12 dBm","Train"
-0.414245926309107,-0.32636408664842,0.800533810472725,"12 dBm","Test"
-0.157727680004301,-0.596129047769424,0.78606488463874,"12 dBm","Test"
-0.0950901956380969,-0.835899150220356,0.708684266511483,"12 dBm","Test"
-1.29003489722152,2.50101336482263,0.831533176373527,"12 dBm","Train"
-1.2868732870991,2.4993228888461,0.832048910592377,"12 dBm","Train"
-1.2655924214745,2.48794425874781,0.835520328694037,"12 dBm","Train"
-1.23582779125431,2.38362435671778,0.802833527501002,"12 dBm","Test"
-0.922700609609894,1.99518615740139,0.760056748603345,"12 dBm","Train"
-0.869377639683582,1.95194080497703,0.7624979794857,"12 dBm","Test"
-0.877776378949805,1.94169732899534,0.754870923563564,"12 dBm","Test"
-0.799544710270656,1.855665219115,0.748861317493423,"12 dBm","Train"
-0.815962322823079,1.83497515725234,0.733669170874743,"12 dBm","Train"
-0.795562039612228,1.82406736427759,0.736996944926155,"12 dBm","Test"
-0.785637520493952,1.81876083991236,0.738615871332872,"12 dBm","Train"
-0.782280031807449,1.81696562995723,0.739163558029834,"12 dBm","Train"
-0.786059093747408,1.80425206650841,0.732290081956239,"12 dBm","Train"
-0.73828624083558,1.76397429677661,0.733825956026033,"12 dBm","Test"
-0.81598609332546,1.77605113228287,0.70863721054799,"12 dBm","Test"
-0.717288794948602,1.72327884050952,0.724737100196006,"12 dBm","Train"
-0.662208172071026,1.66435950790244,0.721208025610519,"12 dBm","Test"
-0.698766958567506,1.63970451262349,0.696473351160934,"12 dBm","Train"
-0.688582619397141,1.63425906551343,0.698134660431576,"12 dBm","Train"
-0.599634759610556,1.5866996845935,0.712644183493932,"12 dBm","Train"
-0.794190075499162,1.67599195415505,0.674650538109246,"12 dBm","Test"
-0.692205964147852,1.60672805820888,0.685029564858085,"12 dBm","Test"
-0.644007460453501,1.56622269797907,0.686634872749676,"12 dBm","Train"
-0.648209886807498,1.50953295144931,0.660921273723643,"12 dBm","Train"
-0.630526586568544,1.50007789751093,0.663805842877429,"12 dBm","Test"
-0.497970420928439,1.42920166518687,0.68542892348923,"12 dBm","Train"
-0.609873763442116,1.47430089070044,0.660917791531063,"12 dBm","Train"
-0.615536560545262,1.46259453842447,0.653737033204031,"12 dBm","Train"
-0.53876297709676,1.40681041706308,0.660003619958275,"12 dBm","Train"
-0.527726968190224,1.40090959210022,0.661803856930023,"12 dBm","Train"
-0.411491267411999,1.29455717048411,0.661993617337358,"12 dBm","Train"
-0.373395292386992,1.27418769794056,0.668207981904808,"12 dBm","Test"
-0.383576318472721,1.25016300619337,0.65403317168282,"12 dBm","Train"
-0.439840763841481,1.26551276376439,0.63859807441762,"12 dBm","Train"
-0.384939741817681,1.23615782902411,0.647553744032521,"12 dBm","Test"
-0.394655101089138,1.21188415067449,0.633454895204066,"12 dBm","Train"
-0.375323567259624,1.18681362180656,0.630351309975585,"12 dBm","Train"
-0.398658632446426,1.18455642470449,0.620287782103123,"12 dBm","Train"
-0.364015625099785,1.16603321361696,0.625938885066718,"12 dBm","Train"
-0.389598928452341,1.16497812318256,0.615508615784244,"12 dBm","Train"
-0.355794297223318,1.13216899831056,0.614765938856487,"12 dBm","Train"
-0.31076400768996,1.0786234614647,0.609597414555266,"12 dBm","Train"
-0.289576581240625,1.03782642481159,0.600539549098223,"12 dBm","Train"
-0.282167264524483,1.01913056607587,0.595491165146355,"12 dBm","Train"
-0.275765399581486,1.01570756372199,0.596535462415062,"12 dBm","Train"
-0.275222038792942,1.00068285136487,0.590367076856461,"12 dBm","Train"
-0.231788173670403,0.947990903990926,0.584938137556366,"12 dBm","Train"
-0.200612580691948,0.887119127751166,0.571252560223495,"12 dBm","Train"
-0.172002197467031,0.857087306571611,0.569662577229152,"12 dBm","Train"
-0.195478659663245,0.854905712797692,0.559575984123035,"12 dBm","Train"
-0.150658625780018,0.801472597190284,0.554373162097148,"12 dBm","Train"
-0.0681043894597167,0.757331812002972,0.567839732272738,"12 dBm","Train"
-0.129900105095963,0.775639075131222,0.55150235255012,"12 dBm","Train"
-0.123997707948103,0.757748948674333,0.546208153979648,"12 dBm","Train"
0.00936006290809536,0.539102270463037,0.505391788598676,"12 dBm","Test"
-0.109774062934255,2.22519603604264,0.346968619779993,"12 dBm","Train"
-0.717798799388085,2.52083138805815,0.235271203347099,"12 dBm","Train"
0.101916664344462,2.03833656013707,0.350215336360771,"12 dBm","Train"
-0.0316414695615548,2.09501434948614,0.32217179006603,"12 dBm","Train"
0.149251576035923,1.82148274811897,0.276595523376367,"12 dBm","Train"
0.188139940355935,1.77122122689197,0.270425104192637,"12 dBm","Test"
0.232453843351017,1.67385618246987,0.246368658023078,"12 dBm","Train"
0.241780272879853,1.65413526592225,0.241633001017488,"12 dBm","Test"
-0.0234924674029719,1.78123931569426,0.192103652552141,"12 dBm","Train"
0.292503616186331,1.56807735238015,0.224879108537722,"12 dBm","Train"
0.149081043877269,1.6152953579435,0.188969415740372,"12 dBm","Train"
0.291510393138944,1.53914004974422,0.212203048711721,"12 dBm","Train"
0.365530090019377,1.44062584825628,0.19924934861726,"12 dBm","Train"
0.0786367896605674,1.54982179138943,0.133679128366978,"12 dBm","Train"
0.436078722175053,1.34396758450352,0.185729434857898,"12 dBm","Train"
0.41854506498545,1.33860844235777,0.17661225536674,"12 dBm","Test"
0.162513821915843,1.44603698789855,0.122333395404023,"12 dBm","Train"
0.374035336396743,1.3329389065721,0.156837612817558,"12 dBm","Train"
0.590370629477015,1.18779858670701,0.179613031244408,"12 dBm","Train"
0.15186052074891,1.39279644872725,0.0955675044274563,"12 dBm","Train"
0.488092787142427,1.2130169860921,0.150415027855789,"12 dBm","Train"
0.262566799119987,1.31886891202867,0.107369325202264,"12 dBm","Train"
0.784747909753082,1.03966477592719,0.192549551973723,"12 dBm","Test"
0.51248331046934,1.1410389235898,0.129365622704813,"12 dBm","Train"
0.540333022252083,1.11141382453892,0.127651556007279,"12 dBm","Train"
0.580888697192074,1.03079244442291,0.109239073663656,"12 dBm","Train"
0.599376516412087,0.991438856199726,0.0997408377081303,"12 dBm","Train"
0.618506961209872,0.951741663591728,0.0903474293523192,"12 dBm","Train"
0.674021059668562,0.907324740353122,0.0931460856977421,"12 dBm","Train"
0.644177497696864,0.893813376709568,0.0757638456557869,"12 dBm","Train"
0.591222467724019,0.907393628552018,0.0608685931842118,"12 dBm","Train"
0.657870653333495,0.871757622754596,0.0717405061058389,"12 dBm","Train"
0.590294818736291,0.878421264232881,0.0482032300555027,"12 dBm","Train"
0.681311789918479,0.829755553635487,0.0630502746679561,"12 dBm","Train"
0.680381621833341,0.815518719943101,0.0566415213115564,"12 dBm","Train"
0.154911388352688,1.06701314419512,-0.0415892814482874,"12 dBm","Test"
0.294182638574104,0.992546434637783,-0.0188708099543227,"12 dBm","Train"
0.697914495098085,0.77667573015987,0.0469875108338047,"12 dBm","Test"
0.708619495256432,0.741483524315896,0.0362197109681826,"12 dBm","Train"
0.756078404521295,0.701373616582447,0.0377043733213964,"12 dBm","Test"
0.967343362703018,0.588412712910293,0.0721667402671561,"12 dBm","Train"
0.588839017021662,0.761326194834393,-0.00209041159743501,"12 dBm","Train"
0.925810696561345,0.478012090769274,0.00907858291625345,"12 dBm","Train"
0.891676358744305,0.466794954815518,-0.00900358527723629,"12 dBm","Train"
1.35731887718313,0.173618791998543,0.0481827829310578,"12 dBm","Test"
1.56098070669374,-0.347833951100559,-0.0937916817589032,"12 dBm","Train"
-0.371688867578879,-0.147759343913804,-1.09410840758253,"12 dBm","Train"
-1.61190673619573,0.500636469883947,-1.30267462166819,"12 dBm","Train"
-0.72015621054291,0.0238278874534712,-1.15720878529089,"12 dBm","Train"
-0.188848792759542,-0.260255978404223,-1.07053983957342,"12 dBm","Train"
-0.0508548946565746,-0.334039702714745,-1.04802973475703,"12 dBm","Train"
-1.23647790185469,0.285164876839552,-1.24769022134411,"12 dBm","Train"
-0.115739795464533,-0.314080688384543,-1.06487103445704,"12 dBm","Train"
0.0139563610437298,-0.383427707256345,-1.04371448972993,"12 dBm","Train"
0.0412166057758934,-0.398003441470727,-1.03926769190281,"12 dBm","Train"
0.101549193046636,-0.430262570659203,-1.02942600410372,"12 dBm","Test"
-0.828442418648852,0.0522588897849557,-1.18738689682304,"12 dBm","Train"
-0.602366795275465,-0.0686211034439103,-1.15050855619693,"12 dBm","Test"
-0.214101162537249,-0.276222198847643,-1.08717314637311,"12 dBm","Train"
0.213058332877937,-0.504619387995953,-1.01749321742483,"12 dBm","Train"
-1.05031877637718,0.156159401063644,-1.22983725749702,"12 dBm","Test"
-0.892989984099192,0.0720375348425417,-1.20417316905906,"12 dBm","Test"
-0.646685553073897,-0.0596585653840795,-1.16399502614594,"12 dBm","Test"
0.136132926214701,-0.478222455925921,-1.03629861157083,"12 dBm","Test"
0.379447607887828,-0.608319972120998,-0.996608168274991,"12 dBm","Train"
-1.42377052641495,0.34110550285152,-1.29701318948521,"12 dBm","Train"
-1.2721951341055,0.260059912342331,-1.272287618171,"12 dBm","Train"
-0.358849550735765,-0.228295295025616,-1.12329911144807,"12 dBm","Train"
-0.34359475617894,-0.23645185536247,-1.1208106896472,"12 dBm","Train"
0.177998886640106,-0.515341879290666,-1.03572629292513,"12 dBm","Test"
0.377915357584351,-0.622234879488952,-1.00311513563961,"12 dBm","Train"
-0.187420308374235,-0.334690690781608,-1.10159192309558,"12 dBm","Train"
0.12807331343754,-0.503381442572087,-1.05012736854995,"12 dBm","Test"
-0.573761665093481,-0.142852666967245,-1.17087045818022,"12 dBm","Train"
-0.183018048471674,-0.35177871138848,-1.10713082992559,"12 dBm","Train"
0.00249523874756421,-0.450970497607241,-1.07686917634854,"12 dBm","Train"
0.162685868541562,-0.536622554896252,-1.05073825377271,"12 dBm","Train"
-0.354493340099935,-0.27482706101746,-1.14135957140939,"12 dBm","Train"
0.196944915411302,-0.569674650499691,-1.05140680464241,"12 dBm","Test"
0.253743005501517,-0.600043925360335,-1.0421416778587,"12 dBm","Test"
0.306907607589298,-0.628470416657773,-1.03346925986074,"12 dBm","Train"
0.465906940807995,-0.728219685287798,-1.01378968694277,"12 dBm","Train"
0.484314253141359,-0.738061860030113,-1.0107870141021,"12 dBm","Train"
-3.07966198317104,1.17082819801325,-1.75635772843381,"12 dBm","Train"
-3.04507825000297,1.12286831274653,-1.76323033590092,"12 dBm","Train"
-3.04507825000297,1.12286831274653,-1.76323033590092,"12 dBm","Test"
-2.99320265025087,1.05092848484645,-1.77353924710159,"12 dBm","Train"
-2.97591078366684,1.02694854221309,-1.77697555083515,"12 dBm","Train"
-2.9586189170828,1.00296859957973,-1.78041185456871,"12 dBm","Train"
-2.92403518391474,0.955008714313011,-1.78728446203582,"12 dBm","Train"
-2.87215958416264,0.883068886412932,-1.79759337323649,"12 dBm","Train"
-2.8548677175786,0.859088943779571,-1.80102967697005,"12 dBm","Train"
-2.83757585099457,0.835109001146211,-1.8044659807036,"12 dBm","Test"
-2.80299211782651,0.787149115879492,-1.81133858817071,"12 dBm","Train"
-2.68194905173827,0.619289517445971,-1.83539271430561,"12 dBm","Test"
-2.63007345198617,0.547349689545891,-1.84570162550628,"12 dBm","Train"
-2.5954897188181,0.49938980427917,-1.85257423297339,"12 dBm","Train"
-2.56090598565004,0.451429919012452,-1.85944684044051,"12 dBm","Train"
-2.54361411906601,0.427449976379091,-1.86288314417406,"12 dBm","Test"
-2.54361411906601,0.427449976379091,-1.86288314417406,"12 dBm","Train"
-2.52632225248197,0.40347003374573,-1.86631944790762,"12 dBm","Train"
-2.50903038589794,0.379490091112369,-1.86975575164118,"12 dBm","Train"
-2.4917385193139,0.355510148479009,-1.87319205537473,"12 dBm","Train"
-2.47444665272987,0.331530205845651,-1.87662835910829,"12 dBm","Train"
-2.47444665272987,0.331530205845651,-1.87662835910829,"12 dBm","Train"
-2.45715478614584,0.30755026321229,-1.88006466284184,"12 dBm","Train"
-2.45715478614584,0.30755026321229,-1.88006466284184,"12 dBm","Test"
-2.38798731980971,0.211630492678851,-1.89380987777607,"12 dBm","Train"
-2.38798731980971,0.211630492678851,-1.89380987777607,"12 dBm","Train"
-2.35340358664164,0.163670607412129,-1.90068248524318,"12 dBm","Train"
-2.3361117200576,0.139690664778769,-1.90411878897674,"12 dBm","Train"
-2.31881985347357,0.115710722145408,-1.9075550927103,"12 dBm","Test"
-2.31881985347357,0.115710722145408,-1.9075550927103,"12 dBm","Train"
-2.30152798688954,0.0917307795120503,-1.91099139644385,"12 dBm","Test"
-2.28423612030551,0.0677508368786898,-1.91442770017741,"12 dBm","Train"
-2.28423612030551,0.0677508368786898,-1.91442770017741,"12 dBm","Train"
-2.19777678738534,-0.0521488762881111,-1.93160921884519,"12 dBm","Test"
-2.09402558788114,-0.196028532088272,-1.95222704124653,"12 dBm","Train"
-1.97298252179291,-0.363888130521791,-1.97628116738143,"12 dBm","Test"
-1.84438169804683,-0.0904896391260366,-1.97559278156068,"12 dBm","Train"
-1.82708983146279,-0.114469581759398,-1.97902908529424,"12 dBm","Train"
-1.77521423171069,-0.18640940965948,-1.98933799649491,"12 dBm","Train"
-1.70604676537456,-0.28232918019292,-2.00308321142913,"12 dBm","Train"
-1.63687929903843,-0.378248950726359,-2.01682842636336,"12 dBm","Train"
-1.60229556587036,-0.426208835993081,-2.02370103383047,"12 dBm","Test"
-1.58500369928633,-0.450188778626439,-2.02713733756403,"12 dBm","Train"
-1.56771183270229,-0.474168721259799,-2.03057364129759,"12 dBm","Test"
-1.55041996611826,-0.49814866389316,-2.03400994503114,"12 dBm","Test"
-1.53312809953423,-0.52212860652652,-2.0374462487647,"12 dBm","Train"
-1.49854436636616,-0.570088491793239,-2.04431885623181,"12 dBm","Test"
-1.48125249978213,-0.5940684344266,-2.04775515996537,"12 dBm","Train"
-1.46396063319809,-0.61804837705996,-2.05119146369893,"12 dBm","Train"
-1.44666876661406,-0.642028319693321,-2.05462776743248,"12 dBm","Train"
-1.37750130027793,-0.737948090226761,-2.06837298236671,"12 dBm","Train"
-1.34291756710986,-0.785907975493479,-2.07524558983382,"12 dBm","Train"
-1.34291756710986,-0.785907975493479,-2.07524558983382,"12 dBm","Train"
-1.34291756710986,-0.785907975493479,-2.07524558983382,"12 dBm","Train"
-1.3083338339418,-0.8338678607602,-2.08211819730093,"12 dBm","Train"
-1.29104196735776,-0.857847803393561,-2.08555450103449,"12 dBm","Train"
-1.29104196735776,-0.857847803393561,-2.08555450103449,"12 dBm","Test"
-1.27375010077373,-0.881827746026922,-2.08899080476805,"12 dBm","Train"
-1.2564582341897,-0.905807688660279,-2.0924271085016,"12 dBm","Train"
-1.2564582341897,-0.905807688660279,-2.0924271085016,"12 dBm","Train"
-1.22187450102163,-0.953767573927,-2.09929971596872,"12 dBm","Train"
-1.22187450102163,-0.953767573927,-2.09929971596872,"12 dBm","Train"
-1.22187450102163,-0.953767573927,-2.09929971596872,"12 dBm","Train"
-1.20458263443759,-0.977747516560362,-2.10273601970227,"12 dBm","Test"
-1.18729076785356,-1.00172745919372,-2.10617232343583,"12 dBm","Train"
-1.11812330151743,-1.09764722972716,-2.11991753837006,"12 dBm","Test"
-1.08353956834936,-1.14560711499388,-2.12679014583717,"12 dBm","Test"
-1.06624770176533,-1.16958705762724,-2.13022644957072,"12 dBm","Train"
-1.03166396859726,-1.21754694289396,-2.13709905703784,"12 dBm","Test"
-1.01437210201323,-1.24152688552732,-2.14053536077139,"12 dBm","Test"
-0.997080235429196,-1.26550682816068,-2.14397166450495,"12 dBm","Train"
-0.997080235429196,-1.26550682816068,-2.14397166450495,"12 dBm","Train"
-0.962496502261129,-1.3134667134274,-2.15084427197206,"12 dBm","Train"
-0.927912769093063,-1.36142659869412,-2.15771687943918,"12 dBm","Test"
-0.910620902509029,-1.38540654132748,-2.16115318317273,"12 dBm","Train"
-0.910620902509029,-1.38540654132748,-2.16115318317273,"12 dBm","Train"
-0.893329035924994,-1.40938648396084,-2.16458948690629,"12 dBm","Train"
-0.876037169340961,-1.4333664265942,-2.16802579063985,"12 dBm","Test"
-0.841453436172897,-1.48132631186092,-2.17489839810696,"12 dBm","Train"
-0.685826636916594,-1.69714579556117,-2.20582513170897,"12 dBm","Train"
-0.685826636916594,-1.69714579556117,-2.20582513170897,"12 dBm","Train"
-0.495616104492229,-1.96092516452812,-2.24362447277809,"12 dBm","Train"
-0.391864904988029,-2.10480482032829,-2.26424229517943,"12 dBm","Train"
-0.391864904988029,-2.10480482032829,-2.26424229517943,"12 dBm","Train"
-0.401599013914217,-1.63956678786565,-2.23606347949023,"12 dBm","Train"
-0.31513968099405,-1.75946650103245,-2.25324499815802,"12 dBm","Train"
-0.280555947825985,-1.80742638629917,-2.26011760562513,"12 dBm","Test"
-0.194096614905818,-1.92732609946597,-2.27729912429291,"12 dBm","Train"
-0.194096614905818,-1.92732609946597,-2.27729912429291,"12 dBm","Train"
-0.194096614905818,-1.92732609946597,-2.27729912429291,"12 dBm","Test"
-0.176804748321784,-1.95130604209933,-2.28073542802647,"12 dBm","Train"
-0.159512881737751,-1.97528598473269,-2.28417173176002,"12 dBm","Test"
-0.124929148569686,-2.02324586999941,-2.29104433922714,"12 dBm","Train"
-0.0903454154016175,-2.07120575526613,-2.29791694669425,"12 dBm","Train"
-0.038469815649519,-2.14314558316621,-2.30822585789492,"12 dBm","Test"
-0.0211779490654849,-2.16712552579957,-2.31166216162848,"12 dBm","Train"
0.0306976506866163,-2.23906535369965,-2.32197107282914,"12 dBm","Test"
0.0306976506866163,-2.23906535369965,-2.32197107282914,"12 dBm","Test"
0.0479895172706476,-2.26304529633301,-2.3254073765627,"12 dBm","Train"
0.0479895172706476,-2.26304529633301,-2.3254073765627,"12 dBm","Train"
0.0825732504387148,-2.31100518159973,-2.33227998402981,"12 dBm","Train"
0.0825732504387148,-2.31100518159973,-2.33227998402981,"12 dBm","Train"
0.0998651170227488,-2.33498512423309,-2.33571628776337,"12 dBm","Train"
0.0998651170227488,-2.33498512423309,-2.33571628776337,"12 dBm","Test"
0.117156983606784,-2.35896506686646,-2.33915259149693,"12 dBm","Train"
0.134448850190814,-2.38294500949981,-2.34258889523048,"12 dBm","Train"
0.134448850190814,-2.38294500949981,-2.34258889523048,"12 dBm","Train"
0.134448850190814,-2.38294500949981,-2.34258889523048,"12 dBm","Test"
0.186324449942915,-2.45488483739989,-2.35289780643115,"12 dBm","Test"
0.203616316526947,-2.47886478003325,-2.35633411016471,"12 dBm","Test"
0.203616316526947,-2.47886478003325,-2.35633411016471,"12 dBm","Train"
0.238200049695015,-2.52682466529997,-2.36320671763182,"12 dBm","Train"
0.255491916279048,-2.55080460793333,-2.36664302136538,"12 dBm","Train"
0.255491916279048,-2.55080460793333,-2.36664302136538,"12 dBm","Train"
0.272783782863083,-2.5747845505667,-2.37007932509894,"12 dBm","Train"
0.35924311578325,-2.6946842637335,-2.38726084376672,"12 dBm","Test"
0.37653498236728,-2.71866420636685,-2.39069714750027,"12 dBm","Test"
0.393826848951314,-2.74264414900021,-2.39413345123383,"12 dBm","Test"
0.428410582119381,-2.79060403426693,-2.40100605870094,"12 dBm","Train"
0.480286181871481,-2.86254386216701,-2.41131496990161,"12 dBm","Train"
0.497578048455514,-2.88652380480037,-2.41475127363517,"12 dBm","Train"
0.601329247959715,-3.03040346060054,-2.43536909603651,"12 dBm","Test"
0.618621114543749,-3.0543834032339,-2.43880539977007,"12 dBm","Train"
0.722372314047947,-3.19826305903405,-2.4594232221714,"12 dBm","Train"
0.791539780384079,-3.29418282956749,-2.47316843710563,"12 dBm","Train"
