"PC1","PC2","PC3","NoiseCondition"
-2.2595395343703,-0.457259919952363,0.0905481009433951,"Baseline"
-2.23534544704321,-0.473254029296146,0.0942553397718147,"Baseline"
-2.22214110924863,-0.481206593234771,0.0998208176979189,"Baseline"
-2.21999422785871,-0.48105487872818,0.107316151891709,"Baseline"
-2.22243650100934,-0.478792018039106,0.109899474468026,"Baseline"
-2.21714447908519,-0.481554398081976,0.114068025764624,"Baseline"
-2.19767697196999,-0.497450914320558,0.103242410288768,"Baseline"
-2.21239424577366,-0.483814789986066,0.118809655774468,"Baseline"
-2.2006769494464,-0.49253043568213,0.1161818516264,"Baseline"
-2.206692323983,-0.486956958135012,0.122544634119191,"Baseline"
-2.20275011495886,-0.488468684233518,0.128140954515864,"Baseline"
-2.19422496411383,-0.494226683474809,0.12888965290561,"Baseline"
-2.19900409317768,-0.489798635251021,0.133944792623563,"Baseline"
-2.20800186795301,-0.481461848342872,0.143462218922825,"Baseline"
-2.18357349096095,-0.501954802709228,0.127389226777494,"Baseline"
-2.18632026387975,-0.499409811188441,0.130294634999895,"Baseline"
-2.19183496856476,-0.494300223655046,0.136127832286153,"Baseline"
-2.19416336360588,-0.492142875446125,0.138590699912071,"Baseline"
-2.18776046075143,-0.495934529707075,0.141584213196994,"Baseline"
-2.18934045466846,-0.494470604133099,0.143255457036068,"Baseline"
-2.19392907245229,-0.490219071990769,0.148109082811728,"Baseline"
-2.18460937034006,-0.496713253762471,0.148017341946737,"Baseline"
-2.17619176559026,-0.502371607380135,0.148879797577655,"Baseline"
-2.1787026200328,-0.500045203467214,0.151535662244401,"Baseline"
-2.17898499432909,-0.49978357274237,0.151834344598738,"Baseline"
-2.18062038025662,-0.498268324324753,0.153564179521788,"Baseline"
-2.18551895344287,-0.493729606494235,0.158745661658855,"Baseline"
-2.18933038486107,-0.490198167628298,0.162777215962355,"Baseline"
-2.17610301082721,-0.500312958820778,0.158552122080149,"Baseline"
-2.16542391156235,-0.50592579143247,0.166788679489212,"Baseline"
-2.17178895572429,-0.500028331431075,0.173521326195255,"Baseline"
-2.14646938431812,-0.521347011947463,0.15650567018399,"Baseline"
-2.16185411122658,-0.507092466453878,0.172778916418949,"Baseline"
-2.16647223489638,-0.502813595965131,0.177663752143962,"Baseline"
-2.16676461545313,-0.502542694052316,0.177973018653705,"Baseline"
-2.14237760755679,-0.522997318348818,0.161943784807452,"Baseline"
-2.14382651496263,-0.521654849505823,0.163476371451807,"Baseline"
-2.14826266444829,-0.515403701862733,0.177934928525528,"Baseline"
-2.15266803274009,-0.511321957473954,0.182594721539387,"Baseline"
-2.14060701616326,-0.518215190011429,0.18936955129948,"Baseline"
-2.14107471395637,-0.517781849887239,0.189864260201115,"Baseline"
-2.14292604179875,-0.516066522919808,0.191822508405313,"Baseline"
-2.14613922319899,-0.51308938587204,0.195221261755629,"Baseline"
-2.13839370468767,-0.518125025552755,0.196794618848433,"Baseline"
-2.13339740565888,-0.520613406876607,0.201275972024589,"Baseline"
-2.12856000830942,-0.522954559638621,0.205925403982398,"Baseline"
-2.13805290495907,-0.514159023132616,0.215966547096728,"Baseline"
-2.11600456637872,-0.530305896420769,0.212177253674261,"Baseline"
-2.1162765485457,-0.530053894406322,0.212464943719141,"Baseline"
-2.11647413336935,-0.529870824412664,0.212673939725809,"Baseline"
-2.11340922879306,-0.530569693952979,0.21919823183025,"Baseline"
-2.1066188725063,-0.534720338829119,0.221781914954003,"Baseline"
-2.10415656057803,-0.534860882936265,0.228943601443083,"Baseline"
-2.09916410576325,-0.537345702446916,0.233429020849431,"Baseline"
-2.09393359631802,-0.540051088795041,0.237662637175905,"Baseline"
-2.09486223423406,-0.537049786504147,0.248411112180322,"Baseline"
-2.09525760010271,-0.536683464710146,0.248829311747449,"Baseline"
-2.10248114978184,-0.529990566088096,0.256470045529613,"Baseline"
-2.07520164966787,-0.553125196480998,0.237381268386275,"Baseline"
-2.07828911319421,-0.545982775342327,0.260179453534537,"Baseline"
-2.054000099728,-0.557783070860037,0.283318694221144,"Baseline"
-1.49006890230162,-0.131971344541811,0.0206624377808109,"Baseline"
-1.49232461804601,-0.12988133651695,0.0230484286380365,"Baseline"
-1.49234441543747,-0.129862993466804,0.023069369394925,"Baseline"
-1.48531287321324,-0.134237106457682,0.0253979372883523,"Baseline"
-1.48685054737424,-0.132812391777167,0.0270244172642318,"Baseline"
-1.48703166537447,-0.132644578933334,0.0272159954334762,"Baseline"
-1.48746715465398,-0.132241081244771,0.0276766356723515,"Baseline"
-1.48772982248539,-0.131997709323071,0.0279544734476975,"Baseline"
-1.4810731352809,-0.136024504616077,0.0306795454893468,"Baseline"
-1.48248759306158,-0.134713954685399,0.0321756929277009,"Baseline"
-1.4826075956708,-0.134602767618988,0.0323026260881211,"Baseline"
-1.483019722545,-0.134220916104009,0.0327385546648149,"Baseline"
-1.4834520091682,-0.133820385800592,0.0331958072832866,"Baseline"
-1.47339790807014,-0.140995016683698,0.032327253439922,"Baseline"
-1.47412902655678,-0.140317607081886,0.0331005964593239,"Baseline"
-1.47589909629222,-0.138677568898512,0.0349728936297098,"Baseline"
-1.47784347701932,-0.136876024828465,0.0370295688332932,"Baseline"
-1.47307956945896,-0.13914908645384,0.0417567348608044,"Baseline"
-1.46145341741434,-0.14778028344106,0.0392253388818963,"Baseline"
-1.46771447282157,-0.141979173049488,0.0458479911355734,"Baseline"
-1.46799302026664,-0.141721088050539,0.0461426256252754,"Baseline"
-1.45803525917783,-0.14880645618281,0.0453759757482352,"Baseline"
-1.46010693298961,-0.146886970138399,0.0475672956369904,"Baseline"
-1.46161103989192,-0.145493356823463,0.0491582697329712,"Baseline"
-1.46318890281574,-0.144031405697259,0.0508272595068578,"Baseline"
-1.46423783771391,-0.143059526877786,0.0519367738962817,"Baseline"
-1.45942817400104,-0.145374983351082,0.0566155412007584,"Baseline"
-1.46039657893332,-0.144477718664773,0.0576398747499979,"Baseline"
-1.44777558686251,-0.15403067347692,0.0540561834130385,"Baseline"
-1.45439790268971,-0.14789484131081,0.0610609600816756,"Baseline"
-1.45541857949576,-0.146949144708419,0.0621405843798475,"Baseline"
-1.45766654578678,-0.14486631685232,0.0645183782269114,"Baseline"
-1.44843769588827,-0.151276320528342,0.0645227365942104,"Baseline"
-1.44972337378812,-0.150085090146257,0.0658826666838063,"Baseline"
-1.44998561961845,-0.149842109224903,0.0661600580861047,"Baseline"
-1.4509936536191,-0.148908126671506,0.0672263094146673,"Baseline"
-1.45187498232659,-0.148091541480854,0.0681585377965035,"Baseline"
-1.45215221337643,-0.147834676173092,0.0684517798647489,"Baseline"
-1.45321589230602,-0.146849136437312,0.0695768898026209,"Baseline"
-1.45517938266547,-0.145029886552573,0.0716537782836038,"Baseline"
-1.44633782647542,-0.151081047603735,0.0720677978636418,"Baseline"
-1.45196783658366,-0.145864625128725,0.0780229598461566,"Baseline"
-1.43992759175998,-0.154879495117923,0.0750535558481425,"Baseline"
-1.44088891824637,-0.15398878888596,0.0760704021476105,"Baseline"
-1.44400732801621,-0.151099461425274,0.079368910489552,"Baseline"
-1.43261121467212,-0.15951751864462,0.077080838713905,"Baseline"
-1.43394770692894,-0.158279206792221,0.0784945178591868,"Baseline"
-1.43595161731815,-0.156422506184019,0.0806141607615483,"Baseline"
-1.43788794930225,-0.154628419586162,0.0826623223803747,"Baseline"
-1.43099955160028,-0.158869903631678,0.0851423018699642,"Baseline"
-1.4184633969683,-0.166203369984363,0.0914145527664176,"Baseline"
-1.42103368099177,-0.163821902262381,0.0941332792707352,"Baseline"
-1.41570699682627,-0.166616398214704,0.0982651664658482,"Baseline"
-1.41714893493954,-0.165280386691267,0.0997903813177297,"Baseline"
-1.38974733972705,-0.179964609780058,0.119637278273763,"Baseline"
-0.814777872603462,0.235619732034979,-0.154694744779747,"Baseline"
-0.816371340045844,0.237096141352162,-0.153009249274266,"Baseline"
-0.813100957517362,0.238347771814542,-0.136936097010219,"Baseline"
-0.805421648897329,0.233373478163116,-0.135292706183921,"Baseline"
-0.804280226401536,0.23445678928715,-0.126733844489086,"Baseline"
-0.796101392048961,0.22901966569262,-0.125618828673584,"Baseline"
-0.799669621832138,0.232325768821943,-0.121844521711229,"Baseline"
-0.795048494387405,0.230184998505076,-0.116966329539878,"Baseline"
-0.789783246214117,0.227447425379606,-0.112769458218951,"Baseline"
-0.784828866954012,0.224997884345435,-0.108243764267559,"Baseline"
-0.794685362899658,0.234130309685222,-0.0978180227843518,"Baseline"
-0.776108809331694,0.219059296424196,-0.107701229171997,"Baseline"
-0.780724893204758,0.223336276962251,-0.102818551048782,"Baseline"
-0.771199669533431,0.216651671504023,-0.103127683028853,"Baseline"
-0.77543573352608,0.220576548900693,-0.0986469722024872,"Baseline"
-0.766295985734888,0.214249101778961,-0.0985483657837947,"Baseline"
-0.770673703150101,0.218305226559367,-0.0939178205769353,"Baseline"
-0.761474263574745,0.211922472687114,-0.093882353342167,"Baseline"
-0.763724655708642,0.214007548180615,-0.0915019935517065,"Baseline"
-0.770062053866526,0.219879393088231,-0.0847985894987237,"Baseline"
-0.770273661148787,0.22007545543303,-0.084574761189659,"Baseline"
-0.77271448437107,0.222336972707327,-0.0819929722798812,"Baseline"
-0.761313727743624,0.213914613306063,-0.0842859555040012,"Baseline"
-0.761907437365191,0.214464708271087,-0.0836579571702442,"Baseline"
-0.762531053934175,0.215042513181503,-0.0829983246630404,"Baseline"
-0.762650857669495,0.215153515983541,-0.0828716018621529,"Baseline"
-0.763096966691391,0.21556685327484,-0.0823997285553238,"Baseline"
-0.767966586380371,0.22007874456846,-0.0772488720766314,"Baseline"
-0.754826199291588,0.210044550150514,-0.0813819552273609,"Baseline"
-0.756516403212581,0.211610589562756,-0.0795941363887644,"Baseline"
-0.758974854126007,0.213888439575804,-0.0769937017298473,"Baseline"
-0.761470042037104,0.216200327840405,-0.0743544083890319,"Baseline"
-0.752174963402955,0.20972896067507,-0.0744201036879029,"Baseline"
-0.7450881602014,0.205303646247854,-0.0721499882776859,"Baseline"
-0.742333516727474,0.204892245638568,-0.0652975164567008,"Baseline"
-0.737040342891361,0.202128798304635,-0.0611301835988315,"Baseline"
-0.737477756373136,0.202534078841142,-0.0606675080285876,"Baseline"
-0.731790858684133,0.199405831104425,-0.0569166378901918,"Baseline"
-0.73196825454093,0.199570195238162,-0.0567289968305944,"Baseline"
-0.733118567723837,0.200636004965899,-0.0555122492221289,"Baseline"
-0.725601970213747,0.195812469461354,-0.05369675017623,"Baseline"
-0.726499119814932,0.196643713322928,-0.052747787191281,"Baseline"
-0.731799076625251,0.201554328630968,-0.0471417401862134,"Baseline"
-0.722517865637696,0.195095810377443,-0.0471927669356161,"Baseline"
-0.717747921038744,0.192817155201932,-0.0424719866058278,"Baseline"
-0.713495575641869,0.191018075739227,-0.0372037139925207,"Baseline"
-0.711346300811061,0.191167572630109,-0.0297109114688211,"Baseline"
-0.717252779226614,0.196640153702384,-0.0234633142115118,"Baseline"
-0.201987814333377,0.626866247390662,-0.420200598600496,"Baseline"
-0.160715336482503,0.607893647314606,-0.375960853452862,"Baseline"
-0.117837099058907,0.589574132072132,-0.323653400703269,"Baseline"
-0.124578048120916,0.595819882526206,-0.316523139334571,"Baseline"
-0.131540143935803,0.602270534014171,-0.309158959249924,"Baseline"
-0.111830646141207,0.58829068732201,-0.310474336025231,"Baseline"
-0.110920831292748,0.589588591903908,-0.301670490568423,"Baseline"
-0.109851391689054,0.59073859796613,-0.293035488729222,"Baseline"
-0.115625558666438,0.596088587365122,-0.286927844337235,"Baseline"
-0.11577144933076,0.596223760717502,-0.286773528000128,"Baseline"
-0.101607468998038,0.585241167504474,-0.291989320320944,"Baseline"
-0.0853351149747161,0.572305084387533,-0.299435251949827,"Baseline"
-0.09023075091074,0.576841080741924,-0.294256876698992,"Baseline"
-0.103194527693079,0.588852522154698,-0.28054439854002,"Baseline"
-0.085791226757826,0.577009456196069,-0.279420387890275,"Baseline"
-0.0521948613216086,0.548022005363225,-0.305190850411169,"Baseline"
-0.0754453855019849,0.569564516754607,-0.28059753085923,"Baseline"
-0.0831167162746257,0.576672301907088,-0.272483155130901,"Baseline"
-0.0828038141072906,0.578523269212777,-0.263047923293399,"Baseline"
-0.0878470136041114,0.583195988922941,-0.257713462193629,"Baseline"
-0.0703680738929389,0.569141957422405,-0.266435663860894,"Baseline"
-0.0705796989444515,0.569338036231103,-0.266211816756344,"Baseline"
-0.070791022816195,0.569533835985078,-0.2659882882257,"Baseline"
-0.0733566275017046,0.574051851404888,-0.253508306157397,"Baseline"
-0.0696548680631032,0.57276291116253,-0.247657649409109,"Baseline"
-0.0575089434204199,0.565791008012655,-0.240972631439061,"Baseline"
-0.0588535899103832,0.567036875077961,-0.239550327126456,"Baseline"
-0.0474233573391075,0.558587205072824,-0.24187448862854,"Baseline"
-0.0519680014597915,0.562797993912684,-0.237067376141839,"Baseline"
-0.0581578405750044,0.568533119650745,-0.23052005315873,"Baseline"
-0.0379663357821491,0.551965791515747,-0.242111479594509,"Baseline"
-0.0493959937744642,0.562555812436947,-0.230021720705906,"Baseline"
-0.0516019183496696,0.564599687014622,-0.227688396624065,"Baseline"
-0.0566301403849739,0.569258529526455,-0.222369777984202,"Baseline"
-0.0471999092019649,0.562661938288716,-0.22257843134271,"Baseline"
-0.0375413854323935,0.555853825125345,-0.223028561946598,"Baseline"
-0.0384007749815516,0.55665008283587,-0.222119539782707,"Baseline"
-0.0339411726760417,0.554658971818067,-0.217070493856242,"Baseline"
-0.0360487830433174,0.556611754473348,-0.214841161955968,"Baseline"
-0.0280285312867366,0.551321563797583,-0.213558404870274,"Baseline"
-0.0296593824547485,0.552832610584829,-0.211833366604237,"Baseline"
-0.0249221647375445,0.550584278133115,-0.207077969306052,"Baseline"
-0.0260739280847518,0.551651431494257,-0.205859687781458,"Baseline"
-0.024071817232971,0.551937281512922,-0.198211222067772,"Baseline"
-0.0064906993627857,0.537788577989621,-0.20704150302376,"Baseline"
-0.00803465720124746,0.539219114740743,-0.205408376467067,"Baseline"
-0.00860308057443952,0.539745781017044,-0.204807124746923,"Baseline"
-0.0182055843989606,0.548642872816812,-0.194650044277551,"Baseline"
-0.00878768796555792,0.542057710202439,-0.194845650513495,"Baseline"
-0.00443455371651221,0.540165245963581,-0.189683987644961,"Baseline"
-0.0110576236775279,0.546301776863883,-0.182678413288767,"Baseline"
0.00607399396389589,0.53256955271642,-0.191033233877546,"Baseline"
0.00195935889251783,0.536381921513307,-0.186680964897932,"Baseline"
0.015161995442373,0.526290050558099,-0.190879892623872,"Baseline"
0.00640119694027878,0.534407269768505,-0.181613128768544,"Baseline"
0.0138925863490524,0.529607090546406,-0.179770965769345,"Baseline"
0.0115272333441016,0.531798681740586,-0.177269005733838,"Baseline"
0.00149405659544593,0.541094808689074,-0.166656379541563,"Baseline"
0.0596660778364558,0.510745893535788,-0.120759772519512,"Baseline"
0.0387222571724842,0.530151154756242,-0.0986063763108245,"Baseline"
0.0467973116575211,0.526951070515204,-0.0876153818447304,"Baseline"
0.0554471256929304,0.521077565998512,-0.0869985463606722,"Baseline"
0.176824842685483,0.453574957964846,-0.0102959234796377,"Baseline"
0.177538581318029,0.45505453475689,-0.0012846777510296,"Baseline"
0.592495283951746,0.523553790239005,0.0292884821479172,"Baseline"
0.635281165740401,0.503178962784483,0.0719274192292787,"Baseline"
0.653681943933698,0.492552578789182,0.0817625501295147,"Baseline"
0.661761552566265,0.487207391668298,0.082982522281527,"Baseline"
0.693260057814242,0.460163689572131,0.0594310783764893,"Baseline"
0.683107035174256,0.469570858381833,0.0701704719603116,"Baseline"
0.662467815340274,0.488693895132895,0.0920016756244531,"Baseline"
0.670737688869613,0.483172420214183,0.0930203944468822,"Baseline"
0.690248876795603,0.467235432012191,0.0821485754476331,"Baseline"
0.677006927441261,0.479504611089485,0.0961552915730603,"Baseline"
0.69370116482216,0.466177636697754,0.0882631114146379,"Baseline"
0.680606597970104,0.478310260177,0.102113933206374,"Baseline"
0.678305106196307,0.480442681466497,0.104548343811486,"Baseline"
0.705535537903951,0.457353514852996,0.0855114689387113,"Baseline"
0.695901073964524,0.466280218937377,0.0957023553262939,"Baseline"
0.69088955861732,0.470923582055458,0.101003302411058,"Baseline"
0.693177414381762,0.470944678342626,0.108349520489685,"Baseline"
0.704413472297444,0.462674918678331,0.106230747877625,"Baseline"
0.701315401995117,0.465545400834407,0.109507742079924,"Baseline"
0.708549360704955,0.460983741127881,0.111622203260115,"Baseline"
0.704183162287692,0.465029193110435,0.116240564208448,"Baseline"
0.723005533052884,0.449730420693082,0.106097343860005,"Baseline"
0.716985286530092,0.455308412324154,0.112465279712455,"Baseline"
0.702046254770261,0.469150003996053,0.128267090416412,"Baseline"
0.730008567881636,0.445382720908501,0.108456065546137,"Baseline"
0.719053344682977,0.45553315961351,0.120043989448293,"Baseline"
0.720668326861426,0.456177699345598,0.128101941808263,"Baseline"
0.744350673866766,0.43637597066356,0.112818065371314,"Baseline"
0.733209546867565,0.446698656441789,0.124602629638959,"Baseline"
0.731038121412082,0.448710566248525,0.12689946216177,"Baseline"
0.725478721648378,0.453861565503842,0.132779935816689,"Baseline"
0.738468798657921,0.443966639197409,0.128805843653946,"Baseline"
0.738366322804163,0.444061587045887,0.128914237830278,"Baseline"
0.726982208208131,0.454609410246054,0.140955823039458,"Baseline"
0.725303434104051,0.458305742775858,0.1524977571004,"Baseline"
0.715250575170686,0.467620106030978,0.16313120218924,"Baseline"
0.747975833948127,0.439439769264648,0.138282155644043,"Baseline"
0.728575095039676,0.457415305458764,0.158803351975692,"Baseline"
0.725611532681101,0.46016116079404,0.161938069951557,"Baseline"
0.752266854711244,0.437604855576814,0.143509519259625,"Baseline"
0.756972952431173,0.435385357008182,0.148297833838794,"Baseline"
0.761837743104196,0.433018823270654,0.152918290417179,"Baseline"
0.75565306382916,0.438749168216896,0.15946015556212,"Baseline"
0.752215890866312,0.448356491982161,0.19239445218336,"Baseline"
0.756216851953132,0.44679032982149,0.197928627389638,"Baseline"
0.631758686505761,0.632307519891955,-0.148610810094942,"Baseline"
0.616879196987881,0.648234826655716,-0.123105775246803,"Baseline"
0.607759565588011,0.660966285018758,-0.0939270443975587,"Baseline"
0.622607509591574,0.651490856253292,-0.0901000964246481,"Baseline"
0.627534595877067,0.653348369788904,-0.066013122939604,"Baseline"
0.677549602931503,0.609148411429454,-0.10915045843046,"Baseline"
0.657136878357922,0.628061591547202,-0.087558830883951,"Baseline"
0.644585684452497,0.641831642226555,-0.0645165584907239,"Baseline"
0.641964214755206,0.646401418744022,-0.051977485019756,"Baseline"
0.662530438126657,0.631627782614879,-0.0541990661333586,"Baseline"
0.662485312003774,0.63166959371594,-0.0541513338262683,"Baseline"
0.660424197050313,0.633579296569064,-0.051971182605139,"Baseline"
0.658566973535346,0.635300086105555,-0.050006698233577,"Baseline"
0.653767570979382,0.639746918505185,-0.0449301141616864,"Baseline"
0.660651716089873,0.635509374650427,-0.0424456364792607,"Baseline"
0.67655380561395,0.62291635593629,-0.0494999195982851,"Baseline"
0.666356149078089,0.632364879779662,-0.0387133143621326,"Baseline"
0.680268053871981,0.621615844318907,-0.0436624729404318,"Baseline"
0.676663138108197,0.624955938430498,-0.0398493612596477,"Baseline"
0.725538991336031,0.58181145022285,-0.0817817529884139,"Baseline"
0.689060892155308,0.615609822295679,-0.0431969218319617,"Baseline"
0.68039338359339,0.625781488048138,-0.0242626305728842,"Baseline"
0.677412134817909,0.62854373053386,-0.0211092047305061,"Baseline"
0.694464179775704,0.614885233560469,-0.0293798570475968,"Baseline"
0.694416837991084,0.614929097557966,-0.029329781116909,"Baseline"
0.680768786710673,0.62757454580238,-0.0148935093237898,"Baseline"
0.731603944037408,0.582614686442566,-0.058898361502475,"Baseline"
0.703021382051682,0.60909753742672,-0.0286650611659026,"Baseline"
0.698074949108599,0.615821482461786,-0.0136667500619806,"Baseline"
0.697433928968196,0.616415412455346,-0.0129887088690233,"Baseline"
0.710272288048953,0.60666105868757,-0.0168023208862245,"Baseline"
0.707774218675046,0.608975616739095,-0.014159979668504,"Baseline"
0.705317481017277,0.611251879354403,-0.011561357211477,"Baseline"
0.681513807112793,0.633306905394499,0.01361705830731,"Baseline"
0.718434870131407,0.601238993450928,-0.0156701141777598,"Baseline"
0.711910107082556,0.607284439188644,-0.00876852428601446,"Baseline"
0.710582199742178,0.608514796783375,-0.0073639258647521,"Baseline"
0.692930354068073,0.624869915642772,0.0113073728112231,"Baseline"
0.718835026758907,0.603009116118988,-0.00632717603671416,"Baseline"
0.717867362818157,0.603905694247934,-0.00530362627374406,"Baseline"
0.707259925421151,0.613733895934295,0.00591642603595471,"Baseline"
0.725516757390853,0.598959117120252,-0.00362859376403546,"Baseline"
0.72292238190689,0.601362906513696,-0.000884384436976215,"Baseline"
0.706319955305071,0.616745697947539,0.0166768877127828,"Baseline"
0.736732042625214,0.590708604149947,-0.00572539400309722,"Baseline"
0.735237621654487,0.592093243074027,-0.00414466523358288,"Baseline"
0.732393724757212,0.594728223723503,-0.00113652379879828,"Baseline"
0.727058270314401,0.599671728963245,0.00450707094551332,"Baseline"
0.73891276583581,0.590828962898627,0.00173414389192102,"Baseline"
0.732853254263774,0.596443335118973,0.00814361248125802,"Baseline"
0.745003819440235,0.587326249049046,0.00505751676188227,"Baseline"
0.740063117353782,0.591904000937697,0.0102835608837444,"Baseline"
0.750544716636873,0.584333276424646,0.00896281940836417,"Baseline"
0.743001519382519,0.59132234090847,0.0169416614800718,"Baseline"
0.733614156906068,0.600020095914555,0.0268711754704735,"Baseline"
0.758386367938139,0.579208565989812,0.0104344917217585,"Baseline"
0.753898403905272,0.583366838532491,0.0151816506563968,"Baseline"
0.752500742316375,0.584661826140793,0.01666003186684,"Baseline"
0.749744277689927,0.587215797404173,0.0195756915253466,"Baseline"
0.762736833704092,0.577318574203918,0.0155989771871893,"Baseline"
0.759971227138591,0.579881015827994,0.0185243067622405,"Baseline"
0.773514741687381,0.56947330820097,0.0139648141952255,"Baseline"
0.769035724760981,0.573623290902891,0.0187025092981367,"Baseline"
0.764370812127929,0.577945513178728,0.0236368362051985,"Baseline"
0.764265277293208,0.578043295291576,0.0237484660288543,"Baseline"
0.771924039567378,0.573088038625568,0.025413589821062,"Baseline"
0.763166899059614,0.581201868562515,0.034676484420679,"Baseline"
0.742210449784017,0.60061883068088,0.0568432385854631,"Baseline"
0.775198191751726,0.57219529307002,0.0317165495697035,"Baseline"
0.771082651541234,0.578149383799092,0.0458359811125683,"Baseline"
0.768614100098264,0.580436592344063,0.0484470996403223,"Baseline"
0.782987430660305,0.569260028033225,0.0430098664157242,"Baseline"
0.798176846004538,0.557327329556109,0.0367094167890274,"Baseline"
0.789878669299402,0.565015911749407,0.0454868408945919,"Baseline"
0.799570293896882,0.558177129386634,0.0450016977795084,"Baseline"
0.807200167184529,0.553248639485816,0.0466973789936314,"Baseline"
0.800902331885084,0.559083827872401,0.0533589353010566,"Baseline"
0.791381675724,0.567905084641171,0.063429441131256,"Baseline"
0.810873116772157,0.551986392686495,0.0525785094579404,"Baseline"
0.810469225890376,0.552360613235423,0.0530057263861562,"Baseline"
0.807333454589184,0.555266026827505,0.0563225989458343,"Baseline"
0.817478736550589,0.550147796627846,0.0651238033892808,"Baseline"
0.80452055068544,0.562154057839249,0.0788303677369358,"Baseline"
0.823396381460397,0.546805752651778,0.0686305998847364,"Baseline"
0.841714622260303,0.534114959463268,0.068786829838973,"Baseline"
0.837025473953839,0.538459637029426,0.073746792110475,"Baseline"
0.833120796608929,0.542077471858861,0.0778769776041693,"Baseline"
0.787012176796721,0.584798894388498,0.126648524101068,"Baseline"
0.830856848515522,0.546315990759743,0.0900378814053779,"Baseline"
0.794919516823209,0.579613320804928,0.128050713946118,"Baseline"
0.781615739745776,0.591939785662907,0.142122828551999,"Baseline"
0.854308012968214,0.528869344954604,0.0847647442344115,"Baseline"
0.851972482519953,0.53103330439467,0.0872351593610457,"Baseline"
0.834070435194418,0.547620244777068,0.106171109668885,"Baseline"
0.859189135091587,0.526487679495638,0.089367926166682,"Baseline"
0.840515642229151,0.545930277339935,0.11888608071526,"Baseline"
0.881185874354471,0.514670381545559,0.105165622393139,"Baseline"
0.888851121401486,0.509709116486288,0.106823886895229,"Baseline"
0.978555533565829,0.460848635988787,0.168198027923367,"Baseline"
1.36942829764975,0.374416551071199,0.21412127411227,"Baseline"
1.3360234401471,0.407508328955931,0.259221578775929,"Baseline"
1.75677440697255,0.0219480246366885,-0.166296750368905,"Baseline"
1.39903420446586,0.357689947885393,0.231636553112538,"Baseline"
1.42470784658519,0.346747623565011,0.263077403369351,"Baseline"
1.46063882385439,0.315597064424753,0.234837497390208,"Baseline"
1.42027275962745,0.352997786734833,0.277534836550631,"Baseline"
1.454725756855,0.323216633360925,0.25085826889339,"Baseline"
1.44093621448039,0.335993178585556,0.265444203363631,"Baseline"
1.43690463182307,0.339728596103326,0.269708623375088,"Baseline"
1.50324913205238,0.280398729703688,0.209298711977754,"Baseline"
1.45639091427871,0.323814683784461,0.258863148220221,"Baseline"
1.47040429291798,0.312971628874806,0.253806655343292,"Baseline"
1.498349061573,0.28922060140575,0.234014188180284,"Baseline"
1.48400118370933,0.30251446609123,0.249190703877568,"Baseline"
1.85489839110989,-0.0389952820441616,-0.133360849994739,"Baseline"
1.53235037407144,0.259857951431885,0.207815391552791,"Baseline"
1.51070124817753,0.279916705271792,0.230714826722445,"Baseline"
1.65568253405784,0.147726810533607,0.0871265928473529,"Baseline"
1.57585816418115,0.221687181664932,0.171561086503478,"Baseline"
1.51745950065635,0.275795805817429,0.233332467756197,"Baseline"
1.72128865630517,0.089081079939453,0.0274977032248495,"Baseline"
1.63801151069274,0.166240581552392,0.115584381939313,"Baseline"
1.61647337386363,0.186196499723988,0.138366418055247,"Baseline"
1.52595804768042,0.270062456046908,0.23410930642636,"Baseline"
1.51735725816597,0.278031420731429,0.243206820240973,"Baseline"
1.55011641731941,0.249819673953411,0.218321915459911,"Baseline"
1.53635428974669,0.262570818302029,0.232878851831959,"Baseline"
1.57923500636552,0.224981056417553,0.197287835860524,"Baseline"
1.52466794744319,0.275539550467364,0.255006324556749,"Baseline"
1.68175333477779,0.132134736812146,0.0986149369701528,"Baseline"
1.57927756495728,0.227082507519273,0.207009024517379,"Baseline"
1.50387562373347,0.296945327176356,0.286765679505778,"Baseline"
1.7029319531202,0.114652809732157,0.0859793878827775,"Baseline"
1.63114913549272,0.181162371170375,0.161907902808096,"Baseline"
1.57385832962561,0.234244522283999,0.222507443925846,"Baseline"
1.59537840336807,0.216446223547691,0.209510719249438,"Baseline"
1.56941346056,0.240503748955717,0.236975224164364,"Baseline"
1.52019070689776,0.28611053714069,0.28904075613476,"Baseline"
1.7092105791204,0.113117186076961,0.0988705605744042,"Baseline"
1.61813098409823,0.197505959339264,0.195210306193207,"Baseline"
1.6854513466648,0.137271918678713,0.133768173151644,"Baseline"
1.64463098258636,0.177234450686766,0.186712254645579,"Baseline"
1.63354031820794,0.187510380891894,0.198443441907674,"Baseline"
1.44913643598024,0.358367721685016,0.393497263794045,"Baseline"
1.63000355862927,0.192928208943295,0.211950666305507,"Baseline"
1.62683288642701,0.195865959572296,0.215304455409773,"Baseline"
1.79928424830627,0.0403648585007614,0.0524258621129457,"Baseline"
1.77460036549021,0.0632354321972221,0.0785353215457133,"Baseline"
1.67167666921781,0.15859822411495,0.187403204792415,"Baseline"
1.68335858108674,0.149915363490339,0.18481282867324,"Baseline"
1.62893915538766,0.202477952925146,0.25214136298417,"Baseline"
2.48631442568934,-0.589772566919386,-0.64498398557416,"Baseline"
1.6247723374399,0.208479554464319,0.266315033724767,"Baseline"
1.70446068110568,0.136786100172869,0.191790627396566,"Baseline"
1.7706803097388,0.0775719321446935,0.131512799346867,"Baseline"
1.77752599491212,0.0776517894831498,0.15357036845487,"Baseline"
1.67128563704595,0.178228480142545,0.275712666721278,"Baseline"
2.00891893999493,-0.128179205284797,-0.0521214708982422,"Baseline"
2.64846752052657,-0.509245566552805,-0.562222054008695,"Baseline"
2.78081594956692,-0.563363248167216,-0.389695481769022,"Baseline"
2.79735950319696,-0.570127958369018,-0.368129660239063,"Baseline"
2.84285427567958,-0.588730911423971,-0.308823651031675,"Baseline"
2.85939782930962,-0.595495621625773,-0.287257829501717,"Baseline"
2.86766960612464,-0.598877976726673,-0.276474918736737,"Baseline"
2.86766960612464,-0.598877976726673,-0.276474918736737,"Baseline"
2.88007727134717,-0.603951509378024,-0.260300552589268,"Baseline"
2.8924849365697,-0.609025042029375,-0.244126186441799,"Baseline"
2.89662082497721,-0.610716219579826,-0.238734731059309,"Baseline"
2.90075671338472,-0.612407397130276,-0.233343275676819,"Baseline"
2.90489260179224,-0.614098574680726,-0.227951820294329,"Baseline"
2.91316437860726,-0.617480929781627,-0.21716890952935,"Baseline"
2.91730026701477,-0.619172107332078,-0.21177745414686,"Baseline"
2.91730026701477,-0.619172107332078,-0.21177745414686,"Baseline"
2.92557204382979,-0.622554462432978,-0.20099454338188,"Baseline"
2.92557204382979,-0.622554462432978,-0.20099454338188,"Baseline"
2.94211559745983,-0.62931917263478,-0.179428721851921,"Baseline"
2.94211559745983,-0.62931917263478,-0.179428721851921,"Baseline"
2.94625148586734,-0.63101035018523,-0.174037266469431,"Baseline"
2.94625148586734,-0.63101035018523,-0.174037266469431,"Baseline"
2.95452326268236,-0.63439270528613,-0.163254355704452,"Baseline"
2.95452326268236,-0.63439270528613,-0.163254355704452,"Baseline"
2.95865915108987,-0.636083882836581,-0.157862900321962,"Baseline"
2.95865915108987,-0.636083882836581,-0.157862900321962,"Baseline"
2.96279503949739,-0.637775060387031,-0.152471444939472,"Baseline"
2.96279503949739,-0.637775060387031,-0.152471444939472,"Baseline"
2.9669309279049,-0.639466237937482,-0.147079989556982,"Baseline"
2.97106681631241,-0.641157415487932,-0.141688534174492,"Baseline"
2.97933859312743,-0.644539770588833,-0.130905623409513,"Baseline"
2.97933859312743,-0.644539770588833,-0.130905623409513,"Baseline"
2.99174625834996,-0.649613303240184,-0.114731257262044,"Baseline"
3.00001803516498,-0.652995658341084,-0.103948346497064,"Baseline"
3.00415392357249,-0.654686835891535,-0.0985568911145743,"Baseline"
3.02069747720253,-0.661451546093336,-0.0769910695846153,"Baseline"
3.0455128076476,-0.671598611396038,-0.0446423372896766,"Baseline"
3.05792047287013,-0.676672144047389,-0.0284679711422076,"Baseline"
3.10755113376026,-0.696966274652793,0.03622949344767,"Baseline"
3.1613176830579,-0.718951582808648,0.106318413420037,"Baseline"
3.19026890191047,-0.7307898256618,0.144058601097466,"Baseline"
-2.19485188359287,-0.491504935004534,0.139318984226286,"3 dBm"
-2.18020542764212,-0.502934560569039,0.133592851710208,"3 dBm"
-2.1900143562719,-0.493846208190183,0.143968278706303,"3 dBm"
-2.17260824151558,-0.507832764548768,0.135323107878092,"3 dBm"
-2.18435395997971,-0.496949901356077,0.147747180785624,"3 dBm"
-2.18464339188533,-0.496681731482765,0.148053328349795,"3 dBm"
-2.18769560056035,-0.4938537419011,0.151281812262736,"3 dBm"
-2.17328745803945,-0.50506256084045,0.145807756572473,"3 dBm"
-2.17946156540721,-0.499342011175863,0.152338439247206,"3 dBm"
-2.16146165053635,-0.513878746344715,0.143065174365995,"3 dBm"
-2.1749211662714,-0.501407983587054,0.157302022056755,"3 dBm"
-2.16673722760246,-0.506849836528441,0.158411638764586,"3 dBm"
-2.16828676812056,-0.505414127208359,0.160050670419299,"3 dBm"
-2.16881276363345,-0.504926771988303,0.160607043928606,"3 dBm"
-2.17062154057737,-0.503250870076734,0.16252028377795,"3 dBm"
-2.16210876142515,-0.508997406465346,0.163282068367062,"3 dBm"
-2.16595549117412,-0.505433262328476,0.167350959597743,"3 dBm"
-2.1733312968001,-0.49859929267318,0.175152742615862,"3 dBm"
-2.15279114793324,-0.515489653049408,0.163192536747183,"3 dBm"
-2.15995869732424,-0.508848640863786,0.170774036037682,"3 dBm"
-2.16075839594217,-0.508107689113505,0.171619919919843,"3 dBm"
-2.16076515467851,-0.508101426882452,0.17162706899576,"3 dBm"
-2.16142554231642,-0.50748955215214,0.172325596223851,"3 dBm"
-2.14269821873515,-0.522700259671411,0.162282912351423,"3 dBm"
-2.15363713068466,-0.51256493397065,0.173853582975347,"3 dBm"
-2.15565720033294,-0.510693261182886,0.175990318387939,"3 dBm"
-2.1459782039176,-0.517520343045692,0.175518532774652,"3 dBm"
-2.15107992111585,-0.512793404418138,0.180914891168426,"3 dBm"
-2.14402839518888,-0.517186033083792,0.183222321233573,"3 dBm"
-2.14676749871168,-0.514648147555524,0.186119617126749,"3 dBm"
-2.13896512683312,-0.519736464083516,0.187632837380607,"3 dBm"
-2.14252422182634,-0.516438824690967,0.191397481988406,"3 dBm"
-2.14843602694887,-0.51096130821832,0.197650713587796,"3 dBm"
-2.14845291887138,-0.510945657197714,0.197668581075206,"3 dBm"
-2.13430716374429,-0.521911364051667,0.192472066526478,"3 dBm"
-2.13505263805164,-0.521220653225817,0.193260594463147,"3 dBm"
-2.13339642340376,-0.520614316974027,0.20127493304096,"3 dBm"
-2.13360745891615,-0.520418784396168,0.201498156558531,"3 dBm"
-2.13739442130537,-0.51691001703352,0.205503828664965,"3 dBm"
-2.12445197075974,-0.526760815576065,0.201580113553379,"3 dBm"
-2.12832642203261,-0.523170986373347,0.205678327318495,"3 dBm"
-2.13155785451019,-0.520176938995377,0.209096385806769,"3 dBm"
-2.12392984648335,-0.525103700659796,0.210794040006736,"3 dBm"
-2.11546929783239,-0.530801843465545,0.211611071582887,"3 dBm"
-2.11588262165714,-0.530418882929525,0.212048266238005,"3 dBm"
-2.11065084563405,-0.533125442811106,0.216280542837519,"3 dBm"
-2.10463141964072,-0.536561790904107,0.219679680052185,"3 dBm"
-2.1002146956151,-0.538513173534468,0.224774080622308,"3 dBm"
-2.08980796108555,-0.541732766381603,0.243064937888515,"3 dBm"
-2.09710971749523,-0.532826522908195,0.260554600250273,"3 dBm"
-1.48906762442206,-0.132899067287288,0.0196033327618738,"3 dBm"
-1.48708723997978,-0.132593086908526,0.0272747796577235,"3 dBm"
-1.47968148960993,-0.137313918243356,0.029207527636174,"3 dBm"
-1.48048472736815,-0.136569687342491,0.0300571550557849,"3 dBm"
-1.48183732359544,-0.135316454537576,0.0314878682295782,"3 dBm"
-1.48247472988515,-0.134725872916683,0.0321620868599065,"3 dBm"
-1.48264329201406,-0.13456969357406,0.0323403840143448,"3 dBm"
-1.4702574026638,-0.143904816607602,0.0290053733647232,"3 dBm"
-1.47751902072801,-0.13717664615198,0.0366863741082672,"3 dBm"
-1.47787215584863,-0.13684945278207,0.0370599039607191,"3 dBm"
-1.47836313765327,-0.136394539119167,0.0375792416032564,"3 dBm"
-1.47943960310145,-0.135397152178557,0.0387178765238418,"3 dBm"
-1.46513268921942,-0.146512178862345,0.0333508957641958,"3 dBm"
-1.46959707111026,-0.142375756087834,0.0380731106094042,"3 dBm"
-1.47175739584255,-0.140374131531189,0.0403582013052026,"3 dBm"
-1.47189972542707,-0.140242257657198,0.0405087508982694,"3 dBm"
-1.47323790241,-0.13900238484079,0.0419242120682194,"3 dBm"
-1.4753746351174,-0.137022619209167,0.0441843482209573,"3 dBm"
-1.46479476504016,-0.144684395420071,0.0427596604850703,"3 dBm"
-1.4666272133003,-0.142986561116978,0.0446979387481574,"3 dBm"
-1.46725197610135,-0.142407694178145,0.0453587836861561,"3 dBm"
-1.46845899773659,-0.141289341872411,0.0466355148493367,"3 dBm"
-1.46223804436035,-0.144912412892963,0.0498214858021183,"3 dBm"
-1.46389336263982,-0.143378696379086,0.0515724042369562,"3 dBm"
-1.46403095903951,-0.143251207984206,0.0517179472879715,"3 dBm"
-1.46417132077019,-0.143121157403044,0.0518664153770598,"3 dBm"
-1.45830276629502,-0.146417717189624,0.0554251374436027,"3 dBm"
-1.45879800511013,-0.145958859241605,0.055948977953168,"3 dBm"
-1.45919999213064,-0.145586402693893,0.0563741810657795,"3 dBm"
-1.46029699020756,-0.144569991477314,0.0575345344429395,"3 dBm"
-1.46106023869522,-0.143862812184828,0.0583418630781509,"3 dBm"
-1.45220927754632,-0.14992268729472,0.0587459345315741,"3 dBm"
-1.45413907219753,-0.148134657789056,0.0607871812647047,"3 dBm"
-1.45441543419966,-0.147878597687664,0.0610795040948347,"3 dBm"
-1.45529519010825,-0.147063469756119,0.0620100688433909,"3 dBm"
-1.45626790450541,-0.146162212183654,0.0630389607434832,"3 dBm"
-1.44605957871313,-0.1534797382207,0.0620072752150775,"3 dBm"
-1.44900016880809,-0.150755167577621,0.0651176942024335,"3 dBm"
-1.44980546697072,-0.150009027632239,0.0659695010216968,"3 dBm"
-1.44494088337977,-0.152375369500206,0.0705901766418322,"3 dBm"
-1.44664680512399,-0.150794766915832,0.0723946210604009,"3 dBm"
-1.43974377420409,-0.155049809204647,0.0748591222149006,"3 dBm"
-1.44008750572566,-0.154731328633569,0.0752227053790587,"3 dBm"
-1.44328056214966,-0.151772838155948,0.0786001714685798,"3 dBm"
-1.44705170813791,-0.148278725301538,0.0825891137240961,"3 dBm"
-1.43831823613479,-0.154229742166268,0.0831174597135979,"3 dBm"
-1.42963621531068,-0.160133087520395,0.0837002283594219,"3 dBm"
-1.41794180629944,-0.166686643945778,0.0908628384955837,"3 dBm"
-1.41519372050256,-0.1649510853275,0.107488451870686,"3 dBm"
-1.41640293284869,-0.163830703243253,0.108767500265626,"3 dBm"
-0.797277564048827,0.230109434616054,-0.124374728815175,"3 dBm"
-0.77763163205899,0.216188484104576,-0.125622868648344,"3 dBm"
-0.781570162928637,0.219837685536185,-0.12145687447587,"3 dBm"
-0.790912605979895,0.228493820954625,-0.111574874157388,"3 dBm"
-0.778261079102606,0.218912574461346,-0.115190863787805,"3 dBm"
-0.781830413154104,0.222219700738049,-0.111415388781948,"3 dBm"
-0.785074888283455,0.225225832638168,-0.107983534385229,"3 dBm"
-0.78545677975635,0.225579669882493,-0.107579587405186,"3 dBm"
-0.780346034296942,0.222985249506954,-0.103219290322991,"3 dBm"
-0.780692978546502,0.223306706794985,-0.10285230888507,"3 dBm"
-0.782748797180926,0.225211502403339,-0.100677759863078,"3 dBm"
-0.773893256212979,0.219147383913674,-0.100278532728539,"3 dBm"
-0.775444921825096,0.220585062215691,-0.0986372532485364,"3 dBm"
-0.760649429431764,0.209017348613378,-0.104521029559176,"3 dBm"
-0.768606278038367,0.216389677100145,-0.0961046463890383,"3 dBm"
-0.770318022154488,0.217975674337652,-0.0942940433371531,"3 dBm"
-0.770959477734182,0.218570007782585,-0.0936155415568324,"3 dBm"
-0.764446995824591,0.2146768242819,-0.0907379358832042,"3 dBm"
-0.766357771109038,0.21644723160744,-0.0887168069487422,"3 dBm"
-0.768235147855097,0.218186693893285,-0.0867310054297308,"3 dBm"
-0.761262594881403,0.2138672367283,-0.084340041459675,"3 dBm"
-0.752460705716274,0.207852828712446,-0.0838840639516394,"3 dBm"
-0.754158923667851,0.209426293434492,-0.0820877682454455,"3 dBm"
-0.756535075601703,0.211627890254657,-0.0795743856068502,"3 dBm"
-0.759364639499144,0.214249590824518,-0.0765814049504775,"3 dBm"
-0.745354338190315,0.203409387180738,-0.0816346427708556,"3 dBm"
-0.751894206681991,0.209468828696425,-0.0747170750465471,"3 dBm"
-0.752090792111678,0.20965097271286,-0.0745091361521784,"3 dBm"
-0.752118854510565,0.209676973612581,-0.0744794530560955,"3 dBm"
-0.753297351452567,0.210768896684974,-0.0732328939823829,"3 dBm"
-0.743530190766335,0.203860127209663,-0.07379793564745,"3 dBm"
-0.747007028021324,0.207081551621022,-0.0701202994368139,"3 dBm"
-0.747275111265786,0.207329941132711,-0.0698367334902387,"3 dBm"
-0.752664511159925,0.212323428922986,-0.0641360777647383,"3 dBm"
-0.742134953425455,0.204708269046794,-0.06550754745213,"3 dBm"
-0.743617746087892,0.206082133892756,-0.0639391185645197,"3 dBm"
-0.743673941688235,0.206134201293523,-0.0638796774806999,"3 dBm"
-0.736219097315294,0.201367882462898,-0.0619988588478769,"3 dBm"
-0.737468261072826,0.202525281077552,-0.060677551714182,"3 dBm"
-0.729737858621258,0.197503647011805,-0.0590882055587199,"3 dBm"
-0.732236343092566,0.199818589667152,-0.0564454252703381,"3 dBm"
-0.726499119814932,0.196643713322928,-0.052747787191281,"3 dBm"
-0.72662960305932,0.196764611103847,-0.0526097681040331,"3 dBm"
-0.721927457280514,0.194548774161765,-0.0478172733459521,"3 dBm"
-0.723149225855108,0.195680790078122,-0.046524943558443,"3 dBm"
-0.727667853455065,0.199867473603634,-0.0417453501333725,"3 dBm"
-0.728732351226167,0.200853772027796,-0.0406193740631593,"3 dBm"
-0.71763146404938,0.192709253289678,-0.0425951693750102,"3 dBm"
-0.727090488751274,0.201473406123871,-0.0325898544264674,"3 dBm"
-0.713505283880264,0.191027070798203,-0.0371934450709565,"3 dBm"
-0.153346260842692,0.603206796537955,-0.373989312656311,"3 dBm"
-0.142813095507747,0.599870060651623,-0.355832187996481,"3 dBm"
-0.120239429126811,0.587518217376191,-0.340644738354675,"3 dBm"
-0.142714994768358,0.608342699659022,-0.316871133783658,"3 dBm"
-0.11053296707107,0.584947454104988,-0.32161316554209,"3 dBm"
-0.120026809774887,0.59374386716683,-0.311571021735807,"3 dBm"
-0.126123484881209,0.599392672841429,-0.305122243294042,"3 dBm"
-0.126919745511754,0.600130439163209,-0.304279995954512,"3 dBm"
-0.106303923321234,0.587451731092443,-0.296787835235192,"3 dBm"
-0.11577144933076,0.596223760717502,-0.286773528000128,"3 dBm"
-0.101404521210505,0.585053128517014,-0.292203989020559,"3 dBm"
-0.117300543530403,0.599781409017163,-0.275389918357672,"3 dBm"
-0.116083354138234,0.600794519176453,-0.266911199350356,"3 dBm"
-0.0871419170093239,0.578260923040575,-0.277991690768736,"3 dBm"
-0.0893868943162616,0.580340981487125,-0.275617058529564,"3 dBm"
-0.0921500348737176,0.582901138259213,-0.272694337382752,"3 dBm"
-0.0867238776131386,0.58001447663066,-0.268667668185952,"3 dBm"
-0.0926380576498888,0.58763507683907,-0.252645719363785,"3 dBm"
-0.0977118980240716,0.592336186509154,-0.247278847773719,"3 dBm"
-0.0692069233159473,0.568066106429202,-0.267663874759123,"3 dBm"
-0.093101519061405,0.590205375077323,-0.242389286359588,"3 dBm"
-0.0736668490836788,0.574339283718744,-0.253180168243678,"3 dBm"
-0.0655580764016292,0.568967074976183,-0.251991044462343,"3 dBm"
-0.0613425913659984,0.567202148066162,-0.246683782678906,"3 dBm"
-0.0768853656038401,0.581603130533257,-0.230243361353803,"3 dBm"
-0.056632344208274,0.56497880488266,-0.241899857181415,"3 dBm"
-0.0616460516382226,0.569624199050327,-0.236596591413811,"3 dBm"
-0.0553149213210466,0.565899044825677,-0.233527160488033,"3 dBm"
-0.0622104419042006,0.572288011782279,-0.22623340057695,"3 dBm"
-0.0506605320211319,0.563727456111401,-0.228684151155014,"3 dBm"
-0.0410580318059467,0.556971250941552,-0.229075022657266,"3 dBm"
-0.04239107946152,0.55820637123745,-0.22766498705045,"3 dBm"
-0.0427789865231919,0.558565782157825,-0.227254677061301,"3 dBm"
-0.0382875553754546,0.55654518048463,-0.222239298198934,"3 dBm"
-0.0403124163828515,0.558421292652228,-0.220097494710254,"3 dBm"
-0.0333078934896843,0.554072214118318,-0.217740347029222,"3 dBm"
-0.0458165431005755,0.565661962574865,-0.204509281154865,"3 dBm"
-0.0151456250106691,0.541525935327568,-0.217419136831995,"3 dBm"
-0.0222931186656252,0.550289248382502,-0.200092646413905,"3 dBm"
-0.0284352563191717,0.555980176868349,-0.19359577981108,"3 dBm"
-0.0129068764342104,0.543733414612572,-0.20025477031205,"3 dBm"
0.00638571017287698,0.530139852287009,-0.201129157887301,"3 dBm"
-0.0213299233086125,0.555819460426695,-0.171812854069516,"3 dBm"
0.00195935889251783,0.536381921513307,-0.186680964897932,"3 dBm"
0.0203121105439857,0.534363569112506,-0.137730213165456,"3 dBm"
0.0312412498591877,0.526378181421753,-0.139524341603496,"3 dBm"
0.0459909874442829,0.516993744707569,-0.13559351546368,"3 dBm"
0.0456651036349892,0.51943657196753,-0.125482605627408,"3 dBm"
0.139969997815145,0.470595333228602,-0.0494422295072403,"3 dBm"
0.146943431470575,0.4684159433636,-0.0372859919318986,"3 dBm"
0.627420711920261,0.506180211195744,0.0607094301936462,"3 dBm"
0.653344896624553,0.484301333035586,0.0430542424483508,"3 dBm"
0.685900917052444,0.46055956872796,0.0379166186308976,"3 dBm"
0.671422722929256,0.476115059762133,0.0629971819359526,"3 dBm"
0.653724717232626,0.492512947670664,0.0817173065298148,"3 dBm"
0.649590423010973,0.496343531431887,0.0860903700412457,"3 dBm"
0.667400996398901,0.481982228482163,0.0770173817455425,"3 dBm"
0.662039279671399,0.489090950031818,0.0924549606584713,"3 dBm"
0.673769061161297,0.480363736348887,0.0898139502879508,"3 dBm"
0.670825969196947,0.483090625070879,0.0929270156360032,"3 dBm"
0.695529431784456,0.462342793243375,0.0765630507839763,"3 dBm"
0.686622923237462,0.47059501845527,0.0859839399256142,"3 dBm"
0.683550495335169,0.473441741934313,0.0892338107936934,"3 dBm"
0.671989385538391,0.484153558044864,0.101462613267196,"3 dBm"
0.6804728455159,0.478434187007465,0.102255410311216,"3 dBm"
0.706307170540493,0.456638567321762,0.0846952719420344,"3 dBm"
0.691308554836963,0.470535365825812,0.100560107761304,"3 dBm"
0.687080212628515,0.474453088690273,0.105032650844659,"3 dBm"
0.684030528136449,0.477278739518648,0.108258464794663,"3 dBm"
0.707531946670497,0.457644648074533,0.0931659660520841,"3 dBm"
0.703885140010258,0.461023555724566,0.0970233879684078,"3 dBm"
0.694653995908793,0.46957656835424,0.10678766145128,"3 dBm"
0.69340716455324,0.470731805908102,0.108106501478998,"3 dBm"
0.692391113271224,0.473814100069012,0.118947438263019,"3 dBm"
0.708549360704955,0.460983741127881,0.111622203260115,"3 dBm"
0.704464034072955,0.464768954520259,0.115943471140158,"3 dBm"
0.713845691407074,0.458217368835295,0.115786196932432,"3 dBm"
0.691700088211298,0.47873612812919,0.139210782625163,"3 dBm"
0.72529428284374,0.449750688630142,0.113442616279207,"3 dBm"
0.718955591219143,0.455623731984777,0.120147388500923,"3 dBm"
0.70081054280632,0.474576705574274,0.149106579169205,"3 dBm"
0.733057017315167,0.446839980981165,0.124763968282085,"3 dBm"
0.727667766299265,0.451833330829985,0.130464466531133,"3 dBm"
0.724372216400845,0.454886785482311,0.133950345435301,"3 dBm"
0.71840655142869,0.460414205192199,0.140260547470395,"3 dBm"
0.737855001685254,0.444535345871422,0.129455089450372,"3 dBm"
0.734723516450007,0.44743678825736,0.132767428409491,"3 dBm"
0.727219598356539,0.454389459076928,0.140704722817675,"3 dBm"
0.721350131033044,0.45982774793858,0.146913171468832,"3 dBm"
0.747459893518682,0.439917808060348,0.138827893355273,"3 dBm"
0.745109388386503,0.442095642125191,0.1413141480038,"3 dBm"
0.74269572186644,0.444331997662815,0.143867211821167,"3 dBm"
0.751905131009335,0.43794000660001,0.143892133712596,"3 dBm"
0.750979010504834,0.438798093125855,0.14487174076722,"3 dBm"
0.733986344101531,0.454542456853881,0.16284579036945,"3 dBm"
0.756921024643897,0.435433470114804,0.148352760629097,"3 dBm"
0.761837743104196,0.433018823270654,0.152918290417179,"3 dBm"
0.736163632173737,0.456806881677089,0.180075166942897,"3 dBm"
0.731230387668251,0.463518607113793,0.195059527932933,"3 dBm"
0.766936280445438,0.441140130618195,0.206122526423771,"3 dBm"
0.673170244562674,0.606783406759768,-0.133816792947434,"3 dBm"
0.651781227770752,0.641587342440023,-0.0428290530032078,"3 dBm"
0.745097366683,0.557267207904333,-0.131768305237025,"3 dBm"
0.669230903916828,0.629701308051966,-0.0417540958874908,"3 dBm"
0.70264378658567,0.60088386111132,-0.0673304788988082,"3 dBm"
0.675254370787607,0.626261215929456,-0.0383592329244404,"3 dBm"
0.667843893077083,0.633127310614292,-0.0305207753931793,"3 dBm"
0.721541222653956,0.596219954211228,-0.0287220740754735,"3 dBm"
0.748143077423202,0.577994955054034,-0.0275616592950762,"3 dBm"
0.723652051710343,0.600686839172981,-0.00165619510689949,"3 dBm"
0.730048217144401,0.596901427393043,0.00134444470693683,"3 dBm"
0.741282845745453,0.588632992044127,-0.000772816042800497,"3 dBm"
0.757533641404854,0.575716883586541,-0.0081959442402944,"3 dBm"
0.737431435752171,0.594342355894401,0.013067230881258,"3 dBm"
0.79443002012126,0.545812725890979,-0.0276908016729857,"3 dBm"
0.750504843666583,0.586511103562051,0.0187712003251001,"3 dBm"
0.785242052268428,0.556466617339352,-0.00820599286187675,"3 dBm"
0.855966496034986,0.493078563571003,-0.0732488041540786,"3 dBm"
0.766872722111603,0.575627396653468,0.0209904325696792,"3 dBm"
0.811629140539072,0.536299724377556,-0.0165846132501191,"3 dBm"
0.807453959023353,0.540168191800729,-0.012168301066926,"3 dBm"
0.789568723475839,0.556739555419492,0.00674986652660073,"3 dBm"
0.768612310430505,0.576156483969114,0.0289165823687029,"3 dBm"
0.826747423459888,0.524432932846446,-0.0228098223185377,"3 dBm"
0.799030422762956,0.550113807764205,0.00650792767594462,"3 dBm"
0.767710720433041,0.579132725315593,0.0396364473469682,"3 dBm"
0.807192687788996,0.544692036292614,0.00764046975188993,"3 dBm"
0.7801958163824,0.569705683524668,0.0361965005860415,"3 dBm"
0.773551542442487,0.578002744018602,0.0529907086710162,"3 dBm"
0.807446329931907,0.555161443449618,0.05620320467534,"3 dBm"
0.805038220292595,0.557392650321951,0.0587503906835462,"3 dBm"
0.777993525036209,0.582450608203557,0.0873570073544281,"3 dBm"
0.81547194399955,0.549866284384916,0.0574802897586109,"3 dBm"
0.837145415403173,0.538348506630019,0.0736199236421293,"3 dBm"
0.827149989772745,0.551891422276429,0.103725028761766,"3 dBm"
0.85555215519611,0.527716598981696,0.0834487486404493,"3 dBm"
0.851972482519953,0.53103330439467,0.0872351593610457,"3 dBm"
0.858443901375725,0.527178167404154,0.0901561996169015,"3 dBm"
0.905772673190419,0.485467110060575,0.0498602384163685,"3 dBm"
0.877049985946961,0.516361559096009,0.0997741670106492,"3 dBm"
0.860215172117198,0.531959666299354,0.117581247526374,"3 dBm"
0.884715232993975,0.511400294036738,0.101432431512739,"3 dBm"
0.881638679124188,0.514250840384508,0.104686666636706,"3 dBm"
0.914331537599538,0.48610052375327,0.0798718916191831,"3 dBm"
0.880742770186859,0.517221818008684,0.115400522454653,"3 dBm"
0.831876369235902,0.56249843160135,0.167089121155338,"3 dBm"
0.894187557223767,0.513328235103367,0.140244074690837,"3 dBm"
0.917764391986896,0.500046917458531,0.154370419628238,"3 dBm"
0.963307751918461,0.468553646535442,0.155027804403342,"3 dBm"
0.972830924712177,0.474716241009153,0.213318072641903,"3 dBm"
1.37356418605726,0.372725373520749,0.21951272949476,"3 dBm"
1.34015932855461,0.40581715140548,0.264613034158419,"3 dBm"
1.40125684155648,0.35777147180047,0.239051756461077,"3 dBm"
1.46265720748355,0.315867837084759,0.242468750519309,"3 dBm"
1.49507944217804,0.287968263870599,0.217940228709208,"3 dBm"
1.45688178251483,0.323359875347183,0.258343930705155,"3 dBm"
1.4450721028879,0.334302001035105,0.270835658746121,"3 dBm"
1.44104052023058,0.338037418552876,0.275100078757577,"3 dBm"
1.50439188987548,0.281480803595241,0.217856161225674,"3 dBm"
1.4585793976431,0.323927852450021,0.266314477786665,"3 dBm"
1.48592079953772,0.302876750944969,0.256926428977577,"3 dBm"
1.61171227398002,0.18846695992809,0.133636282198292,"3 dBm"
1.51226028222066,0.280613083118715,0.23883195840928,"3 dBm"
1.61836496003277,0.184443871857181,0.136365586471552,"3 dBm"
1.52325820046279,0.272563969087632,0.23696507883173,"3 dBm"
1.51480805381911,0.280393357316386,0.245903249646993,"3 dBm"
1.57463869121328,0.227098837184185,0.192383398403977,"3 dBm"
1.57972684671065,0.22666623056936,0.206533795243255,"3 dBm"
1.86706885096086,-0.0374263848721031,-0.087636963625815,"3 dBm"
1.63114913549272,0.181162371170375,0.161907902808096,"3 dBm"
1.62041042080787,0.191112206349679,0.173266814107158,"3 dBm"
1.51634009716821,0.287537392944159,0.283347546278526,"3 dBm"
1.49070229692941,0.311291808088073,0.31046601504895,"3 dBm"
1.59164267158806,0.219907523766202,0.213462202007993,"3 dBm"
1.56627075052686,0.243415591551764,0.240299436190924,"3 dBm"
1.51792799635254,0.288207026119501,0.291434145765908,"3 dBm"
1.6139032962165,0.201423075944675,0.199682157160297,"3 dBm"
1.56530550859927,0.250732575448877,0.270619039509387,"3 dBm"
1.49974962133851,0.311472644667572,0.339960998056516,"3 dBm"
1.62270796822937,0.199687856084042,0.219667601400514,"3 dBm"
1.61844132364687,0.205781950867643,0.233946864097187,"3 dBm"
2.4739067604668,-0.584699034268034,-0.66115835172163,"3 dBm"
1.67783282696933,0.155035188750908,0.19065771353349,"3 dBm"
1.6611745362164,0.170469740484965,0.208278076175538,"3 dBm"
1.61709031020342,0.213456367019206,0.264674518524092,"3 dBm"
1.83017180353281,0.0181689918394639,0.0490530629308385,"3 dBm"
1.77590105978258,0.07059382168864,0.116224328414137,"3 dBm"
1.72697751486127,0.115923381383625,0.167973371340183,"3 dBm"
1.68296347898531,0.15670409075098,0.214529364687704,"3 dBm"
1.6485438353803,0.188595223987192,0.250936857588712,"3 dBm"
1.7706803097388,0.0775719321446935,0.131512799346867,"3 dBm"
1.83882835139521,0.0208527813141092,0.0887275962842488,"3 dBm"
1.77752599491212,0.0776517894831498,0.15357036845487,"3 dBm"
1.73924159344552,0.113123770600994,0.194065821882852,"3 dBm"
1.68178625003113,0.170640138697914,0.274371813439062,"3 dBm"
1.54722080669626,0.299602001659389,0.436241270546151,"3 dBm"
2.53180919817195,-0.608375519974339,-0.585677976366773,"3 dBm"
1.79910146942184,0.0705065762183617,0.189346069178641,"3 dBm"
1.61798271565114,0.240461001514104,0.39069124062463,"3 dBm"
1.67725553981337,0.19196508352274,0.35729382848809,"3 dBm"
2.74359295389932,-0.548142650213163,-0.43821858021143,"3 dBm"
2.86766960612464,-0.598877976726673,-0.276474918736737,"3 dBm"
2.87594138293966,-0.602260331827574,-0.265692007971758,"3 dBm"
2.88007727134717,-0.603951509378024,-0.260300552589268,"3 dBm"
2.88421315975468,-0.605642686928475,-0.254909097206778,"3 dBm"
2.88834904816219,-0.607333864478925,-0.249517641824288,"3 dBm"
2.89662082497721,-0.610716219579826,-0.238734731059309,"3 dBm"
2.89662082497721,-0.610716219579826,-0.238734731059309,"3 dBm"
2.90075671338472,-0.612407397130276,-0.233343275676819,"3 dBm"
2.91316437860726,-0.617480929781627,-0.21716890952935,"3 dBm"
2.92143615542228,-0.620863284882528,-0.20638599876437,"3 dBm"
2.9297079322373,-0.624245639983429,-0.19560308799939,"3 dBm"
2.93384382064481,-0.625936817533879,-0.190211632616901,"3 dBm"
2.93797970905232,-0.627627995084329,-0.184820177234411,"3 dBm"
2.94211559745983,-0.62931917263478,-0.179428721851921,"3 dBm"
2.94625148586734,-0.63101035018523,-0.174037266469431,"3 dBm"
2.94625148586734,-0.63101035018523,-0.174037266469431,"3 dBm"
2.95452326268236,-0.63439270528613,-0.163254355704452,"3 dBm"
2.95452326268236,-0.63439270528613,-0.163254355704452,"3 dBm"
2.95865915108987,-0.636083882836581,-0.157862900321962,"3 dBm"
2.9669309279049,-0.639466237937482,-0.147079989556982,"3 dBm"
2.9669309279049,-0.639466237937482,-0.147079989556982,"3 dBm"
2.97106681631241,-0.641157415487932,-0.141688534174492,"3 dBm"
2.97106681631241,-0.641157415487932,-0.141688534174492,"3 dBm"
2.97520270471992,-0.642848593038382,-0.136297078792003,"3 dBm"
2.98347448153494,-0.646230948139283,-0.125514168027023,"3 dBm"
2.98347448153494,-0.646230948139283,-0.125514168027023,"3 dBm"
2.98347448153494,-0.646230948139283,-0.125514168027023,"3 dBm"
2.98761036994245,-0.647922125689733,-0.120122712644533,"3 dBm"
2.99588214675747,-0.651304480790634,-0.109339801879554,"3 dBm"
2.99588214675747,-0.651304480790634,-0.109339801879554,"3 dBm"
2.99588214675747,-0.651304480790634,-0.109339801879554,"3 dBm"
3.00001803516498,-0.652995658341084,-0.103948346497064,"3 dBm"
3.00001803516498,-0.652995658341084,-0.103948346497064,"3 dBm"
3.00415392357249,-0.654686835891535,-0.0985568911145743,"3 dBm"
3.00415392357249,-0.654686835891535,-0.0985568911145743,"3 dBm"
3.00828981198,-0.656378013441985,-0.0931654357320844,"3 dBm"
3.01242570038751,-0.658069190992435,-0.0877739803495952,"3 dBm"
3.02483336561005,-0.663142723643786,-0.0715996142021254,"3 dBm"
3.02483336561005,-0.663142723643786,-0.0715996142021254,"3 dBm"
3.02896925401756,-0.664833901194237,-0.0662081588196356,"3 dBm"
3.03310514242507,-0.666525078744687,-0.0608167034371464,"3 dBm"
3.0455128076476,-0.671598611396038,-0.0446423372896766,"3 dBm"
3.05792047287013,-0.676672144047389,-0.0284679711422076,"3 dBm"
3.05792047287013,-0.676672144047389,-0.0284679711422076,"3 dBm"
3.06205636127764,-0.67836332159784,-0.0230765157597176,"3 dBm"
3.07032813809266,-0.68174567669874,-0.0122936049947376,"3 dBm"
3.07032813809266,-0.68174567669874,-0.0122936049947376,"3 dBm"
3.11582291057528,-0.700348629753694,0.0470124042126491,"3 dBm"
3.12823057579781,-0.705422162405045,0.0631867703601189,"3 dBm"
-2.3339960735997,-0.431090717583107,-0.026019349169789,"7 dBm"
-2.2964573555622,-0.450885611115595,0.00263738258344618,"7 dBm"
-2.29078540021552,-0.44971824762181,0.0259364683329759,"7 dBm"
-2.27061802482147,-0.461981452362575,0.0339029751479741,"7 dBm"
-2.26307592700523,-0.462546848317205,0.0552239114585971,"7 dBm"
-2.24656362859169,-0.473564365921528,0.0572903829994684,"7 dBm"
-2.24825180136932,-0.4720002084423,0.0590760533893938,"7 dBm"
-2.25428580111973,-0.466409473913033,0.0654585367642578,"7 dBm"
-2.25121276463557,-0.46711587798102,0.0719742273160128,"7 dBm"
-2.24681221993599,-0.469052269839006,0.0770857416222576,"7 dBm"
-2.24872479470441,-0.467280195221851,0.0791087739668985,"7 dBm"
-2.23828610311555,-0.47481116409393,0.0778334182482969,"7 dBm"
-2.24151212975844,-0.471822125431221,0.0812457586968913,"7 dBm"
-2.24210274559558,-0.471274896977328,0.081870484569841,"7 dBm"
-2.23540648000318,-0.475338363180014,0.0845536924395907,"7 dBm"
-2.23616505882534,-0.474635510513515,0.0853560817205379,"7 dBm"
-2.23639113358694,-0.474426043488631,0.085595213054159,"7 dBm"
-2.23754687919117,-0.473355200412088,0.0868177068244048,"7 dBm"
-2.23232183662235,-0.476055521487426,0.091057105757652,"7 dBm"
-2.23248516184444,-0.475904194341857,0.0912298635564175,"7 dBm"
-2.22214935614415,-0.483339835452316,0.0900633357298426,"7 dBm"
-2.22221577084182,-0.483278299661983,0.0901335860979658,"7 dBm"
-2.22765751821872,-0.478236309900961,0.0958896125480678,"7 dBm"
-2.22263169888605,-0.480752042929986,0.100339740524274,"7 dBm"
-2.22278391330965,-0.480611010369654,0.100500745838857,"7 dBm"
-2.21791087207002,-0.482985188576774,0.105112475352876,"7 dBm"
-2.21389008112054,-0.484569723873416,0.110625675455747,"7 dBm"
-2.20836471996272,-0.487548301755972,0.114547411399147,"7 dBm"
-2.20321107837541,-0.490182467055841,0.118862334958876,"7 dBm"
-2.20448277753809,-0.489004188515281,0.120207478992582,"7 dBm"
-2.20710557516819,-0.486574064902354,0.122981751939577,"7 dBm"
-2.19998486063839,-0.491030799488929,0.125215997529166,"7 dBm"
-2.20418915746136,-0.48713535560564,0.129663106525785,"7 dBm"
-2.19524091287162,-0.493285367592289,0.129964276094965,"7 dBm"
-2.19559297443141,-0.492959168918082,0.130336670384862,"7 dBm"
-2.19856512887428,-0.490205352683846,0.133480476666565,"7 dBm"
-2.20298190909673,-0.486113034699217,0.138152340688156,"7 dBm"
-2.19045604125114,-0.495577853231527,0.134669267317913,"7 dBm"
-2.19114614931956,-0.494938441370964,0.135399231430564,"7 dBm"
-2.19613113762125,-0.490319656588229,0.140672119444395,"7 dBm"
-2.18609084554021,-0.49748149288209,0.13981817213488,"7 dBm"
-2.1894387952872,-0.494379487740062,0.143359477153763,"7 dBm"
-2.19451843407009,-0.489673005619682,0.148732482029987,"7 dBm"
-2.18127166945022,-0.499805762941301,0.144486877690712,"7 dBm"
-2.18141079995758,-0.499676853136244,0.144634043449223,"7 dBm"
-2.17573384333608,-0.502795890088795,0.148395428784952,"7 dBm"
-2.17629095824332,-0.502279701544295,0.148984718937492,"7 dBm"
-2.18083362002563,-0.498070749417734,0.153789734599164,"7 dBm"
-2.17083781087657,-0.505191370551829,0.152982839259407,"7 dBm"
-2.17100102679647,-0.505040144678959,0.153155481443433,"7 dBm"
-2.16166734571029,-0.50940639522585,0.16281515942142,"7 dBm"
-2.16217761424935,-0.508933611656329,0.16335489767166,"7 dBm"
-2.15645097079162,-0.512098685387546,0.167063726590529,"7 dBm"
-2.1518606378928,-0.514210923364628,0.171974491795597,"7 dBm"
-2.14417258171266,-0.519193321969377,0.173608629860998,"7 dBm"
-2.14684627202995,-0.516716044310153,0.176436734717729,"7 dBm"
-2.14292786186979,-0.518205719839204,0.182058228442203,"7 dBm"
-2.14020104649676,-0.516450453349201,0.198706340679123,"7 dBm"
-2.13284537381782,-0.518984002477643,0.210458263651594,"7 dBm"
-2.13243580429492,-0.51722260122183,0.219791245271116,"7 dBm"
-2.10612738571197,-0.533034837098813,0.231028248306258,"7 dBm"
-2.07074854765675,-0.544405868295575,0.291268215767487,"7 dBm"
-1.96214990836525,-0.600068165770622,0.381487950737821,"7 dBm"
-1.6125406550875,-0.0784412529621798,-0.123246401133741,"7 dBm"
-1.61782945931459,-0.0735409709545603,-0.117652150810809,"7 dBm"
-1.60334209784925,-0.0826823060291976,-0.113443795454628,"7 dBm"
-1.5781688820143,-0.0974427325817626,-0.101006027923966,"7 dBm"
-1.58473949556177,-0.0892139212950767,-0.0842897343649504,"7 dBm"
-1.58247569004908,-0.0891705415179347,-0.0769180770522579,"7 dBm"
-1.5761708763139,-0.0907304291241165,-0.0640546045247076,"7 dBm"
-1.56758167944706,-0.0965477694857873,-0.0633736510282827,"7 dBm"
-1.56426424429649,-0.0974806183863477,-0.0571164739816233,"7 dBm"
-1.56655899257615,-0.0953544452054216,-0.0546891963299474,"7 dBm"
-1.55481657418254,-0.101952484183472,-0.0475773682782117,"7 dBm"
-1.53614004596348,-0.117116127831813,-0.0575663231867254,"7 dBm"
-1.52955853332331,-0.121073270978664,-0.0547617349987577,"7 dBm"
-1.53416891624614,-0.116801572591861,-0.0498850870746837,"7 dBm"
-1.53858257794783,-0.108430377466072,-0.0256841113801725,"7 dBm"
-1.52897517748702,-0.115191122903329,-0.0260801661335879,"7 dBm"
-1.53075465837082,-0.113542364926408,-0.0241979142896148,"7 dBm"
-1.52323843798786,-0.116224667722321,-0.0126158111868968,"7 dBm"
-1.50404206557768,-0.131869967152794,-0.0231546330235884,"7 dBm"
-1.49199591306727,-0.1323267776997,0.0129345347003641,"7 dBm"
-1.49761844693911,-0.127117282247345,0.0188817886688778,"7 dBm"
-1.4879692864585,-0.133916719960753,0.0184415621151412,"7 dBm"
-1.47032947996897,-0.141697150906314,0.0388478185241651,"7 dBm"
-1.46505370805716,-0.144444474683222,0.0430335583255432,"7 dBm"
-1.46597483567299,-0.143591014262154,0.0440078841355164,"7 dBm"
-1.45293517144392,-0.153531885048518,0.0399813409258154,"7 dBm"
-1.46051070619885,-0.146512858617638,0.0479943880966849,"7 dBm"
-1.46347835365489,-0.143763218281298,0.0511334270980325,"7 dBm"
-1.45587587934354,-0.148666321969126,0.0528580896707768,"7 dBm"
-1.45656296890566,-0.148029706871589,0.0535848609483165,"7 dBm"
-1.45087027516742,-0.15116332487247,0.0573296002962833,"7 dBm"
-1.45123937033255,-0.150821343903024,0.0577200119390796,"7 dBm"
-1.44599944709755,-0.153535452492071,0.0619436707980008,"7 dBm"
-1.44807338913881,-0.15161386484517,0.0641373899140641,"7 dBm"
-1.43705252725767,-0.157543353760918,0.0720124467751039,"7 dBm"
-1.43825299810399,-0.156431071014887,0.073282248819456,"7 dBm"
-1.43186010747753,-0.160213448558721,0.0762863525719552,"7 dBm"
-1.42285959944019,-0.166411884654288,0.0765322403050019,"7 dBm"
-1.42156043412121,-0.165474728366979,0.0849242490021368,"7 dBm"
-1.42243533520862,-0.164664098615341,0.0858496785473811,"7 dBm"
-1.42667903092261,-0.160732150133185,0.0903384618524738,"7 dBm"
-1.41225646361184,-0.169813450913449,0.0946153534419092,"7 dBm"
-1.40732022744563,-0.172246181668256,0.0991602383114171,"7 dBm"
-1.40283576014493,-0.174260331067384,0.104182983206235,"7 dBm"
-1.39364091766811,-0.178497942264019,0.113989518186655,"7 dBm"
-1.40235989728312,-0.168278586586852,0.132978253123931,"7 dBm"
-1.39430387433172,-0.173601920660412,0.134223173108917,"7 dBm"
-1.38546500327809,-0.175368827257203,0.154172443199623,"7 dBm"
-1.39096953826253,-0.170268662345366,0.159994883451161,"7 dBm"
-1.39113264931705,-0.170117533634339,0.160167414713475,"7 dBm"
-1.35930518909816,-0.197466025254959,0.136268017590041,"7 dBm"
-1.35001301203022,-0.195371170863873,0.175270212029841,"7 dBm"
-1.33427150106535,-0.194970107607619,0.226983012313758,"7 dBm"
-0.950919572099337,0.301815558822773,-0.284144151937462,"7 dBm"
-0.819619960744566,0.237965230997175,-0.159339215037041,"7 dBm"
-0.817111285817698,0.237781729775697,-0.152226569164469,"7 dBm"
-0.801102280199339,0.225089649158218,-0.159393943139061,"7 dBm"
-0.810380956367954,0.233686702089525,-0.149579392453519,"7 dBm"
-0.800490860565129,0.228804911751845,-0.140508263999134,"7 dBm"
-0.788456048842422,0.219795075741175,-0.143471921116466,"7 dBm"
-0.7948093985923,0.225681700416747,-0.136751644213812,"7 dBm"
-0.789798800548242,0.223180070501296,-0.132285415868782,"7 dBm"
-0.784561021476201,0.2204679485623,-0.128059489014332,"7 dBm"
-0.779149471862977,0.217594821484931,-0.124017368529787,"7 dBm"
-0.759548452084677,0.201574600591636,-0.134984207470637,"7 dBm"
-0.771862745653767,0.212984270645993,-0.121958722348172,"7 dBm"
-0.773608891987752,0.214602142871113,-0.120111730235521,"7 dBm"
-0.771004295323251,0.214329766443656,-0.113100545901077,"7 dBm"
-0.762447118630273,0.208542094013548,-0.112385722958879,"7 dBm"
-0.752303297146706,0.203425217003186,-0.103582973690126,"7 dBm"
-0.746861746634678,0.200524292930823,-0.0995725867564211,"7 dBm"
-0.730975174147148,0.190086534637915,-0.0968442515289169,"7 dBm"
-0.731824721148056,0.190873672846181,-0.0959456403532878,"7 dBm"
-0.736988191763844,0.195657828407437,-0.0904839620760172,"7 dBm"
-0.737422532377919,0.196060261812975,-0.0900245368418389,"7 dBm"
-0.740000256878384,0.2027303899966,-0.067765529849483,"7 dBm"
-0.745160063697753,0.207511150908536,-0.0623077269651033,"7 dBm"
-0.720708909648509,0.186997092716308,-0.0784048116186851,"7 dBm"
-0.725159365487218,0.191120612464011,-0.0736973271016032,"7 dBm"
-0.714210371852463,0.183116828977026,-0.0755124565124156,"7 dBm"
-0.72930431814918,0.197101954968825,-0.0595467844400295,"7 dBm"
-0.683308241522855,0.160907457918085,-0.0789006725584429,"7 dBm"
-0.698460367877831,0.174946489987789,-0.062873460335254,"7 dBm"
-0.705298449747019,0.181282237750694,-0.0556404564155745,"7 dBm"
-0.706590384279048,0.182479265144882,-0.054273908352405,"7 dBm"
-0.715001564304263,0.190272549292045,-0.0453769546078698,"7 dBm"
-0.700034223392672,0.180686494665788,-0.0416762991129208,"7 dBm"
-0.697858940516968,0.182952777381238,-0.0244448015361807,"7 dBm"
-0.697736339975067,0.184980066515283,-0.0148082775192316,"7 dBm"
-0.675292840533004,0.166326178094267,-0.0287817588113891,"7 dBm"
-0.664579710962335,0.162822698371622,-0.0108149919225384,"7 dBm"
-0.695292032002959,0.191278853628192,0.0216710681625632,"7 dBm"
-0.656459066482195,0.15958037323394,0.000127779574075936,"7 dBm"
-0.679296100266254,0.180739769754285,0.0242837282792587,"7 dBm"
-0.626137258902711,0.144331343542205,0.0266520173018542,"7 dBm"
-0.0368241318396286,0.555189261884844,-0.223787239328226,"7 dBm"
-0.0064906993627857,0.537788577989621,-0.20704150302376,"7 dBm"
0.0108998191293803,0.528098238745442,-0.196137766552845,"7 dBm"
0.00710753354224768,0.531611938257177,-0.192126463816054,"7 dBm"
0.00644103995507007,0.532229470386031,-0.191421477999751,"7 dBm"
-0.0032295983356104,0.541189691408262,-0.181192328071395,"7 dBm"
0.0056375015853013,0.535114863100876,-0.180805327457933,"7 dBm"
0.0156784498321965,0.527952418843927,-0.181659968829077,"7 dBm"
0.0274029423551622,0.519230105593755,-0.184295384777172,"7 dBm"
0.0165462159454911,0.531430166493676,-0.163045441032975,"7 dBm"
0.028671500122754,0.524477387534636,-0.156338590541739,"7 dBm"
0.0339988174385066,0.52168230494408,-0.152207373063415,"7 dBm"
0.0538854094337315,0.505397490328578,-0.163476276969833,"7 dBm"
0.0452546649638546,0.513394209439769,-0.154347078201147,"7 dBm"
0.0376155182324485,0.520472174831218,-0.14626674524985,"7 dBm"
0.0520330107597218,0.509254692748735,-0.151750690940566,"7 dBm"
0.0418378119413218,0.518700939421666,-0.14096668536326,"7 dBm"
0.0647970628435941,0.501710070577996,-0.145719499334476,"7 dBm"
0.0554598003500431,0.510361406009024,-0.135842978768197,"7 dBm"
0.0552628079110649,0.510543927135334,-0.135634609358393,"7 dBm"
0.0510633803967748,0.514434859415486,-0.131192650889289,"7 dBm"
0.0680766744142943,0.500812266689493,-0.13942231426997,"7 dBm"
0.0634810218437615,0.505070316834233,-0.134561247425198,"7 dBm"
0.0596853172423188,0.508587184195181,-0.130546328214609,"7 dBm"
0.0742182777776897,0.4972627165299,-0.136152410576272,"7 dBm"
0.0710920373430435,0.502300182690626,-0.123079414173161,"7 dBm"
0.070379515183237,0.502960362075193,-0.122325741480536,"7 dBm"
0.0909579488381299,0.488175412645407,-0.124560238062203,"7 dBm"
0.0767317926273159,0.501356497503945,-0.109512473849487,"7 dBm"
0.073739499807584,0.504128972724518,-0.106347366132443,"7 dBm"
0.091031318788784,0.490248315829463,-0.114871640223052,"7 dBm"
0.0823140580494574,0.498325195615988,-0.105650928581601,"7 dBm"
0.0853277780999619,0.497673750521731,-0.0990724958741777,"7 dBm"
0.0935586202663327,0.492188439672907,-0.0980124914972986,"7 dBm"
0.0887082778555363,0.496682469821477,-0.0928820256239437,"7 dBm"
0.0882246922803583,0.497130530591254,-0.0923705113678006,"7 dBm"
0.0868718837777409,0.498383960077485,-0.0909395736590701,"7 dBm"
0.0755984341509837,0.508829247896396,-0.079015044690492,"7 dBm"
0.0937077819651114,0.494191118866111,-0.0884040626326861,"7 dBm"
0.0877827042930805,0.499680932870058,-0.0821367919497611,"7 dBm"
0.109944197571177,0.481288334085032,-0.0958119802807688,"7 dBm"
0.101183069318019,0.489405858822574,-0.0865448676301524,"7 dBm"
0.100364377812393,0.492305291504832,-0.0759126888083077,"7 dBm"
0.0970460831592636,0.49537982005354,-0.0724027515639347,"7 dBm"
0.0882691128485955,0.503512023071095,-0.0631188819241129,"7 dBm"
0.109916934967409,0.485595360515052,-0.0762507328719782,"7 dBm"
0.126090702560984,0.479173271401755,-0.0542937689277605,"7 dBm"
0.137535410063601,0.472851073097693,-0.0468670361874495,"7 dBm"
0.147834289393949,0.465449645699532,-0.0479945050229758,"7 dBm"
0.158976174552844,0.457267140742706,-0.0500136660872356,"7 dBm"
0.154288948741665,0.461610037042503,-0.0450557373415383,"7 dBm"
0.151707980475182,0.466142287415278,-0.0325595043941828,"7 dBm"
0.187721389617935,0.445619768379359,-0.0120555772160442,"7 dBm"
0.190156335224861,0.454068113372042,0.0341998766881005,"7 dBm"
0.187200155248983,0.458948011929483,0.0470929910733623,"7 dBm"
0.384108887760747,0.635278294457342,-0.121405907452451,"7 dBm"
0.383912036619933,0.639742451236889,-0.101665277202586,"7 dBm"
0.414126971600215,0.618169793291428,-0.104326610074306,"7 dBm"
0.420833195175245,0.622660633774974,-0.0625891146965921,"7 dBm"
0.436956313180003,0.60986282361072,-0.0698771914287527,"7 dBm"
0.452438710676671,0.597658665819081,-0.076487543905036,"7 dBm"
0.43673997015351,0.612204157091745,-0.0598821487210891,"7 dBm"
0.465447537979573,0.587746366639452,-0.0804814692531607,"7 dBm"
0.471314188255253,0.584451571167464,-0.076920733013258,"7 dBm"
0.454486294392848,0.600043266752968,-0.0591209721161018,"7 dBm"
0.485548435004301,0.57340387339755,-0.0822108498704608,"7 dBm"
0.477063468895103,0.587688173067227,-0.0439372332013298,"7 dBm"
0.457135587016715,0.608293010930532,-0.0130922444845241,"7 dBm"
0.492754657377475,0.577431445624384,-0.0410022298902623,"7 dBm"
0.466574673658386,0.601688214767278,-0.0133102647339878,"7 dBm"
0.50229315829708,0.570734538281258,-0.0413254059240134,"7 dBm"
0.504572068974303,0.570763922538272,-0.0339697261495268,"7 dBm"
0.490281853819037,0.588286127061984,0.000678206924147649,"7 dBm"
0.519247830603389,0.56572979398466,-0.0104282413966776,"7 dBm"
0.494995330100155,0.59034155854202,0.0249911271042569,"7 dBm"
0.490871939280691,0.594162039878712,0.0293526575056318,"7 dBm"
0.507737914525208,0.582816826988847,0.0310450261981125,"7 dBm"
0.533314861770674,0.561259677786464,0.0137571300338188,"7 dBm"
0.503360960092621,0.589013128122023,0.0454409695068857,"7 dBm"
0.511931422675032,0.585354029086383,0.0559079444045258,"7 dBm"
0.561522662256824,0.543687590993055,0.0229850555215428,"7 dBm"
0.531606349416968,0.575687980385272,0.0741615455742162,"7 dBm"
0.527014431681688,0.579942570060461,0.0790186618845347,"7 dBm"
0.592034392444917,0.526121707361006,0.039542196826853,"7 dBm"
0.57757198662486,0.53952168663495,0.0548398548522448,"7 dBm"
0.571804425215356,0.544865555719399,0.0609405121827608,"7 dBm"
0.663040674594656,0.486022235555093,0.0816295266868423,"7 dBm"
0.942324499020544,0.477291026819623,0.128391884442432,"7 dBm"
0.952198262928328,0.472424368615405,0.137480288013305,"7 dBm"
1.01919563347503,0.433898425431448,0.174041852352082,"7 dBm"
1.06341350804084,0.399351501478307,0.156568863398037,"7 dBm"
1.08983338970575,0.383435990737755,0.167687965986231,"7 dBm"
1.06874912730004,0.40297137667272,0.189989914915976,"7 dBm"
1.06906454413762,0.404820014039004,0.199422486852629,"7 dBm"
1.05937325644475,0.415940250818061,0.219439683904398,"7 dBm"
1.08387367689769,0.397521428679934,0.213056692697213,"7 dBm"
1.16867923853408,0.321086673694829,0.13311953198154,"7 dBm"
1.08993866089453,0.394042869331728,0.216407640781603,"7 dBm"
1.09602903724864,0.390540782980803,0.219731730015348,"7 dBm"
1.09468898123891,0.391782396788338,0.221149178732168,"7 dBm"
1.12723739895138,0.363765910119621,0.196487186413658,"7 dBm"
1.1024606320558,0.386722544514134,0.22269489429154,"7 dBm"
1.10914208291116,0.382672804739244,0.225393772498836,"7 dBm"
1.10796994724571,0.383758833842472,0.226633602911046,"7 dBm"
1.11231826416757,0.381870833043882,0.231800361323492,"7 dBm"
1.1194605099133,0.377394148951611,0.234011832197564,"7 dBm"
1.12755336838857,0.372036685338155,0.235217789284234,"7 dBm"
1.13370800020988,0.368475063807572,0.238473912083086,"7 dBm"
1.13615970224982,0.368344350172996,0.245646821216958,"7 dBm"
1.12477330483956,0.378894288488982,0.257690821080506,"7 dBm"
1.14797077604568,0.359541816019284,0.242919823638491,"7 dBm"
1.14908095227039,0.360654078023969,0.251511736180845,"7 dBm"
1.16334710284608,0.351717703408435,0.255954078093869,"7 dBm"
1.17778755352148,0.340478949712295,0.250445848345342,"7 dBm"
1.19551122088527,0.326198168560724,0.241464785186726,"7 dBm"
1.19052423144345,0.330818807477323,0.246739789913219,"7 dBm"
1.17749064987815,0.342894925725783,0.260526104314342,"7 dBm"
1.15877274380129,0.36237867413384,0.290091237088713,"7 dBm"
1.20308026327838,0.323466924126046,0.252991015631904,"7 dBm"
1.17229223541407,0.351993224687693,0.285557154862443,"7 dBm"
1.23319895733028,0.297701670557699,0.230899071624726,"7 dBm"
1.19152937297135,0.336310154769167,0.274975213555349,"7 dBm"
1.1980818137446,0.33237994783328,0.277810552607585,"7 dBm"
1.17530231374581,0.353486037072682,0.301905644759375,"7 dBm"
1.22669710738731,0.30800765298661,0.257308835400916,"7 dBm"
1.18780909734074,0.344038900837945,0.298442757818963,"7 dBm"
1.16548594920167,0.364722162399986,0.322055142268025,"7 dBm"
1.17957750690082,0.355947554848385,0.326682160378918,"7 dBm"
1.20883805897365,0.335259169640007,0.325030329212874,"7 dBm"
1.18787582176389,0.358963261075058,0.366735615882998,"7 dBm"
1.21339760477319,0.339598106960305,0.359272275022954,"7 dBm"
1.30801400567492,0.418473972095397,0.220485215526873,"7 dBm"
1.32296269557916,0.411046081635728,0.233971804336425,"7 dBm"
1.35898123328563,0.381955277643928,0.215405486161853,"7 dBm"
1.32743905794041,0.411180325062724,0.248769327407333,"7 dBm"
1.36331033903491,0.380085076740976,0.220592565256205,"7 dBm"
1.3516855466472,0.392996780524854,0.242654933352143,"7 dBm"
1.51066731422323,0.247834897109123,0.0842576432358803,"7 dBm"
1.44093846421297,0.314582261263862,0.167779772208159,"7 dBm"
1.38675186030531,0.364788249003542,0.225095833342825,"7 dBm"
1.4147872032624,0.340953300934724,0.20520756090951,"7 dBm"
1.37660290948571,0.37633252839964,0.245597125094374,"7 dBm"
1.64500916721803,0.13406638225984,-0.00901187439743421,"7 dBm"
1.42071155842225,0.344027689509219,0.23800587506358,"7 dBm"
1.41515045562491,0.35132114997691,0.253654355257349,"7 dBm"
1.4090888994604,0.356937416591393,0.2600659865212,"7 dBm"
1.48013426249837,0.293252018685482,0.194683721798565,"7 dBm"
1.46557159541374,0.308885777190958,0.219853636660517,"7 dBm"
1.39709834736572,0.372328894199242,0.292281443317263,"7 dBm"
1.39104923006486,0.380074519010396,0.308446122480906,"7 dBm"
1.60532408486898,0.190104098050009,0.120861000252822,"7 dBm"
1.59436511673529,0.200258006582405,0.132452885372506,"7 dBm"
1.55179472254391,0.239701126001518,0.17748186190992,"7 dBm"
1.53474668408046,0.25549679408841,0.195514481493572,"7 dBm"
1.4577216407122,0.326863480762209,0.276987978192474,"7 dBm"
1.40659510352817,0.374234198133758,0.331067243537049,"7 dBm"
1.64659660373909,0.154004393682205,0.0869710608175675,"7 dBm"
1.5899484972244,0.206491058947282,0.146890784550245,"7 dBm"
1.45953736463067,0.327322025495323,0.284833595306952,"7 dBm"
2.42841198798419,-0.566096081213081,-0.720464360929017,"7 dBm"
1.49336992878485,0.300256610685539,0.268579497953127,"7 dBm"
1.47805455484584,0.316587781251883,0.29454559100251,"7 dBm"
1.7238753871931,0.0931070234175804,0.054060195442756,"7 dBm"
1.58710662655305,0.219828578648592,0.198727808484458,"7 dBm"
1.51255091096895,0.295329987324415,0.306887980926111,"7 dBm"
1.49659364508051,0.318678545506351,0.362831652775361,"7 dBm"
1.84131359117089,0.00784569395372242,0.0372677998702161,"7 dBm"
1.57949782676901,0.250428142560673,0.314204298493544,"7 dBm"
2.64433163211906,-0.507554389002355,-0.567613509391184,"7 dBm"
2.66501107415662,-0.516010276754607,-0.540656232478736,"7 dBm"
2.66501107415662,-0.516010276754607,-0.540656232478736,"7 dBm"
2.6980981814167,-0.529539697158209,-0.497524589418817,"7 dBm"
2.71050584663923,-0.53461322980956,-0.481350223271348,"7 dBm"
2.73945706549181,-0.546451472662713,-0.44361003559392,"7 dBm"
2.75186473071434,-0.551525005314064,-0.427435669446451,"7 dBm"
2.76013650752936,-0.554907360414964,-0.416652758681471,"7 dBm"
2.77254417275189,-0.559980893066315,-0.400478392534002,"7 dBm"
2.78495183797443,-0.565054425717667,-0.384304026386532,"7 dBm"
2.78908772638194,-0.566745603268117,-0.378912571004042,"7 dBm"
2.80976716841949,-0.575201491020369,-0.351955294091593,"7 dBm"
2.80976716841949,-0.575201491020369,-0.351955294091593,"7 dBm"
2.81803894523451,-0.578583846121269,-0.341172383326614,"7 dBm"
2.84285427567958,-0.588730911423971,-0.308823651031675,"7 dBm"
2.84699016408709,-0.590422088974422,-0.303432195649186,"7 dBm"
2.8511260524946,-0.592113266524872,-0.298040740266696,"7 dBm"
2.85526194090211,-0.593804444075322,-0.292649284884206,"7 dBm"
2.86766960612464,-0.598877976726673,-0.276474918736737,"7 dBm"
2.88007727134717,-0.603951509378024,-0.260300552589268,"7 dBm"
2.92557204382979,-0.622554462432978,-0.20099454338188,"7 dBm"
2.93384382064481,-0.625936817533879,-0.190211632616901,"7 dBm"
2.99174625834996,-0.649613303240184,-0.114731257262044,"7 dBm"
2.99588214675747,-0.651304480790634,-0.109339801879554,"7 dBm"
3.06619224968515,-0.68005449914829,-0.0176850603772277,"7 dBm"
3.09514346853773,-0.691892742001442,0.0200551273002002,"7 dBm"
3.10341524535275,-0.695275097102343,0.0308380380651802,"7 dBm"
3.22749189757807,-0.746010423615853,0.192581699539874,"7 dBm"
-2.42678483453822,-0.411485717742892,-0.230624087227813,"9 dBm"
-2.41980963500566,-0.409384977189998,-0.198937307216224,"9 dBm"
-2.44496534267009,-0.386077239492771,-0.172328773475354,"9 dBm"
-2.42833703930107,-0.395061356896718,-0.16061880141399,"9 dBm"
-2.38582852544992,-0.4323062584976,-0.195816118665665,"9 dBm"
-2.42842252921198,-0.390700380610877,-0.140995963876736,"9 dBm"
-2.41892032657971,-0.395222772898839,-0.131514540126577,"9 dBm"
-2.40129648958121,-0.405129290778021,-0.120857597084447,"9 dBm"
-2.37416914352881,-0.419559411395429,-0.10072061216401,"9 dBm"
-2.38285703837114,-0.407227973678665,-0.0719985520994564,"9 dBm"
-2.36113931548965,-0.423068518713591,-0.075438135663007,"9 dBm"
-2.33278127944752,-0.447202454427011,-0.0956677377840355,"9 dBm"
-2.35895331360796,-0.422953050858178,-0.0679841812999561,"9 dBm"
-2.35936232692381,-0.422574084175638,-0.0675515461000067,"9 dBm"
-2.32277678102022,-0.452190243228289,-0.0867176190875153,"9 dBm"
-2.33682157670763,-0.43917719592069,-0.0718616895737309,"9 dBm"
-2.34358139281575,-0.432913964417476,-0.064711471524041,"9 dBm"
-2.32566450911004,-0.44737376799515,-0.0738969099131996,"9 dBm"
-2.33319784748245,-0.43825295486165,-0.0561622909574348,"9 dBm"
-2.34324896214132,-0.428940207744425,-0.0455306908807633,"9 dBm"
-2.34324896214132,-0.428940207744425,-0.0455306908807633,"9 dBm"
-2.32884756477298,-0.438001893752892,-0.0412314067140669,"9 dBm"
-2.30890891476709,-0.447912292274843,-0.0232567597070188,"9 dBm"
-2.30755986839921,-0.447021352711764,-0.0149175128558442,"9 dBm"
-2.2855567037178,-0.465267253918221,-0.0284252285852745,"9 dBm"
-2.29383049848704,-0.457601262533101,-0.01967359455378,"9 dBm"
-2.27683457259451,-0.471207763018438,-0.0278848867422836,"9 dBm"
-2.29032616678227,-0.454425511760135,0.00591830233756982,"9 dBm"
-2.29211363902525,-0.452769349479346,0.00780900706838476,"9 dBm"
-2.25681262215715,-0.483336225902975,-0.0197645561939683,"9 dBm"
-2.27520286657834,-0.462015185426966,0.0192201965198536,"9 dBm"
-2.25730737236243,-0.476455170813698,0.0100573829349206,"9 dBm"
-2.25058495748303,-0.480542865343831,0.0127129313090682,"9 dBm"
-2.23194131086173,-0.495676042917992,0.00275875702033343,"9 dBm"
-2.24177754212804,-0.484421510302949,0.0229292686206662,"9 dBm"
-2.25445457194337,-0.472675751063848,0.0363384392182461,"9 dBm"
-2.24806061874723,-0.461472930119541,0.107704855079452,"9 dBm"
-2.2170156186765,-0.485955558814214,0.0943993129385839,"9 dBm"
-2.22352146309788,-0.477786758632031,0.111047096738319,"9 dBm"
-2.16556491040393,-0.51435868368629,0.127873000887159,"9 dBm"
-2.1071314537251,-0.557795128615253,0.114895842806301,"9 dBm"
-2.14329999381978,-0.520001808456674,0.172685647104982,"9 dBm"
-2.12436367534783,-0.526842624695807,0.201486718786746,"9 dBm"
-2.08753825643615,-0.552399268811817,0.201599329622992,"9 dBm"
-2.08887290647443,-0.551162663846261,0.203011060155468,"9 dBm"
-2.08832929031352,-0.547384578707877,0.221968458645576,"9 dBm"
-2.09035078898317,-0.53908893201927,0.253405321058281,"9 dBm"
-2.05772935457307,-0.567173071487045,0.228666095084159,"9 dBm"
-2.03077192936995,-0.579304870569029,0.258749019499385,"9 dBm"
-2.04011736809675,-0.570645959541147,0.268634188503668,"9 dBm"
-2.06318598624469,-0.54927199113596,0.293035096342672,"9 dBm"
-2.00586420696936,-0.585255774026387,0.310532434193661,"9 dBm"
-2.01956293463124,-0.572563372151306,0.32502230909842,"9 dBm"
-2.00964537421539,-0.56890707637403,0.37312920736404,"9 dBm"
-1.96308510751837,-0.609906083953773,0.333646135016656,"9 dBm"
-1.96809294211576,-0.588139064907143,0.417072829970686,"9 dBm"
-1.89605975070232,-0.644176190929021,0.389710507084293,"9 dBm"
-1.74693910256691,-0.0481147492738728,-0.410799021319404,"9 dBm"
-1.73263097872682,-0.0292585310304576,-0.279440409825574,"9 dBm"
-1.69344430768309,-0.0591438500087627,-0.291591626462167,"9 dBm"
-1.69336174823543,-0.0420932782495786,-0.213549312798818,"9 dBm"
-1.66333724903728,-0.067771256636762,-0.235541621885056,"9 dBm"
-1.6475660904243,-0.0652567797893232,-0.174093976350552,"9 dBm"
-1.65376363107792,-0.0552327517061085,-0.148006096740826,"9 dBm"
-1.59963600863216,-0.0989614409791698,-0.175961154589311,"9 dBm"
-1.60672394408616,-0.0923941941904718,-0.168463867206397,"9 dBm"
-1.62236132297786,-0.0779055568465363,-0.151923377492923,"9 dBm"
-1.59429233840436,-0.0974899086047978,-0.152314824159617,"9 dBm"
-1.57461623177106,-0.107157050520965,-0.134062471023953,"9 dBm"
-1.49776785657582,-0.156951214430937,-0.117687044879877,"9 dBm"
-1.54424696723106,-0.109604751210745,-0.0489912001585548,"9 dBm"
-1.51548630937153,-0.125548198492862,-0.0305818562533879,"9 dBm"
-1.48424487048889,-0.143790185499738,-0.014796566755194,"9 dBm"
-1.44997289160413,-0.16484008522338,-0.00221684105885981,"9 dBm"
-1.44344459494643,-0.168747921700855,0.000644036512177918,"9 dBm"
-1.4329497487659,-0.176330919977578,-0.000690716913183154,"9 dBm"
-1.43375521388072,-0.175584625344526,0.000161266500314177,"9 dBm"
-1.44062021598545,-0.167083051654759,0.017188950538315,"9 dBm"
-1.44731619241297,-0.160878970088802,0.0242716419527857,"9 dBm"
-1.41190213588022,-0.187268815569487,0.016110920906539,"9 dBm"
-1.45375217967848,-0.148493128696385,0.0603779444114032,"9 dBm"
-1.38002042814396,-0.212526686330803,0.00192034843988119,"9 dBm"
-1.38002042814396,-0.212526686330803,0.00192034843988119,"9 dBm"
-1.43258453304389,-0.161683123492565,0.0672864109832622,"9 dBm"
-1.41776902958115,-0.173269378125924,0.0613814678971685,"9 dBm"
-1.42038531044354,-0.170845292550745,0.0641488477113659,"9 dBm"
-1.42109849647809,-0.170184498060512,0.0649032226197136,"9 dBm"
-1.40629052820051,-0.181763771052899,0.0590062499008772,"9 dBm"
-1.3709186148938,-0.205973685916282,0.0606563111419552,"9 dBm"
-1.37894231175154,-0.194257653363639,0.0886758135715068,"9 dBm"
-1.34977759988329,-0.214857238909569,0.0871253577017332,"9 dBm"
-1.3606414104353,-0.204791497563057,0.0986165895718008,"9 dBm"
-1.3504345877156,-0.212107630945133,0.0975864939234268,"9 dBm"
-1.31693418494661,-0.232442635506225,0.110982356831403,"9 dBm"
-1.33188291817016,-0.218592055052349,0.126794429290989,"9 dBm"
-1.33850993980202,-0.212451862775921,0.133804183540207,"9 dBm"
-1.30958454866588,-0.237111474963594,0.112974459674904,"9 dBm"
-1.30958454866588,-0.237111474963594,0.112974459674904,"9 dBm"
-1.29635649045516,-0.242945133500984,0.128281052401001,"9 dBm"
-1.3283350587434,-0.20261133468572,0.210937515485116,"9 dBm"
-1.2851423567142,-0.240490163139394,0.175016495904589,"9 dBm"
-1.22283375891246,-0.291798843015319,0.138407984068772,"9 dBm"
-1.30270963261341,-0.204945451881147,0.281494186962904,"9 dBm"
-1.18313842204674,-0.300746627726383,0.223380775954601,"9 dBm"
-1.21087824051233,-0.272903727976262,0.262488866669366,"9 dBm"
-1.18453910608457,-0.280180890130488,0.312758200514476,"9 dBm"
-1.13771064239972,-0.321428392609546,0.272991441908102,"9 dBm"
-0.831513503337778,0.236139759257874,-0.205356011559588,"9 dBm"
-0.793387721950282,0.220082695359911,-0.157787837725511,"9 dBm"
-0.744432380155014,0.185428091058023,-0.16073948815445,"9 dBm"
-0.747547549331952,0.192596182555306,-0.137911997261798,"9 dBm"
-0.747076745646987,0.200723497844909,-0.0993451708335779,"9 dBm"
-0.706179602130166,0.164971593284174,-0.132838055736056,"9 dBm"
-0.738664852194717,0.19507043596567,-0.0984766740586302,"9 dBm"
-0.72162558387396,0.187846426898659,-0.0774351963972543,"9 dBm"
-0.687219960910952,0.158109167616156,-0.104061653768061,"9 dBm"
-0.698383022000916,0.174874826036405,-0.0629552731947074,"9 dBm"
-0.697126858039679,0.177992708033287,-0.0447515745185706,"9 dBm"
-0.65094345325566,0.137342877615785,-0.0838360199196694,"9 dBm"
-0.674265503877122,0.163233427597268,-0.0396346327372834,"9 dBm"
-0.635974298505433,0.136318675540683,-0.0410724624212614,"9 dBm"
-0.643624428420372,0.14340681727717,-0.0329805119709263,"9 dBm"
-0.642273185899465,0.144295722019392,-0.0246435881079429,"9 dBm"
-0.65915876789334,0.162081751179303,0.00298339775214523,"9 dBm"
-0.61172401545928,0.122413381971863,-0.0276584596529074,"9 dBm"
-0.638163726754086,0.14905168206138,0.0100744383627727,"9 dBm"
-0.625115971621544,0.139103314739506,0.00603933697292303,"9 dBm"
-0.594003412112053,0.114558089607529,-0.00733766638977995,"9 dBm"
-0.604379082216831,0.124171549918848,0.00363723329302715,"9 dBm"
-0.622314990223036,0.140789863533668,0.0226089998488571,"9 dBm"
-0.616003252191636,0.137082677013056,0.0256989430296361,"9 dBm"
-0.603701353533597,0.127825374609704,0.0224527738150364,"9 dBm"
-0.634974841292278,0.156801472570466,0.0555324098690936,"9 dBm"
-0.568581783995615,0.110271915881178,0.0536683679677012,"9 dBm"
-0.563363691807481,0.118282451031453,0.106746144435973,"9 dBm"
-0.542340639371024,0.109508194932959,0.133339966302159,"9 dBm"
-0.54573616720804,0.121217816161515,0.175996417801889,"9 dBm"
-0.44499536104305,0.0514272726377109,0.176865750494494,"9 dBm"
-0.429215970527497,0.0560750055942396,0.248070893855911,"9 dBm"
0.39022385481205,0.332924304319211,0.115563944586284,"9 dBm"
0.570842631403792,0.227659625821074,0.207733780150023,"9 dBm"
0.562241340159547,0.237769938663413,0.226598029820329,"9 dBm"
0.576242974380506,0.229078648698042,0.231320164790403,"9 dBm"
0.565933499871912,0.240771659510772,0.251991251009746,"9 dBm"
0.605405043988111,0.206340628023228,0.220006298631308,"9 dBm"
0.570505126238698,0.238676753860321,0.256921803111508,"9 dBm"
0.575875927918868,0.235841381321524,0.261007024858239,"9 dBm"
0.648717395177675,0.170491823272936,0.193724924901406,"9 dBm"
0.583451522669662,0.230963182587881,0.262760119375876,"9 dBm"
0.58174194368107,0.232547173750854,0.264568432256891,"9 dBm"
0.589399763748824,0.227592790075594,0.266234552671082,"9 dBm"
0.595832649962498,0.223773355070757,0.269196350957721,"9 dBm"
0.603331305847607,0.218966443176827,0.271030827817325,"9 dBm"
0.60981041217802,0.215104183443239,0.273943736621222,"9 dBm"
0.616282652133344,0.211248285672178,0.276863908356285,"9 dBm"
0.665013649862269,0.168238011696052,0.235084738014955,"9 dBm"
0.621399248139581,0.20864844453835,0.281218017003047,"9 dBm"
0.620729881839108,0.209268638347361,0.281926041441426,"9 dBm"
0.605790312350905,0.223110728245429,0.297728420929364,"9 dBm"
0.627879250293128,0.204785354789923,0.284129978247033,"9 dBm"
0.61367732021685,0.217943993196281,0.299152117185087,"9 dBm"
0.636302053878876,0.199122184249353,0.284986934791883,"9 dBm"
0.634350688104602,0.200930200236216,0.287050998452432,"9 dBm"
0.662263350918886,0.177208920072399,0.267292491349617,"9 dBm"
0.63978463353708,0.198036322564681,0.291069429684412,"9 dBm"
0.637933721366956,0.19975126439567,0.293027238209901,"9 dBm"
0.623234711177138,0.213370466784382,0.30857516529709,"9 dBm"
0.635811365561939,0.203858592555994,0.305038372295492,"9 dBm"
0.66086871804038,0.18492375132038,0.298066284379532,"9 dBm"
0.666521400846387,0.186108971569722,0.321385755723277,"9 dBm"
0.697533334773627,0.161656979937993,0.308115189406045,"9 dBm"
0.71139012139838,0.159522546739173,0.342289152852442,"9 dBm"
0.693509221664487,0.178230776344375,0.370968939373972,"9 dBm"
0.693053955464299,0.180793481401845,0.381216703866034,"9 dBm"
0.753563553591483,0.133292527704379,0.356277295089593,"9 dBm"
0.727586934024382,0.157360872082015,0.383754151135361,"9 dBm"
0.727233209787802,0.159829494576411,0.393894509276513,"9 dBm"
0.734737855384373,0.157157916268495,0.405488855648159,"9 dBm"
0.710238050773949,0.179857934376137,0.431403605744536,"9 dBm"
0.942173337722397,0.317312107412981,0.196556636911907,"9 dBm"
0.948304812144213,0.313771942110162,0.199837254527366,"9 dBm"
0.928980184049001,0.331676958687237,0.220277944392287,"9 dBm"
0.970582099735406,0.295272055408115,0.186039584375209,"9 dBm"
0.969861535033053,0.295939686519924,0.186801764094055,"9 dBm"
0.935949117084288,0.327360855535424,0.222672737364275,"9 dBm"
0.934081325083331,0.329091437183614,0.224648400587165,"9 dBm"
0.963588633312318,0.303892656265623,0.203203151974714,"9 dBm"
0.985825409679087,0.285430304782433,0.189448332705401,"9 dBm"
0.946112480068445,0.322225872567718,0.231454816545559,"9 dBm"
0.986751788997298,0.28671286174139,0.198234657039044,"9 dBm"
0.954190375067928,0.316882273194272,0.232676601298685,"9 dBm"
0.987642491709044,0.288028474458368,0.207058718422248,"9 dBm"
0.963076196154445,0.310790099001684,0.233043799536744,"9 dBm"
0.957647849931187,0.31581967207469,0.238785650871856,"9 dBm"
0.956300251289067,0.317068274423337,0.240211077833257,"9 dBm"
0.998124966046314,0.28045693917372,0.205737051355389,"9 dBm"
0.964774954721292,0.311357016664376,0.241013137142276,"9 dBm"
0.9807674113205,0.298680269354259,0.233863267947926,"9 dBm"
0.97918625788646,0.300145269265663,0.235535738269986,"9 dBm"
0.973915034030454,0.305029262378402,0.241111392896731,"9 dBm"
0.984809823170815,0.297075701455385,0.239353598470774,"9 dBm"
0.975747370773909,0.305472414685574,0.248939437740129,"9 dBm"
0.99740553999813,0.287546165135518,0.235796642106985,"9 dBm"
0.997109059022023,0.287820866245719,0.236110245848986,"9 dBm"
0.992061938954774,0.29249721851627,0.241448853945213,"9 dBm"
0.98434535894107,0.299646928843576,0.249611092209298,"9 dBm"
1.00026093119614,0.287041417856845,0.242542547686566,"9 dBm"
0.992521973043759,0.294211862396578,0.250728456501527,"9 dBm"
0.992150056741115,0.294556457259222,0.251121852211943,"9 dBm"
0.990671637496713,0.295926269963947,0.252685655102031,"9 dBm"
0.982619137159257,0.30338722348495,0.261203214209722,"9 dBm"
0.98175078669507,0.3041917838304,0.262121714811391,"9 dBm"
0.999192961071805,0.29017181683653,0.253438401799335,"9 dBm"
0.994531953589678,0.294490420838748,0.258368598019972,"9 dBm"
1.00726315895517,0.284835349139358,0.254668328202723,"9 dBm"
1.01414707699911,0.280598015670561,0.257153046065556,"9 dBm"
1.01178852301208,0.282783307311235,0.25964781441716,"9 dBm"
1.02118379035203,0.276219111428611,0.259476144180343,"9 dBm"
1.01302794429684,0.283775818760765,0.26810301756589,"9 dBm"
1.00700214129054,0.2914998419748,0.284243035956649,"9 dBm"
1.04949258944055,0.386559172436868,0.0540992997174914,"9 dBm"
1.06998767004992,0.371851452832897,0.0519529700979164,"9 dBm"
1.01903738766824,0.425481513159045,0.135144416785036,"9 dBm"
1.14369390182613,0.314264190100396,0.0228209831839221,"9 dBm"
1.08217027980362,0.377690859220846,0.117196415165346,"9 dBm"
1.08488201415065,0.379460098865683,0.133860479407848,"9 dBm"
1.07282105113637,0.390635048346839,0.146618003290453,"9 dBm"
1.07967289012522,0.386427437365343,0.149136652880873,"9 dBm"
1.0526202800507,0.411492728632573,0.17775164147705,"9 dBm"
1.10807916769716,0.364389687291371,0.138622228270001,"9 dBm"
1.13874262050874,0.338119693627923,0.115954063866605,"9 dBm"
1.0938789726429,0.379687601418346,0.163408737132061,"9 dBm"
1.15161558802835,0.328333273800805,0.112103844657705,"9 dBm"
1.12240991723416,0.357534342521313,0.152762445565428,"9 dBm"
1.05152644762003,0.42535150646965,0.237505877277327,"9 dBm"
1.14033646092838,0.353770005018706,0.192397815037849,"9 dBm"
1.08564257653639,0.404446007779444,0.250250453797893,"9 dBm"
1.23707229394954,0.266281391410248,0.0998413699468727,"9 dBm"
1.15998848241538,0.339843412352196,0.191143234018731,"9 dBm"
1.14405903055041,0.35460266662093,0.207992664894488,"9 dBm"
1.19108288593432,0.313174126163108,0.168019230066299,"9 dBm"
1.17067956744023,0.332078591183808,0.18960090830083,"9 dBm"
1.16004826284027,0.341928906758335,0.200846206224111,"9 dBm"
1.10982908116356,0.38845892410089,0.253965713252455,"9 dBm"
1.20815389002858,0.301638946101017,0.169494728808659,"9 dBm"
1.11371750408575,0.389137916195272,0.26938513122731,"9 dBm"
1.20324893982702,0.310465339054727,0.194215366553616,"9 dBm"
1.19376128644312,0.321396900757623,0.214017168735436,"9 dBm"
1.22106289070046,0.300382673305297,0.204671216010013,"9 dBm"
1.16578230509263,0.355884044043103,0.28267685023793,"9 dBm"
1.25937820053388,0.277727354102557,0.222740300049852,"9 dBm"
1.31392782342347,0.240030314926942,0.223637485271445,"9 dBm"
1.22461315226026,0.461493961207938,0.152443464192718,"9 dBm"
1.46531881826596,0.257738786153593,-0.0142679110517256,"9 dBm"
1.41393711905913,0.309627687595837,0.0596136630727416,"9 dBm"
1.29643383886857,0.420639912120679,0.193669355018529,"9 dBm"
1.32354848129836,0.40193979533031,0.19428736693952,"9 dBm"
1.59997969703249,0.147956448139027,-0.0883424689611908,"9 dBm"
1.61339907733502,0.137663755700185,-0.0927706581149273,"9 dBm"
1.53030312455314,0.214655375136118,-0.0048756367217099,"9 dBm"
1.33564418203811,0.395014426572205,0.201025509410522,"9 dBm"
1.36527463126064,0.369701550753147,0.179450008001162,"9 dBm"
1.35090267381238,0.385158609392327,0.204418199108736,"9 dBm"
1.40774361795083,0.343197689026852,0.193125526482582,"9 dBm"
1.40846585012837,0.344669396220417,0.202127788135629,"9 dBm"
1.4200153000884,0.336109266686049,0.199677524042691,"9 dBm"
1.48425758749492,0.285149831764817,0.17078985072294,"9 dBm"
1.48123195568588,0.290094080136278,0.18375642801652,"9 dBm"
1.45421498136577,0.315126353496501,0.212333722774536,"9 dBm"
1.43694169888221,0.331130718894109,0.230604594972233,"9 dBm"
1.48110161123691,0.292355732603596,0.193660505441785,"9 dBm"
2.3953248807241,-0.552566660809478,-0.763596003988935,"9 dBm"
1.46970748382126,0.307194599640508,0.225245092043006,"9 dBm"
2.40773254594663,-0.557640193460829,-0.747421637841466,"9 dBm"
1.57317323753987,0.215611337070718,0.135336256022088,"9 dBm"
1.64338593797983,0.156979199891141,0.0903671532402327,"9 dBm"
1.50065174760728,0.289227956873383,0.241344719491496,"9 dBm"
1.52046609956317,0.273010075452944,0.230152227727789,"9 dBm"
1.57950480171374,0.220449314003946,0.17747004863182,"9 dBm"
1.50739922380198,0.289398808635193,0.263506169474403,"9 dBm"
1.76687748584824,0.0511230298025941,-0.0011916230813729,"9 dBm"
1.53768613502934,0.265618578622689,0.251002498337784,"9 dBm"
1.55345332350021,0.253150550960484,0.244090907258024,"9 dBm"
1.48064213520243,0.322753820950125,0.330873389841448,"9 dBm"
1.76772918439528,0.0610383145321376,0.0467385156845606,"9 dBm"
1.60796837642951,0.209062892335149,0.215726043522499,"9 dBm"
1.6390261313814,0.186709329034678,0.212173215012845,"9 dBm"
1.62037604165205,0.203989359683798,0.231900409669968,"9 dBm"
1.55081842347562,0.270578070910879,0.31524141759852,"9 dBm"
1.85337069121923,-0.00118479305411681,0.0342805672020484,"9 dBm"
2.49458620250436,-0.593154922020286,-0.634201074809181,"9 dBm"
1.6990048435944,0.15468644470363,0.256158788629325,"9 dBm"
2.64019574371155,-0.505863211451904,-0.573004964773674,"9 dBm"
2.65260340893408,-0.510936744103255,-0.556830598626205,"9 dBm"
2.69396229300919,-0.527848519607759,-0.502916044801307,"9 dBm"
2.70223406982421,-0.53123087470866,-0.492133134036328,"9 dBm"
2.70223406982421,-0.53123087470866,-0.492133134036328,"9 dBm"
2.70636995823172,-0.53292205225911,-0.486741678653838,"9 dBm"
2.71050584663923,-0.53461322980956,-0.481350223271348,"9 dBm"
2.72291351186177,-0.539686762460911,-0.465175857123879,"9 dBm"
2.72704940026928,-0.541377940011362,-0.459784401741389,"9 dBm"
2.7353211770843,-0.544760295112262,-0.44900149097641,"9 dBm"
2.73945706549181,-0.546451472662713,-0.44361003559392,"9 dBm"
2.74359295389932,-0.548142650213163,-0.43821858021143,"9 dBm"
2.76013650752936,-0.554907360414964,-0.416652758681471,"9 dBm"
2.7766800611594,-0.561672070616766,-0.395086937151512,"9 dBm"
2.78081594956692,-0.563363248167216,-0.389695481769022,"9 dBm"
2.78908772638194,-0.566745603268117,-0.378912571004042,"9 dBm"
2.78908772638194,-0.566745603268117,-0.378912571004042,"9 dBm"
2.80149539160447,-0.571819135919468,-0.362738204856573,"9 dBm"
2.80563128001198,-0.573510313469918,-0.357346749474083,"9 dBm"
2.813903056827,-0.576892668570819,-0.346563838709104,"9 dBm"
2.82631072204953,-0.58196620122217,-0.330389472561634,"9 dBm"
2.82631072204953,-0.58196620122217,-0.330389472561634,"9 dBm"
2.84285427567958,-0.588730911423971,-0.308823651031675,"9 dBm"
2.86353371771713,-0.597186799176223,-0.281866374119227,"9 dBm"
2.87180549453215,-0.600569154277124,-0.271083463354247,"9 dBm"
2.88421315975468,-0.605642686928475,-0.254909097206778,"9 dBm"
2.90075671338472,-0.612407397130276,-0.233343275676819,"9 dBm"
-2.44197331345722,-0.395272120328571,-0.204792217809366,"12 dBm"
-2.42785898190034,-0.404067828741628,-0.200189288822494,"12 dBm"
-2.37265552336166,-0.427384488975968,-0.131620264395612,"12 dBm"
-2.32460692146719,-0.465480730203618,-0.153145217966843,"12 dBm"
-2.37481202654893,-0.418963755371643,-0.100040600503816,"12 dBm"
-2.34894410720923,-0.434367851634564,-0.0883376579239262,"12 dBm"
-2.3267778796221,-0.442060420511669,-0.0531868282394527,"12 dBm"
-2.32479653869769,-0.439614443064921,-0.0357501879164314,"12 dBm"
-2.29859698197893,-0.457466697493092,-0.0341642410304408,"12 dBm"
-2.31090224025187,-0.446065398990653,-0.0211483130226374,"12 dBm"
-2.29931346701478,-0.452521079778891,-0.0138739662937941,"12 dBm"
-2.29176980498834,-0.455228808320598,-0.0023208896810616,"12 dBm"
-2.27026777817661,-0.470869502590707,-0.00553232000692529,"12 dBm"
-2.27012295569972,-0.468862802940322,0.00408069868411831,"12 dBm"
-2.25993261256234,-0.474022784065209,0.0128342395182908,"12 dBm"
-2.26301666352514,-0.471165291370328,0.016096404717408,"12 dBm"
-2.26144322323465,-0.470482261469691,0.0241982981480134,"12 dBm"
-2.24658933422779,-0.482104081796752,0.0182527526245166,"12 dBm"
-2.2520820113572,-0.474874020361252,0.0338288553396508,"12 dBm"
-2.23151951461288,-0.491785086911716,0.0218450109290011,"12 dBm"
-2.23995125557714,-0.483972752257987,0.0307637130754327,"12 dBm"
-2.23825887140794,-0.483399928468921,0.0387397932213571,"12 dBm"
-2.24524456970521,-0.476927408366659,0.0461289389105155,"12 dBm"
-2.24549050929647,-0.476699535807518,0.0463890823340119,"12 dBm"
-2.23859532813681,-0.480947304989379,0.0488618865985901,"12 dBm"
-2.22859860395614,-0.485927890649971,0.0578202285304348,"12 dBm"
-2.24131325788922,-0.474147271208197,0.071269196164135,"12 dBm"
-2.22431080658434,-0.483478051169411,0.0825834119976094,"12 dBm"
-2.19232225284142,-0.510975802180894,0.0585136176614769,"12 dBm"
-2.20204365079723,-0.501968550362467,0.0687964587950306,"12 dBm"
-2.20876900032982,-0.495737253476729,0.0759102197094279,"12 dBm"
-2.20858302924381,-0.493768679606812,0.0854797133218405,"12 dBm"
-2.21486789243303,-0.487945510382899,0.0921275483363782,"12 dBm"
-2.19988523192405,-0.49968664249536,0.0860457943267229,"12 dBm"
-2.18508475983089,-0.50697720341102,0.0996891610206354,"12 dBm"
-2.17669994596743,-0.51260517500214,0.100586301321037,"12 dBm"
-2.17782395890834,-0.511563733467505,0.101775229760745,"12 dBm"
-2.17492378479114,-0.512109973855724,0.108473766058086,"12 dBm"
-2.17492378479114,-0.512109973855724,0.108473766058086,"12 dBm"
-2.16887157436817,-0.515576697992874,0.11183822543288,"12 dBm"
-2.17108865758253,-0.513522484503736,0.114183352602523,"12 dBm"
-2.15227079187516,-0.522394432953297,0.133343512942026,"12 dBm"
-2.14602094552286,-0.526044274435501,0.136498922252944,"12 dBm"
-2.15951036782154,-0.513545802088036,0.150767403711203,"12 dBm"
-2.1269917798294,-0.541534650365245,0.126136963878934,"12 dBm"
-2.14103029422864,-0.528527422914479,0.140986249339189,"12 dBm"
-2.12269977791512,-0.536947823270454,0.160661905126593,"12 dBm"
-2.14628167957199,-0.515098277809347,0.185605740310293,"12 dBm"
-2.11471580855382,-0.542204396901386,0.161983040036995,"12 dBm"
-2.10862504157011,-0.543565961900045,0.175072921230302,"12 dBm"
-2.10960308764891,-0.54265976431798,0.176107452734453,"12 dBm"
-2.12010881451663,-0.532925801377331,0.187219920392328,"12 dBm"
-2.10494051413592,-0.544838936022732,0.180941805188776,"12 dBm"
-2.09811264989773,-0.546883450183224,0.193252019301048,"12 dBm"
-2.08774970271984,-0.554344238924157,0.192056782485954,"12 dBm"
-2.07809493373731,-0.559007989846143,0.201376828669922,"12 dBm"
-2.08181010518249,-0.553424856288641,0.215072768815023,"12 dBm"
-2.09543310645595,-0.540802617846121,0.229482543879681,"12 dBm"
-2.06432962092015,-0.565339435589945,0.216115138542932,"12 dBm"
-2.06665062118663,-0.558907172354744,0.238102594619961,"12 dBm"
-2.04525907914229,-0.574445498207628,0.23500802992555,"12 dBm"
-2.04032092527689,-0.574739122499294,0.249317091491676,"12 dBm"
-2.05816103274189,-0.553927805225801,0.287719935003977,"12 dBm"
-2.03935879352335,-0.564926158413817,0.297130419164855,"12 dBm"
-1.96198689545795,-0.61734626983029,0.303185882096395,"12 dBm"
-1.77797073108009,-0.00865832684518687,-0.329144186942843,"12 dBm"
-1.74823639435267,-0.0212221587478043,-0.292232344811237,"12 dBm"
-1.7261869774104,-0.0309473813228703,-0.266724163426637,"12 dBm"
-1.70077708117106,-0.0437862181535076,-0.244770540234326,"12 dBm"
-1.69068460280435,-0.0509964070627649,-0.245679687761682,"12 dBm"
-1.69543500378314,-0.0465949765227402,-0.240654935271599,"12 dBm"
-1.70062744243149,-0.0417839809570715,-0.235162615961197,"12 dBm"
-1.68575655756948,-0.0512806653166347,-0.231359933757879,"12 dBm"
-1.68585046676414,-0.0511936548096908,-0.231260600993803,"12 dBm"
-1.67617957305385,-0.0558723459166184,-0.221957610794429,"12 dBm"
-1.67924772627079,-0.0530295830991647,-0.218712261489056,"12 dBm"
-1.680857866919,-0.051537725410852,-0.217009129844462,"12 dBm"
-1.68446053135071,-0.0481997172456387,-0.213198399517686,"12 dBm"
-1.66979247174197,-0.0596493594362147,-0.218947383375113,"12 dBm"
-1.67179938372066,-0.0577898777390721,-0.216824565531456,"12 dBm"
-1.67246237157095,-0.0571755938112593,-0.216123287920046,"12 dBm"
-1.67317657108451,-0.0565138602934517,-0.215367841000882,"12 dBm"
-1.67398800742058,-0.0557620330925927,-0.214509541508189,"12 dBm"
-1.67418203748677,-0.0555822567194375,-0.214304305558091,"12 dBm"
-1.67731351319422,-0.0526808231613636,-0.210991976677022,"12 dBm"
-1.67036991167624,-0.0569734556810412,-0.208570389208065,"12 dBm"
-1.6705985233806,-0.0567616380804052,-0.20832857441477,"12 dBm"
-1.66089689820415,-0.0636096863670207,-0.208824295675635,"12 dBm"
-1.66131354034326,-0.0632236512841853,-0.20838359106242,"12 dBm"
-1.649663700268,-0.0718767961494775,-0.210940043134794,"12 dBm"
-1.65595805925204,-0.066044828703795,-0.204282163911597,"12 dBm"
-1.65816704850808,-0.0639981145805948,-0.201945598153369,"12 dBm"
-1.65855084402485,-0.0636425131658547,-0.201539637164563,"12 dBm"
-1.66168234581281,-0.0607410554431884,-0.198227280696759,"12 dBm"
-1.66301188102115,-0.0595091895657253,-0.196820960392726,"12 dBm"
-1.66309326787583,-0.0594337814918927,-0.196734873175554,"12 dBm"
-1.66595122289288,-0.0567857754498301,-0.193711861717663,"12 dBm"
-1.65259291088262,-0.0670218857500559,-0.198075455681421,"12 dBm"
-1.65467219451945,-0.0650953489079193,-0.195876086474812,"12 dBm"
-1.6560018414299,-0.0638633795341292,-0.194469648017504,"12 dBm"
-1.65829094135025,-0.0617424397769226,-0.192048344936738,"12 dBm"
-1.64208288136319,-0.0746189519784737,-0.199426269334172,"12 dBm"
-1.64791719000158,-0.069213239000644,-0.193255009899536,"12 dBm"
-1.6493926672752,-0.0678461521458175,-0.191694318888856,"12 dBm"
-1.64971098728413,-0.0675512163256515,-0.191357614836999,"12 dBm"
-1.65153358017807,-0.0658625134011521,-0.189429761120411,"12 dBm"
-1.65355353941448,-0.0639909429142696,-0.18729314249635,"12 dBm"
-1.64109121547431,-0.0733968855564806,-0.190709002088553,"12 dBm"
-1.64539640041648,-0.0694079649222937,-0.186155178347133,"12 dBm"
-1.64748515502286,-0.0674726528599679,-0.183945791190883,"12 dBm"
-1.63980404585346,-0.0724486147901424,-0.182304304901694,"12 dBm"
-1.6460663523922,-0.0666463451767467,-0.175680329259475,"12 dBm"
-1.63463104618715,-0.0751007161001327,-0.178009857414619,"12 dBm"
-1.63546837011237,-0.0743249030450189,-0.177124175238092,"12 dBm"
-1.63601860434058,-0.0738150897162084,-0.176542163146768,"12 dBm"
-1.63903983523939,-0.0710158022442933,-0.173346446079997,"12 dBm"
-1.64064700377479,-0.0695266983336412,-0.171646458197648,"12 dBm"
-1.62801161242997,-0.0790929946309804,-0.175245380414735,"12 dBm"
-1.63038424190867,-0.0768946615019822,-0.17273572366484,"12 dBm"
-1.63145884905602,-0.075898996349078,-0.171599054368154,"12 dBm"
-1.62322036182957,-0.0813913906422471,-0.170547136579097,"12 dBm"
-1.61328484411915,-0.0884561494227134,-0.171290258448401,"12 dBm"
-1.62193334598063,-0.0804429774002692,-0.162142276739478,"12 dBm"
-1.62294158605169,-0.0795088039146458,-0.161075807439243,"12 dBm"
-1.62338228930219,-0.0791004752799708,-0.160609652105153,"12 dBm"
-1.62354208808422,-0.0789524155177297,-0.160440624410126,"12 dBm"
-1.61391219862111,-0.0857339978868476,-0.160860466980776,"12 dBm"
-1.61490781186441,-0.0848115236463185,-0.159807353749752,"12 dBm"
-1.61561446965412,-0.0841567778278409,-0.159059884114175,"12 dBm"
-1.61908349309833,-0.0809425932148768,-0.155390512987967,"12 dBm"
-1.62028858687944,-0.0798260271406744,-0.154115821018919,"12 dBm"
-1.62105712212522,-0.0791139494619724,-0.153302900297655,"12 dBm"
-1.62551492956745,-0.074983618168804,-0.148587639597415,"12 dBm"
-1.60291167087536,-0.0937855297241349,-0.162730106769498,"12 dBm"
-1.60706965553176,-0.0899329958573394,-0.158331984621647,"12 dBm"
-1.60923708067182,-0.0879247924978122,-0.156039383445821,"12 dBm"
-1.61411117759172,-0.0834087528762915,-0.150883791161176,"12 dBm"
-1.61466686682158,-0.0828938852771163,-0.150296009023643,"12 dBm"
-1.61489913815687,-0.0826786768866478,-0.150050323243518,"12 dBm"
-1.61511344612422,-0.0824801122524921,-0.149823638275791,"12 dBm"
-1.61537137948055,-0.0822411270053738,-0.149550808407268,"12 dBm"
-1.61665001298895,-0.0810564235248647,-0.148198329546232,"12 dBm"
-1.61781694048548,-0.0799752199919078,-0.14696400809208,"12 dBm"
-1.59794380121138,-0.0962475701401211,-0.158218682337829,"12 dBm"
-1.60537105181029,-0.089365934724404,-0.150362483227898,"12 dBm"
-1.60716069979286,-0.0877077565365871,-0.14846947710126,"12 dBm"
-1.60929146393392,-0.0857335210129116,-0.146215654219497,"12 dBm"
-1.61110071816496,-0.0840571768763344,-0.144301909518109,"12 dBm"
-1.59420452368208,-0.0975712723469788,-0.152407710475193,"12 dBm"
-1.59820829702226,-0.0938616212388933,-0.148172705861764,"12 dBm"
-1.60067507728148,-0.0915760537642843,-0.145563460809534,"12 dBm"
-1.60492544631059,-0.087637922197155,-0.141067618783115,"12 dBm"
-1.60634947511516,-0.086318504342046,-0.139561347562285,"12 dBm"
-1.60657740957367,-0.0861073142359293,-0.139320249128051,"12 dBm"
-1.59091746067934,-0.098475980275939,-0.146118407187796,"12 dBm"
-1.5988573146796,-0.0911193979503292,-0.137720000119238,"12 dBm"
-1.60185406332176,-0.0883427942376619,-0.134550179241156,"12 dBm"
-1.60190716252888,-0.0882935957651701,-0.1344940133776,"12 dBm"
-1.60219445371115,-0.0880274093549757,-0.1341901301707,"12 dBm"
-1.6036197150326,-0.0867068495252335,-0.132682555251032,"12 dBm"
-1.58622154158352,-0.100686047955018,-0.141319326135015,"12 dBm"
-1.59012450958359,-0.0970697968997893,-0.13719094870652,"12 dBm"
-1.59154150528577,-0.0957568954865227,-0.135692116773231,"12 dBm"
-1.59260041084698,-0.0947757784614718,-0.134572055881696,"12 dBm"
-1.59346520871754,-0.0939745097316402,-0.133657313047784,"12 dBm"
-1.6003124583161,-0.0876302677123118,-0.126414611931767,"12 dBm"
-1.60175942535891,-0.0862895966908349,-0.124884077712883,"12 dBm"
-1.58701447507495,-0.0978104810707906,-0.130714392938652,"12 dBm"
-1.588027164484,-0.0968721851011544,-0.129643217336313,"12 dBm"
-1.58869491663928,-0.0962534868601926,-0.128936900265395,"12 dBm"
-1.58892799837287,-0.0960375276043064,-0.128690357283766,"12 dBm"
-1.58902995176834,-0.0959430638336744,-0.128582515739434,"12 dBm"
-1.58951744628177,-0.0954913812811697,-0.128066866790805,"12 dBm"
-1.59183569495973,-0.0933434340707939,-0.125614731514386,"12 dBm"
-1.59221882333511,-0.0929884507883991,-0.125209476196614,"12 dBm"
-1.59467729413793,-0.0907105823470557,-0.122609020499622,"12 dBm"
-1.59531732118468,-0.0901175724932374,-0.12193202975479,"12 dBm"
-1.59650962505423,-0.0890128567675806,-0.120670866357378,"12 dBm"
-1.57740041370704,-0.104577398096519,-0.131117493288779,"12 dBm"
-1.58325588670833,-0.0991520755165389,-0.124923847178643,"12 dBm"
-1.58482102923395,-0.0977019103320541,-0.123268312448398,"12 dBm"
-1.58490927428353,-0.0976201478749612,-0.123174970952688,"12 dBm"
-1.58540278293695,-0.0971628929887636,-0.122652960527411,"12 dBm"
-1.58770726984862,-0.0950276965879952,-0.120215381805217,"12 dBm"
-1.58773711928359,-0.095000039930117,-0.120183808465759,"12 dBm"
-1.58871731693786,-0.0940918488300297,-0.119147001125478,"12 dBm"
-1.58881068526949,-0.0940053394536292,-0.119048240461069,"12 dBm"
-1.58950687069468,-0.0933602966865828,-0.118311848004014,"12 dBm"
-1.57232561665468,-0.107138510880267,-0.126719171659049,"12 dBm"
-1.57421661178906,-0.105386430630059,-0.124718965244339,"12 dBm"
-1.57596447341226,-0.10376696912303,-0.122870158778796,"12 dBm"
-1.57879973976161,-0.101139985010561,-0.119871146334886,"12 dBm"
-1.57889835444035,-0.101048614690319,-0.119766836329315,"12 dBm"
-1.57935052605345,-0.1006296601734,-0.119288550296403,"12 dBm"
-1.58073383423549,-0.099347971552618,-0.117825351449978,"12 dBm"
-1.58091781197986,-0.099177509045055,-0.117630748376829,"12 dBm"
-1.5853503358771,-0.0950706039358116,-0.112942231430679,"12 dBm"
-1.58546827671428,-0.0949613271810713,-0.112817479116518,"12 dBm"
-1.57121301845481,-0.106028492929389,-0.118129820968996,"12 dBm"
-1.57207503995922,-0.105229796610364,-0.117218014845658,"12 dBm"
-1.57638784135367,-0.101233819038079,-0.112656134776424,"12 dBm"
-1.57846811502796,-0.0993063648878809,-0.110455718354387,"12 dBm"
-1.57905438582684,-0.0987631622802682,-0.109835588460162,"12 dBm"
-1.57999566087462,-0.0978910344829781,-0.108839951636804,"12 dBm"
-1.58119527323225,-0.0967795471599825,-0.107571057661736,"12 dBm"
-1.55904514206546,-0.115161618508704,-0.121234227681583,"12 dBm"
-1.56694297288357,-0.107843972289364,-0.112880270774207,"12 dBm"
-1.56818989568509,-0.106688650007268,-0.111561334019208,"12 dBm"
-1.56905639727334,-0.105885802716999,-0.110644789072231,"12 dBm"
-1.57070511433532,-0.104358202486854,-0.108900853097217,"12 dBm"
-1.57077745454201,-0.104291176482862,-0.108824335002157,"12 dBm"
-1.57128591865766,-0.103820064781529,-0.108286505386796,"12 dBm"
-1.57232658930329,-0.10285584311219,-0.107185732538072,"12 dBm"
-1.57282523220158,-0.102393831149223,-0.106658291348156,"12 dBm"
-1.57364404772963,-0.101635166841116,-0.105792186490512,"12 dBm"
-1.5738476712216,-0.10144650178732,-0.105576803062275,"12 dBm"
-1.57398778292165,-0.101316682869215,-0.105428599443912,"12 dBm"
-1.57425859185539,-0.101065767900811,-0.105142150390401,"12 dBm"
-1.57474780317444,-0.100612494661396,-0.104624685484905,"12 dBm"
-1.57729962134231,-0.0982481362700069,-0.101925491300981,"12 dBm"
-1.57781855965855,-0.0977673198160497,-0.101376582564986,"12 dBm"
-1.56347508953513,-0.108916217273696,-0.106782230810973,"12 dBm"
-1.5696167932657,-0.103225690834301,-0.100285823191628,"12 dBm"
-1.57155129162221,-0.101433303163444,-0.0982396010985078,"12 dBm"
-1.56147884781442,-0.108624929277715,-0.0991275570043028,"12 dBm"
-1.56647003352292,-0.104000402357474,-0.093848113662728,"12 dBm"
-1.55206259492487,-0.115208569085038,-0.0993214247762524,"12 dBm"
-1.55538868648235,-0.112126816402393,-0.0958032403302807,"12 dBm"
-1.55637605626301,-0.111211980049357,-0.0947588466493778,"12 dBm"
-1.55667519389163,-0.110934817447685,-0.0944424328243172,"12 dBm"
-1.56267236173196,-0.105378209109994,-0.0880989085252661,"12 dBm"
-1.56654534093443,-0.101789743837531,-0.0840022518475299,"12 dBm"
-1.55109885988685,-0.113960623647672,-0.090574613579921,"12 dBm"
-1.55141598669379,-0.113666793375373,-0.0902391716414496,"12 dBm"
-1.55171835269698,-0.113386639559587,-0.0899193429924053,"12 dBm"
-1.5569721433126,-0.108518799019436,-0.0843621284338596,"12 dBm"
-1.5457304410093,-0.116793788427531,-0.0864868714157671,"12 dBm"
-1.54586824697949,-0.116666105857467,-0.0863411066908588,"12 dBm"
-1.54587932925908,-0.116655837696093,-0.0863293843726343,"12 dBm"
-1.54985314493543,-0.112973943524122,-0.082126067578107,"12 dBm"
-1.55166237456708,-0.111297622179831,-0.0802123488968036,"12 dBm"
-1.55232022350989,-0.110688099648884,-0.0795165069819328,"12 dBm"
-1.5523808479774,-0.110631928731113,-0.0794523812490893,"12 dBm"
-1.54118195479851,-0.118867253826988,-0.0815318427367673,"12 dBm"
-1.54681522955335,-0.113647806530419,-0.0755732275634054,"12 dBm"
-1.54798865239445,-0.112560584809086,-0.0743320356368571,"12 dBm"
-1.53271186344243,-0.124574238318726,-0.0807249049888143,"12 dBm"
-1.53396317005703,-0.123414854263981,-0.0794013312409005,"12 dBm"
-1.53756163475721,-0.120080737312739,-0.0755950431941764,"12 dBm"
-1.5380170164065,-0.119658808572927,-0.0751133617347671,"12 dBm"
-1.53876190038321,-0.11896864471129,-0.0743254582223084,"12 dBm"
-1.53986525017833,-0.117946348381725,-0.0731583862940178,"12 dBm"
-1.54095581846441,-0.116935894615445,-0.0720048340495696,"12 dBm"
-1.54100069860942,-0.116894311422418,-0.0719573619264028,"12 dBm"
-1.54153820493986,-0.116396290983965,-0.0713888128114104,"12 dBm"
-1.54207070011731,-0.115902913572897,-0.0708255642602247,"12 dBm"
-1.54313914737794,-0.114912955793685,-0.0696954106042847,"12 dBm"
-1.5276651015361,-0.127109375453581,-0.076296929089802,"12 dBm"
-1.53252033192121,-0.122610816407441,-0.0711612929452965,"12 dBm"
-1.53288157104232,-0.122276114367126,-0.070779191059282,"12 dBm"
-1.53606110795649,-0.119330150239114,-0.0674160252764038,"12 dBm"
-1.51809888788022,-0.133831959720471,-0.0766494183628392,"12 dBm"
-1.51998398943703,-0.1320853400982,-0.0746554458994722,"12 dBm"
-1.52640356490073,-0.126137354733149,-0.067865118526988,"12 dBm"
-1.53239741754813,-0.120583818050142,-0.0615251008843257,"12 dBm"
-1.53376051215539,-0.119320858089473,-0.0600832830140814,"12 dBm"
-1.53886856802052,-0.114588046441497,-0.0546802198742675,"12 dBm"
-1.5200028336653,-0.129926996904941,-0.0648693082047923,"12 dBm"
-1.52396308032976,-0.126257674948157,-0.0606803440778783,"12 dBm"
-1.51775508633217,-0.129868738602337,-0.0574806652990784,"12 dBm"
-1.52141503700932,-0.126477652511433,-0.0536093402550026,"12 dBm"
-1.52256823690458,-0.125409168132867,-0.0523895392169097,"12 dBm"
-1.52517184865581,-0.122996820979982,-0.0496355601973218,"12 dBm"
-1.50974384361618,-0.135150582052978,-0.05618837887063,"12 dBm"
-1.51299790020032,-0.132135572563811,-0.0527463896581336,"12 dBm"
-1.51596243790715,-0.129388813530589,-0.049610640004395,"12 dBm"
-1.522395631744,-0.123428210215237,-0.0428059077522652,"12 dBm"
-1.50805188973805,-0.134577359582575,-0.0482118435829006,"12 dBm"
-1.50944445327587,-0.133287095516098,-0.0467388548530001,"12 dBm"
-1.51010040637531,-0.132679329557476,-0.0460450182727779,"12 dBm"
-1.51205423861362,-0.13086902829613,-0.0439783457016603,"12 dBm"
-1.51244828613644,-0.130503928000624,-0.0435615406192474,"12 dBm"
-1.51259102904502,-0.130371671165883,-0.0434105538312801,"12 dBm"
-1.51716624059219,-0.126132560421179,-0.0385711085471864,"12 dBm"
-1.51610341451919,-0.124976426666565,-0.0299291112238291,"12 dBm"
-1.49362127340172,-0.143666118096842,-0.0439434658771139,"12 dBm"
-1.49804895427048,-0.139563700241112,-0.0392600716605082,"12 dBm"
-1.50461065582762,-0.133484029544444,-0.032319409938332,"12 dBm"
-1.50504353667959,-0.133082948665056,-0.0318615287724007,"12 dBm"
-1.51438247172393,-0.124430063550924,-0.0219832390599405,"12 dBm"
-1.49473383380415,-0.138353521211324,-0.0232342410995394,"12 dBm"
-1.49829884290351,-0.13505040217033,-0.0194633408262423,"12 dBm"
-1.48521403423245,-0.145033101031112,-0.0235376357201234,"12 dBm"
-1.49187353564696,-0.138862814977776,-0.0164935258724071,"12 dBm"
-1.46928051552334,-0.153373473531306,-0.0110927528658483,"12 dBm"
-1.47802385381069,-0.145272431886283,-0.0018444576109452,"12 dBm"
-1.46660640456677,-0.153710257643387,-0.00415509750584794,"12 dBm"
-1.47037709123579,-0.150216570366042,-0.000166641096784217,"12 dBm"
-1.45364372327285,-0.163579800757973,-0.00810021175895901,"12 dBm"
-1.46047793345998,-0.157247640258486,-0.000871303123898413,"12 dBm"
-1.46335242686529,-0.15458431075899,0.00216920186937748,"12 dBm"
-1.44414938129857,-0.153108726841669,0.0697529626737541,"12 dBm"
-1.35419610307315,-0.20648155795743,0.111331454496513,"12 dBm"
-1.11277930022956,0.366149536042291,-0.503584690263579,"12 dBm"
-1.11334398691323,0.366672740130988,-0.502987391039249,"12 dBm"
-1.11714490510677,0.370194438086988,-0.498966957134223,"12 dBm"
-1.07911503244196,0.347803587478966,-0.480595950976616,"12 dBm"
-1.0266767033743,0.331330693393638,-0.389569691324303,"12 dBm"
-1.02897623346163,0.335602180390359,-0.377371150550262,"12 dBm"
-1.0202518150149,0.329659551996355,-0.376833228131282,"12 dBm"
-1.01255153640257,0.328947595406144,-0.355679608085653,"12 dBm"
-0.995170546350486,0.317125201345105,-0.354531998024775,"12 dBm"
-0.998814186086634,0.320501174717279,-0.350677925932979,"12 dBm"
-1.00058677776332,0.322143549576914,-0.348802961170828,"12 dBm"
-1.00118644979068,0.322699168941894,-0.348168656082441,"12 dBm"
-0.993287139490734,0.317521035211043,-0.346757972767339,"12 dBm"
-0.994595378100138,0.320874052250279,-0.335607973862577,"12 dBm"
-0.966268931936076,0.298910269068425,-0.346037956535317,"12 dBm"
-0.983896991041895,0.3152433487508,-0.327391818181336,"12 dBm"
-0.97928610859001,0.315252954102433,-0.312736584185274,"12 dBm"
-0.951083415404055,0.295544716134785,-0.313269461583055,"12 dBm"
-0.952902412841689,0.297230087729728,-0.311345410972374,"12 dBm"
-0.968789150933212,0.31194976603261,-0.294541160733038,"12 dBm"
-0.926815806835987,0.275200719941521,-0.329172400391328,"12 dBm"
-0.937806572563034,0.287524973461749,-0.307780676111811,"12 dBm"
-0.939190835514302,0.290948429998947,-0.296550262205708,"12 dBm"
-0.909542882612957,0.272041986200554,-0.288845662741758,"12 dBm"
-0.912701249325367,0.274968335316487,-0.285504889810452,"12 dBm"
-0.936376749680221,0.296904603597338,-0.260462050291572,"12 dBm"
-0.909165652329635,0.273833351014674,-0.279478474183641,"12 dBm"
-0.9009298931568,0.268343484368873,-0.27842367078676,"12 dBm"
-0.907417874276079,0.276495733509619,-0.261794781954448,"12 dBm"
-0.909388986155494,0.27832204502787,-0.259709831785282,"12 dBm"
-0.908476505538857,0.283899246243737,-0.231376395754997,"12 dBm"
-0.915280725213345,0.290203619371412,-0.224179209684779,"12 dBm"
-0.899013635102405,0.279413296758951,-0.221853368243438,"12 dBm"
-0.881740051580294,0.265549535723194,-0.230358353716334,"12 dBm"
-0.891545775517236,0.27463491882998,-0.219986316494789,"12 dBm"
-0.875361856904003,0.263921657832254,-0.217572500124158,"12 dBm"
-0.871590267979364,0.262568017865849,-0.211795705747787,"12 dBm"
-0.860198112517717,0.254153627777911,-0.214079591060078,"12 dBm"
-0.866385606918811,0.259886581047506,-0.207534748206153,"12 dBm"
-0.854591899682984,0.251100137684452,-0.210243376247786,"12 dBm"
-0.853405311772543,0.252141601302082,-0.201732288421036,"12 dBm"
-0.846999366303345,0.250488011226433,-0.188975788322678,"12 dBm"
-0.836334911162563,0.244888746963023,-0.180723741042493,"12 dBm"
-0.830433927093343,0.241562139901209,-0.177199321487298,"12 dBm"
-0.831577346978776,0.242621562721787,-0.175989865287242,"12 dBm"
-0.824450052981118,0.238158732003345,-0.173762579151744,"12 dBm"
-0.817758974440046,0.23624095509039,-0.161307679511811,"12 dBm"
-0.801654136661651,0.227741848835507,-0.14904400997486,"12 dBm"
-0.799539818080437,0.227923734045863,-0.141514232361483,"12 dBm"
-0.788122408079098,0.219485944648526,-0.14382483074742,"12 dBm"
-0.781678909413523,0.217797560081602,-0.131108052667866,"12 dBm"
-0.796423699607611,0.231459179417812,-0.115511701628368,"12 dBm"
-0.778162190774381,0.216680067308527,-0.125061668396365,"12 dBm"
-0.77199205985257,0.213104085260888,-0.121821939822794,"12 dBm"
-0.723567310687655,0.189645512015127,-0.0753813283794276,"12 dBm"
-0.146921161228744,0.607958109262342,-0.331954457470494,"12 dBm"
-0.0238748133698326,0.498232667658435,-0.442574732294829,"12 dBm"
-0.148608961840806,0.620226338344403,-0.281338154993278,"12 dBm"
-0.117530160420643,0.593571508104266,-0.304445655773656,"12 dBm"
-0.0631468744596209,0.568873886251335,-0.244775296214714,"12 dBm"
-0.0556439362412297,0.566203889895448,-0.2331791438581,"12 dBm"
-0.0274370122768383,0.550773498519136,-0.214184086077228,"12 dBm"
-0.0218784385727502,0.547764147925786,-0.210297480815498,"12 dBm"
0.0327255545648636,0.499312316180394,-0.258288831651876,"12 dBm"
-0.00204062971719651,0.537947182636265,-0.192216168745115,"12 dBm"
0.0380243747318555,0.505107170445079,-0.215062650622009,"12 dBm"
0.0125854515953652,0.528677318249096,-0.188154544770316,"12 dBm"
0.0282623613735832,0.522715587150276,-0.165672027813609,"12 dBm"
0.101176629031838,0.461580343282732,-0.21349872233727,"12 dBm"
0.0445592286899957,0.516179441374818,-0.143845273012076,"12 dBm"
0.054915210266913,0.508725106533037,-0.145033141939494,"12 dBm"
0.115092946641159,0.457249869034716,-0.18915393313782,"12 dBm"
0.0773136576358585,0.492253843888836,-0.149192764101615,"12 dBm"
0.0531232769916803,0.518948935275954,-0.104072897939593,"12 dBm"
0.145893072949039,0.437275891939328,-0.182668048940088,"12 dBm"
0.0858395318415942,0.492917824283024,-0.119146215401065,"12 dBm"
0.133344464420984,0.451043547166389,-0.159628511238403,"12 dBm"
0.0400791001854337,0.53745752028281,-0.060976760938995,"12 dBm"
0.110380574875354,0.478743130321483,-0.106039764980032,"12 dBm"
0.112630754937715,0.478799134606205,-0.0986536953017857,"12 dBm"
0.134284583703443,0.467299556516285,-0.0824932843524753,"12 dBm"
0.145431208433298,0.46125354344908,-0.0747512535644045,"12 dBm"
0.156463055536469,0.455313876299548,-0.0668878163586303,"12 dBm"
0.15377217387303,0.45994796569271,-0.0542753221488012,"12 dBm"
0.173551136653925,0.445903756999631,-0.0556641757452105,"12 dBm"
0.190233634389856,0.432587659843761,-0.0635439382549872,"12 dBm"
0.178329781148267,0.443617041034002,-0.0509525977588073,"12 dBm"
0.204848003695924,0.423328647084338,-0.0594699258662299,"12 dBm"
0.18859170718104,0.438390735583364,-0.0422747739711577,"12 dBm"
0.195982184209101,0.433684055591397,-0.040325870564458,"12 dBm"
0.304283694247772,0.337620277451177,-0.135349743972573,"12 dBm"
0.279408830690006,0.360667802203523,-0.109038274022862,"12 dBm"
0.207299369268562,0.42748001177121,-0.0327642505342837,"12 dBm"
0.219836062386157,0.420146046490741,-0.0264925692227885,"12 dBm"
0.218583896407468,0.423447110065334,-0.0154018813303126,"12 dBm"
0.180850430232988,0.458408628291498,0.0245108184536565,"12 dBm"
0.262902758183888,0.386665734263539,-0.0427478949927564,"12 dBm"
0.253287547932946,0.410560782059749,0.0357860617868971,"12 dBm"
0.27383287465141,0.395806507489147,0.0335865841777345,"12 dBm"
0.212338742979849,0.459205852656967,0.127930822642013,"12 dBm"
0.378244832977789,0.365432164979935,0.225896846405567,"12 dBm"
1.67234974493369,-0.237194274022592,-0.0191162013154302,"12 dBm"
1.90108606620839,-0.44698645377042,-0.251296603416845,"12 dBm"
1.74181290237943,-0.299413697151764,-0.0828248827921569,"12 dBm"
1.64691751296073,-0.211489442555074,0.017551032085041,"12 dBm"
1.62227079383055,-0.188653302453333,0.043621181505021,"12 dBm"
1.84125607369084,-0.389410764569929,-0.17824502399556,"12 dBm"
1.64108405372173,-0.203943633292948,0.0334875982139777,"12 dBm"
1.6179193719085,-0.18248065818031,0.0579901177155615,"12 dBm"
1.6130504928887,-0.177969453145382,0.0631401907489534,"12 dBm"
1.6022746516863,-0.167985218809258,0.0745383727458748,"12 dBm"
1.77560229528569,-0.326439112127865,-0.0990333156143985,"12 dBm"
1.73522353602124,-0.289026627373715,-0.0563225482356735,"12 dBm"
1.66587645524772,-0.224773870492501,0.0170295579029294,"12 dBm"
1.5895826462314,-0.154084700774204,0.0977295890255209,"12 dBm"
1.82245537721063,-0.367709424360098,-0.138826114246402,"12 dBm"
1.7943553046156,-0.341673618488328,-0.109103168673174,"12 dBm"
1.75036353240355,-0.300913537268097,-0.0625707247904643,"12 dBm"
1.61054642850132,-0.171367573910159,0.085321283510854,"12 dBm"
1.56708864738283,-0.131102256125223,0.131288896532121,"12 dBm"
1.8963809324308,-0.434063431903063,-0.207254911862583,"12 dBm"
1.86930845913557,-0.408979736592331,-0.178618912878404,"12 dBm"
1.7061782601082,-0.257833287438657,-0.00606740039949223,"12 dBm"
1.70345364226641,-0.255308823455018,-0.0031854267837401,"12 dBm"
1.61029320407766,-0.168992068385854,0.0953553376394646,"12 dBm"
1.57458666069716,-0.135908572652428,0.133124053073118,"12 dBm"
1.6827840862414,-0.234016795762001,0.0284440702370385,"12 dBm"
1.62643461868484,-0.181806831061073,0.0880479076150247,"12 dBm"
1.75901181945599,-0.302503860404452,-0.0424198638364088,"12 dBm"
1.68922215264333,-0.237841030411938,0.0314003891622625,"12 dBm"
1.65608812318359,-0.207141068486724,0.0664480194102931,"12 dBm"
1.62747690548415,-0.180631666873675,0.0967116304236879,"12 dBm"
1.7270732356603,-0.270770641913482,0.00112948491992694,"12 dBm"
1.62858233143874,-0.179515003559692,0.105308567580118,"12 dBm"
1.61843777727491,-0.17011568112122,0.116039003605025,"12 dBm"
1.60894219063421,-0.161317652234291,0.12608299206637,"12 dBm"
1.58776808942039,-0.139558143877475,0.15824617344457,"12 dBm"
1.58448040885437,-0.136511980466485,0.161723728536121,"12 dBm"
2.48959686715252,-0.737946669303979,-0.512087701840035,"12 dBm"
2.49786864396755,-0.74132902440488,-0.501304791075056,"12 dBm"
2.49786864396755,-0.74132902440488,-0.501304791075056,"12 dBm"
2.51027630919008,-0.746402557056231,-0.485130424927586,"12 dBm"
2.51441219759759,-0.748093734606681,-0.479738969545097,"12 dBm"
2.5185480860051,-0.749784912157132,-0.474347514162607,"12 dBm"
2.52681986282012,-0.753167267258033,-0.463564603397627,"12 dBm"
2.53922752804265,-0.758240799909384,-0.447390237250158,"12 dBm"
2.54336341645016,-0.759931977459834,-0.441998781867668,"12 dBm"
2.54749930485767,-0.761623155010284,-0.436607326485178,"12 dBm"
2.55577108167269,-0.765005510111185,-0.425824415720199,"12 dBm"
2.58472230052527,-0.776843752964337,-0.38808422804277,"12 dBm"
2.5971299657478,-0.781917285615688,-0.371909861895301,"12 dBm"
2.60540174256282,-0.785299640716589,-0.361126951130322,"12 dBm"
2.61367351937784,-0.78868199581749,-0.350344040365342,"12 dBm"
2.61780940778535,-0.79037317336794,-0.344952584982853,"12 dBm"
2.61780940778535,-0.79037317336794,-0.344952584982853,"12 dBm"
2.62194529619287,-0.79206435091839,-0.339561129600363,"12 dBm"
2.62608118460038,-0.793755528468841,-0.334169674217873,"12 dBm"
2.63021707300789,-0.795446706019291,-0.328778218835383,"12 dBm"
2.6343529614154,-0.797137883569741,-0.323386763452894,"12 dBm"
2.6343529614154,-0.797137883569741,-0.323386763452894,"12 dBm"
2.63848884982291,-0.798829061120192,-0.317995308070404,"12 dBm"
2.63848884982291,-0.798829061120192,-0.317995308070404,"12 dBm"
2.65503240345295,-0.805593771321993,-0.296429486540445,"12 dBm"
2.65503240345295,-0.805593771321993,-0.296429486540445,"12 dBm"
2.66330418026797,-0.808976126422894,-0.285646575775465,"12 dBm"
2.66744006867548,-0.810667303973344,-0.280255120392975,"12 dBm"
2.67157595708299,-0.812358481523795,-0.274863665010485,"12 dBm"
2.67157595708299,-0.812358481523795,-0.274863665010485,"12 dBm"
2.6757118454905,-0.814049659074245,-0.269472209627996,"12 dBm"
2.67984773389801,-0.815740836624695,-0.264080754245506,"12 dBm"
2.67984773389801,-0.815740836624695,-0.264080754245506,"12 dBm"
2.70052717593557,-0.824196724376947,-0.237123477333057,"12 dBm"
2.72534250638063,-0.834343789679649,-0.204774745038118,"12 dBm"
2.75429372523321,-0.846182032532801,-0.16703455736069,"12 dBm"
2.83372905192023,-0.731831481157214,-0.19210173344502,"12 dBm"
2.83786494032774,-0.733522658707665,-0.18671027806253,"12 dBm"
2.85027260555027,-0.738596191359016,-0.17053591191506,"12 dBm"
2.86681615918032,-0.745360901560817,-0.148970090385101,"12 dBm"
2.88335971281036,-0.752125611762618,-0.127404268855142,"12 dBm"
2.89163148962538,-0.755507966863519,-0.116621358090163,"12 dBm"
2.89576737803289,-0.75719914441397,-0.111229902707673,"12 dBm"
2.8999032664404,-0.75889032196442,-0.105838447325183,"12 dBm"
2.90403915484791,-0.76058149951487,-0.100446991942693,"12 dBm"
2.90817504325542,-0.762272677065321,-0.0950555365602036,"12 dBm"
2.91644682007044,-0.765655032166221,-0.0842726257952245,"12 dBm"
2.92058270847796,-0.767346209716672,-0.0788811704127344,"12 dBm"
2.92471859688547,-0.769037387267122,-0.0734897150302446,"12 dBm"
2.92885448529298,-0.770728564817572,-0.0680982596477547,"12 dBm"
2.94539803892302,-0.777493275019374,-0.0465324381177957,"12 dBm"
2.95366981573804,-0.780875630120274,-0.0357495273528164,"12 dBm"
2.95366981573804,-0.780875630120274,-0.0357495273528164,"12 dBm"
2.95366981573804,-0.780875630120274,-0.0357495273528164,"12 dBm"
2.96194159255306,-0.784257985221175,-0.0249666165878367,"12 dBm"
2.96607748096057,-0.785949162771626,-0.0195751612053468,"12 dBm"
2.96607748096057,-0.785949162771626,-0.0195751612053468,"12 dBm"
2.97021336936808,-0.787640340322076,-0.0141837058228568,"12 dBm"
2.97434925777559,-0.789331517872526,-0.00879225044036778,"12 dBm"
2.97434925777559,-0.789331517872526,-0.00879225044036778,"12 dBm"
2.98262103459062,-0.792713872973427,0.00199066032461217,"12 dBm"
2.98262103459062,-0.792713872973427,0.00199066032461217,"12 dBm"
2.98262103459062,-0.792713872973427,0.00199066032461217,"12 dBm"
2.98675692299813,-0.794405050523877,0.00738211570710203,"12 dBm"
2.99089281140564,-0.796096228074328,0.0127735710895921,"12 dBm"
3.00743636503568,-0.802860938276129,0.0343393926195509,"12 dBm"
3.0157081418507,-0.806243293377029,0.04512230338453,"12 dBm"
3.01984403025821,-0.80793447092748,0.05051375876702,"12 dBm"
3.02811580707323,-0.811316826028381,0.0612966695319998,"12 dBm"
3.03225169548074,-0.813008003578831,0.066688124914489,"12 dBm"
3.03638758388825,-0.814699181129281,0.0720795802969788,"12 dBm"
3.03638758388825,-0.814699181129281,0.0720795802969788,"12 dBm"
3.04465936070328,-0.818081536230182,0.0828624910619588,"12 dBm"
3.0529311375183,-0.821463891331083,0.0936454018269378,"12 dBm"
3.05706702592581,-0.823155068881533,0.0990368572094279,"12 dBm"
3.05706702592581,-0.823155068881533,0.0990368572094279,"12 dBm"
3.06120291433332,-0.824846246431983,0.104428312591918,"12 dBm"
3.06533880274083,-0.826537423982434,0.109819767974408,"12 dBm"
3.07361057955585,-0.829919779083334,0.120602678739387,"12 dBm"
3.11083357522345,-0.845140377037388,0.169125777181795,"12 dBm"
3.11083357522345,-0.845140377037388,0.169125777181795,"12 dBm"
3.15632834770606,-0.863743330092341,0.228431786389182,"12 dBm"
3.18114367815113,-0.873890395395043,0.260780518684121,"12 dBm"
3.18114367815113,-0.873890395395043,0.260780518684121,"12 dBm"
3.22749189757807,-0.746010423615853,0.192581699539874,"12 dBm"
3.24817133961562,-0.754466311368105,0.219538976452322,"12 dBm"
3.25644311643064,-0.757848666469006,0.230321887217301,"12 dBm"
3.2771225584682,-0.766304554221257,0.25727916412975,"12 dBm"
3.2771225584682,-0.766304554221257,0.25727916412975,"12 dBm"
3.2771225584682,-0.766304554221257,0.25727916412975,"12 dBm"
3.28125844687571,-0.767995731771708,0.26267061951224,"12 dBm"
3.28539433528322,-0.769686909322158,0.26806207489473,"12 dBm"
3.29366611209824,-0.773069264423059,0.278844985659709,"12 dBm"
3.30193788891326,-0.776451619523959,0.289627896424689,"12 dBm"
3.31434555413579,-0.78152515217531,0.305802262572158,"12 dBm"
3.3184814425433,-0.783216329725761,0.311193717954648,"12 dBm"
3.33088910776583,-0.788289862377112,0.327368084102118,"12 dBm"
3.33088910776583,-0.788289862377112,0.327368084102118,"12 dBm"
3.33502499617334,-0.789981039927562,0.332759539484607,"12 dBm"
3.33502499617334,-0.789981039927562,0.332759539484607,"12 dBm"
3.34329677298837,-0.793363395028463,0.343542450249587,"12 dBm"
3.34329677298837,-0.793363395028463,0.343542450249587,"12 dBm"
3.34743266139588,-0.795054572578913,0.348933905632077,"12 dBm"
3.34743266139588,-0.795054572578913,0.348933905632077,"12 dBm"
3.35156854980339,-0.796745750129364,0.354325361014567,"12 dBm"
3.3557044382109,-0.798436927679814,0.359716816397056,"12 dBm"
3.3557044382109,-0.798436927679814,0.359716816397056,"12 dBm"
3.3557044382109,-0.798436927679814,0.359716816397056,"12 dBm"
3.36811210343343,-0.803510460331165,0.375891182544526,"12 dBm"
3.37224799184094,-0.805201637881615,0.381282637927015,"12 dBm"
3.37224799184094,-0.805201637881615,0.381282637927015,"12 dBm"
3.38051976865596,-0.808583992982516,0.392065548691995,"12 dBm"
3.38465565706347,-0.810275170532966,0.397457004074485,"12 dBm"
3.38465565706347,-0.810275170532966,0.397457004074485,"12 dBm"
3.38879154547098,-0.811966348083417,0.402848459456974,"12 dBm"
3.40947098750854,-0.820422235835669,0.429805736369423,"12 dBm"
3.41360687591605,-0.822113413386119,0.435197191751913,"12 dBm"
3.41774276432356,-0.823804590936569,0.440588647134403,"12 dBm"
3.42601454113858,-0.82718694603747,0.451371557899382,"12 dBm"
3.43842220636111,-0.832260478688821,0.467545924046851,"12 dBm"
3.44255809476862,-0.833951656239271,0.472937379429341,"12 dBm"
3.46737342521369,-0.844098721541973,0.50528611172428,"12 dBm"
3.4715093136212,-0.845789899092424,0.51067756710677,"12 dBm"
3.49632464406626,-0.855936964395126,0.543026299401708,"12 dBm"
3.5128681976963,-0.862701674596927,0.564592120931667,"12 dBm"
